timestamp,host,process_name,process_create_count,file_create_count,file_delete_count,file_rename_like,network_connections,registry_events,module_loads,unsigned_process_events,suspicious_extension_events,shadow_copy_events,event_count,label,family,run
2024-10-16 16:40:00,NT AUTHORITY\NETWORK SERVICE,,1,6,0,0,0,5,2,0,0,0,17,0,Goodware,goodware:Goodware
2024-10-16 16:40:00,NT AUTHORITY\LOCAL SERVICE,,16,10,0,0,0,17,1,0,0,0,47,0,Goodware,goodware:Goodware
2024-10-16 16:40:00,NT AUTHORITY\SYSTEM,,14,35,4,0,2,37,19,0,0,0,123,0,Goodware,goodware:Goodware
2024-10-16 16:40:00,-\-,,0,0,0,0,0,0,0,0,0,0,8,0,Goodware,goodware:Goodware
2024-10-16 16:45:00,NT AUTHORITY\SYSTEM,,21,494,4301,0,1,784,44,0,0,0,5653,0,Goodware,goodware:Goodware
2024-10-16 16:45:00,NT AUTHORITY\NETWORK SERVICE,,0,12,0,0,4,0,5,0,0,0,24,0,Goodware,goodware:Goodware
2024-10-16 16:45:00,NT AUTHORITY\LOCAL SERVICE,,3,19,1,0,0,441,4,0,0,0,468,0,Goodware,goodware:Goodware
2024-10-16 16:45:00,-\-,,0,0,0,0,0,0,0,0,0,0,20,0,Goodware,goodware:Goodware
2024-10-16 16:45:00,WINDEV2407EVAL\User,,18,7,28,0,0,22,121,0,0,0,221,0,Goodware,goodware:Goodware
2024-10-16 16:45:00,WINDEV2407EVAL\End-user,,24,11,30,0,3,69,152,4,0,0,336,0,Goodware,goodware:Goodware
2024-10-16 16:50:00,WINDEV2407EVAL\End-user,,20,7852,11,0,46,24,208,12,0,0,8466,0,Goodware,goodware:Goodware
2024-10-16 16:50:00,WINDEV2407EVAL\User,,12,0,1,0,0,13,9,0,0,0,56,0,Goodware,goodware:Goodware
2024-10-16 16:50:00,NT AUTHORITY\SYSTEM,,2,2,2,0,1,5,5,0,0,0,20,0,Goodware,goodware:Goodware
2024-10-16 16:50:00,NT AUTHORITY\LOCAL SERVICE,,3,0,0,0,0,0,0,0,0,0,3,0,Goodware,goodware:Goodware
2024-10-16 16:50:00,-\-,,0,0,0,0,0,0,0,0,0,0,8,0,Goodware,goodware:Goodware
2024-10-16 16:50:00,NT AUTHORITY\NETWORK SERVICE,,2,0,0,0,0,0,4,0,0,0,6,0,Goodware,goodware:Goodware
2024-10-16 16:55:00,NT AUTHORITY\SYSTEM,,0,9,0,0,1,0,7,0,0,0,18,0,Goodware,goodware:Goodware
2024-10-16 16:55:00,WINDEV2407EVAL\End-user,,6,14618,10,0,1,11,191,93,0,0,15237,0,Goodware,goodware:Goodware
2024-10-16 16:55:00,-\-,,0,0,0,0,0,0,0,0,0,0,6,0,Goodware,goodware:Goodware
2024-10-16 17:00:00,WINDEV2407EVAL\End-user,,3,164,14,0,11,4,94,67,0,0,345,0,Goodware,goodware:Goodware
2024-10-16 17:00:00,NT AUTHORITY\SYSTEM,,1,5,3,0,1,8,5,0,0,0,23,0,Goodware,goodware:Goodware
2024-10-16 17:00:00,-\-,,0,0,0,0,0,0,0,0,0,0,12,0,Goodware,goodware:Goodware
2024-10-16 17:00:00,WINDEV2407EVAL\User,,0,0,4,0,0,0,0,0,0,0,4,0,Goodware,goodware:Goodware
2024-10-16 17:00:00,NT AUTHORITY\NETWORK SERVICE,,0,0,0,0,4,0,1,0,0,0,5,0,Goodware,goodware:Goodware
2024-10-16 17:05:00,WINDEV2407EVAL\End-user,,1,2,7,0,0,2,3,2,0,0,20,0,Goodware,goodware:Goodware
2024-10-16 17:05:00,-\-,,0,0,0,0,0,0,0,0,0,0,1,0,Goodware,goodware:Goodware
2024-10-17 12:20:00,NT AUTHORITY\SYSTEM,,30,48,2,0,1,520,41,0,0,0,658,0,Goodware,goodware:Goodware
2024-10-17 12:20:00,-\-,,0,0,0,0,0,0,0,0,0,0,11,0,Goodware,goodware:Goodware
2024-10-17 12:20:00,NT AUTHORITY\NETWORK SERVICE,,1,8,0,0,0,3,3,0,0,0,18,0,Goodware,goodware:Goodware
2024-10-17 12:20:00,NT AUTHORITY\LOCAL SERVICE,,19,13,2,0,0,18,3,0,0,0,58,0,Goodware,goodware:Goodware
2024-10-17 12:20:00,WINDEV2407EVAL\User,,17,8,14,0,0,21,100,0,0,0,184,0,Goodware,goodware:Goodware
2024-10-17 12:25:00,NT AUTHORITY\SYSTEM,,8,95,77,0,1,365,19,0,0,0,567,0,Goodware,goodware:Goodware
2024-10-17 12:25:00,NT AUTHORITY\LOCAL SERVICE,,4,20,0,0,0,93,3,0,0,0,120,0,Goodware,goodware:Goodware
2024-10-17 12:25:00,WINDEV2407EVAL\User,,11,9,4,0,0,14,8,0,0,0,66,0,Goodware,goodware:Goodware
2024-10-17 12:25:00,NT AUTHORITY\NETWORK SERVICE,,1,9,0,0,6,0,6,0,0,0,24,0,Goodware,goodware:Goodware
2024-10-17 12:25:00,WINDEV2407EVAL\End-user,,20,21,27,0,0,64,123,3,0,0,295,0,Goodware,goodware:Goodware
2024-10-17 12:25:00,-\-,,0,0,0,0,0,0,0,0,0,0,11,0,Goodware,goodware:Goodware
2024-10-17 12:30:00,WINDEV2407EVAL\End-user,,15,79423,7,0,0,22,128,17,0,0,79792,0,Goodware,goodware:Goodware
2024-10-17 12:30:00,NT AUTHORITY\SYSTEM,,1,13,6,0,0,6,9,0,0,0,36,0,Goodware,goodware:Goodware
2024-10-17 12:30:00,NT AUTHORITY\LOCAL SERVICE,,2,0,0,0,0,0,1,0,0,0,3,0,Goodware,goodware:Goodware
2024-10-17 12:30:00,-\-,,0,0,0,0,0,0,0,0,0,0,3,0,Goodware,goodware:Goodware
2024-10-17 12:30:00,WINDEV2407EVAL\User,,0,0,0,0,0,0,0,0,0,0,1,0,Goodware,goodware:Goodware
2024-10-17 12:30:00,NT AUTHORITY\NETWORK SERVICE,,1,4,0,0,0,0,1,0,0,0,6,0,Goodware,goodware:Goodware
2024-10-17 12:30:00,End-user\C:\Users\End-user\anaconda3\_conda.exe,,0,1335,99,0,0,1,52,0,0,0,1591,0,Goodware,goodware:Goodware
2024-10-17 12:30:00,SYSTEM\C:\ProgramData\Microsoft\Windows Defender\Platform\4.18.24080.9-0\MsMpEng.exe,,0,0,8,0,0,1,0,0,0,0,9,0,Goodware,goodware:Goodware
2024-10-17 12:30:00,SYSTEM\C:\Windows\system32\services.exe,,0,0,0,0,0,9,0,0,0,0,9,0,Goodware,goodware:Goodware
2024-10-17 12:30:00,SYSTEM\C:\Windows\system32\MpSigStub.exe,,0,0,2,0,0,0,0,0,0,0,2,0,Goodware,goodware:Goodware
2024-10-17 12:30:00,SYSTEM\C:\Windows\system32\svchost.exe,,0,4,4,0,0,0,0,0,0,0,8,0,Goodware,goodware:Goodware
2024-10-17 12:30:00,End-user\C:\Users\End-user\Downloads\Anaconda3-2024.06-1-Windows-x86_64.exe,,0,2,0,0,0,0,1,0,0,0,3,0,Goodware,goodware:Goodware
2024-10-17 12:30:00,SYSTEM\C:\ProgramData\Microsoft\Windows Defender\Platform\4.18.24080.9-0\MpDefenderCoreService.exe,,0,0,0,0,1,0,0,0,0,0,1,0,Goodware,goodware:Goodware
2024-10-17 12:30:00,End-user\C:\Windows\System32\cmd.exe,,1,0,0,0,0,0,0,0,0,0,1,0,Goodware,goodware:Goodware
2024-10-17 12:30:00,End-user\C:\Windows\system32\cmd.exe,,0,0,0,0,0,1,0,0,0,0,1,0,Goodware,goodware:Goodware
2024-10-17 12:30:00,SYSTEM\C:\Windows\System32\svchost.exe,,0,0,0,0,0,6,0,0,0,0,6,0,Goodware,goodware:Goodware
2024-10-17 12:30:00,User\C:\Program Files (x86)\Microsoft\EdgeWebView\Application\129.0.2792.89\msedgewebview2.exe,,0,0,2,0,0,0,0,0,0,0,2,0,Goodware,goodware:Goodware
2024-10-17 12:35:00,End-user\C:\Users\End-user\anaconda3\_conda.exe,,0,21,100,0,0,2,2,0,0,0,127,0,Goodware,goodware:Goodware
2024-10-17 12:35:00,End-user\C:\Program Files (x86)\Microsoft\Edge\Application\msedge.exe,,1,0,0,0,4,11,1,0,0,0,17,0,Goodware,goodware:Goodware
2024-10-17 12:35:00,End-user\C:\Windows\System32\cmd.exe,,3,0,0,0,0,0,0,0,0,0,3,0,Goodware,goodware:Goodware
2024-10-17 12:35:00,End-user\C:\Windows\system32\cmd.exe,,0,0,0,0,0,4,0,0,0,0,4,0,Goodware,goodware:Goodware
2024-10-17 12:35:00,End-user\C:\Users\End-user\anaconda3\python.exe,,0,0,0,0,0,0,0,0,0,0,1,0,Goodware,goodware:Goodware
2024-10-17 12:35:00,End-user\C:\Users\End-user\Downloads\Anaconda3-2024.06-1-Windows-x86_64.exe,,0,2,5,0,0,2,2,0,0,0,12,0,Goodware,goodware:Goodware
2024-10-17 12:35:00,End-user\C:\Users\End-user\anaconda3\pythonw.exe,,1,0,0,0,0,0,2,0,0,0,4,0,Goodware,goodware:Goodware
2024-10-17 12:35:00,SYSTEM\C:\Windows\System32\svchost.exe,,2,36,0,0,0,12,3,0,0,0,53,0,Goodware,goodware:Goodware
2024-10-17 12:35:00,LOCAL SERVICE\C:\Windows\system32\svchost.exe,,0,0,0,0,0,2,0,0,0,0,3,0,Goodware,goodware:Goodware
2024-10-17 12:35:00,LOCAL SERVICE\C:\Windows\System32\svchost.exe,,0,2,0,0,0,0,0,0,0,0,2,0,Goodware,goodware:Goodware
2024-10-17 12:35:00,SYSTEM\C:\Windows\system32\svchost.exe,,0,3,0,0,0,25,0,0,0,0,28,0,Goodware,goodware:Goodware
2024-10-17 12:35:00,NETWORK SERVICE\C:\Windows\System32\wbem\WmiPrvSE.exe,,1,0,0,0,0,0,1,0,0,0,2,0,Goodware,goodware:Goodware
2024-10-17 12:35:00,SYSTEM\C:\Windows\System32\taskhostw.exe,,0,0,0,0,0,0,8,0,0,0,8,0,Goodware,goodware:Goodware
2024-10-17 12:35:00,SYSTEM\System,,0,1,0,0,0,0,0,0,0,0,1,0,Goodware,goodware:Goodware
2024-10-17 12:35:00,SYSTEM\C:\Windows\system32\services.exe,,0,1,0,0,0,10,0,0,0,0,11,0,Goodware,goodware:Goodware
2024-10-17 12:35:00,SYSTEM\C:\Windows\System32\provtool.exe,,0,0,0,0,0,0,3,0,0,0,3,0,Goodware,goodware:Goodware
2024-10-17 12:35:00,SYSTEM\C:\ProgramData\Microsoft\Windows Defender\Platform\4.18.24080.9-0\MpDefenderCoreService.exe,,0,0,0,0,1,0,0,0,0,0,1,0,Goodware,goodware:Goodware
2024-10-17 12:35:00,SYSTEM\C:\ProgramData\Microsoft\Windows Defender\Platform\4.18.24080.9-0\MpCmdRun.exe,,0,1,0,0,0,0,8,0,0,0,9,0,Goodware,goodware:Goodware
2024-10-17 12:35:00,SYSTEM\C:\Windows\System32\rundll32.exe,,2,0,0,0,0,0,0,0,0,0,2,0,Goodware,goodware:Goodware
2024-10-17 12:35:00,LOCAL SERVICE\C:\Windows\System32\sc.exe,,1,0,0,0,0,0,0,0,0,0,1,0,Goodware,goodware:Goodware
2024-10-17 12:35:00,End-user\C:\Windows\System32\rundll32.exe,,1,0,0,0,0,0,0,0,0,0,1,0,Goodware,goodware:Goodware
2024-10-17 12:35:00,User\C:\Windows\System32\rundll32.exe,,1,0,0,0,0,0,0,0,0,0,1,0,Goodware,goodware:Goodware
2024-10-17 12:35:00,End-user\C:\Windows\System32\SecurityHealth\1.0.2402.27001-0\SecurityHealthHost.exe,,0,0,0,0,0,0,0,0,0,0,1,0,Goodware,goodware:Goodware
2024-10-17 12:35:00,SYSTEM\C:\ProgramData\Microsoft\Windows Defender\Platform\4.18.24080.9-0\MsMpEng.exe,,0,0,0,0,0,1,0,0,0,0,1,0,Goodware,goodware:Goodware
2024-10-17 12:35:00,-\C:\Windows\system32\taskhostw.exe,,0,0,0,0,0,0,0,0,0,0,2,0,Goodware,goodware:Goodware
2024-10-17 12:35:00,SYSTEM\C:\Windows\Microsoft.NET\Framework64\v4.0.30319\NGenTask.exe,,0,2,0,0,0,0,0,0,0,0,2,0,Goodware,goodware:Goodware
2024-10-17 12:35:00,-\C:\Windows\Microsoft.NET\Framework64\v4.0.30319\NGenTask.exe,,0,0,0,0,0,0,0,0,0,0,2,0,Goodware,goodware:Goodware
2024-10-17 12:35:00,SYSTEM\C:\Windows\Microsoft.NET\Framework64\v4.0.30319\ngen.exe,,0,4,0,0,0,0,1,0,0,0,5,0,Goodware,goodware:Goodware
2024-10-17 12:35:00,SYSTEM\C:\Windows\Microsoft.NET\Framework\v4.0.30319\NGenTask.exe,,0,2,0,0,0,0,0,0,0,0,2,0,Goodware,goodware:Goodware
2024-10-17 12:35:00,-\C:\Windows\Microsoft.NET\Framework\v4.0.30319\NGenTask.exe,,0,0,0,0,0,0,0,0,0,0,2,0,Goodware,goodware:Goodware
2024-10-17 12:35:00,SYSTEM\C:\Windows\Microsoft.NET\Framework\v4.0.30319\ngen.exe,,0,4,0,0,0,0,1,0,0,0,5,0,Goodware,goodware:Goodware
2024-10-17 12:35:00,End-user\C:\Windows\system32\taskhostw.exe,,0,0,1,0,0,0,0,0,0,0,1,0,Goodware,goodware:Goodware
2024-10-17 12:35:00,SYSTEM\C:\Windows\Microsoft.NET\Framework64\v4.0.30319\mscorsvw.exe,,0,50,0,0,0,0,0,0,0,0,50,0,Goodware,goodware:Goodware
2024-10-17 12:35:00,-\C:\Windows\Explorer.EXE,,0,0,0,0,0,0,0,0,0,0,3,0,Goodware,goodware:Goodware
2024-10-17 12:35:00,-\C:\Program Files (x86)\Microsoft\Edge\Application\msedge.exe,,0,0,0,0,0,0,0,0,0,0,2,0,Goodware,goodware:Goodware
2024-10-17 12:40:00,End-user\C:\Program Files (x86)\Microsoft\Edge\Application\msedge.exe,,0,3,1,0,0,33,6,0,0,0,53,0,Goodware,goodware:Goodware
2024-10-17 12:40:00,-\C:\Program Files (x86)\Microsoft\Edge\Application\msedge.exe,,0,0,0,0,0,0,0,0,0,0,1,0,Goodware,goodware:Goodware
2024-10-17 12:40:00,End-user\C:\Users\End-user\anaconda3\python.exe,,1,0,0,0,6,1,44,0,0,0,81,0,Goodware,goodware:Goodware
2024-10-17 12:40:00,SYSTEM\C:\Windows\System32\svchost.exe,,0,0,0,0,0,18,1,0,0,0,19,0,Goodware,goodware:Goodware
2024-10-17 12:40:00,-\C:\Windows\Explorer.EXE,,0,0,0,0,0,0,0,0,0,0,3,0,Goodware,goodware:Goodware
2024-10-17 12:40:00,End-user\C:\Users\End-user\anaconda3\Scripts\conda.exe,,1,0,0,0,0,0,0,0,0,0,16,0,Goodware,goodware:Goodware
2024-10-17 12:40:00,End-user\C:\Users\End-user\anaconda3\pythonw.exe,,1,0,0,0,30,3,3,0,0,0,72,0,Goodware,goodware:Goodware
2024-10-17 12:40:00,SYSTEM\System,,0,2,0,0,0,0,0,0,0,0,2,0,Goodware,goodware:Goodware
2024-10-17 12:40:00,SYSTEM\C:\Windows\system32\svchost.exe,,0,0,0,0,0,26,0,0,0,0,26,0,Goodware,goodware:Goodware
2024-10-17 12:40:00,SYSTEM\C:\Windows\System32\taskhostw.exe,,0,0,0,0,0,0,2,0,0,0,2,0,Goodware,goodware:Goodware
2024-10-17 12:40:00,End-user\C:\Windows\System32\RuntimeBroker.exe,,0,0,0,0,0,0,3,0,0,0,3,0,Goodware,goodware:Goodware
2024-10-17 12:40:00,End-user\C:\Windows\System32\cmd.exe,,1,0,0,0,0,0,0,0,0,0,1,0,Goodware,goodware:Goodware
2024-10-17 12:40:00,End-user\C:\Windows\system32\cmd.exe,,0,0,0,0,0,1,0,0,0,0,1,0,Goodware,goodware:Goodware
2024-10-17 12:40:00,SYSTEM\C:\Windows\System32\WerFault.exe,,1,0,0,0,0,0,0,0,0,0,1,0,Goodware,goodware:Goodware
2024-10-17 12:40:00,End-user\C:\Windows\System32\WerFault.exe,,1,0,0,0,0,0,0,0,0,0,1,0,Goodware,goodware:Goodware
2024-10-17 12:40:00,-\C:\Windows\system32\WerFault.exe,,0,0,0,0,0,0,0,0,0,0,2,0,Goodware,goodware:Goodware
2024-10-17 12:40:00,LOCAL SERVICE\C:\Windows\System32\svchost.exe,,1,0,0,0,0,0,0,0,0,0,2,0,Goodware,goodware:Goodware
2024-10-17 12:40:00,End-user\C:\Windows\system32\WerFault.exe,,0,0,1,0,0,0,0,0,0,0,1,0,Goodware,goodware:Goodware
2024-10-17 12:40:00,End-user\<unknown process>,,0,0,0,0,0,0,0,0,0,0,1,0,Goodware,goodware:Goodware
2024-10-17 12:40:00,NETWORK SERVICE\C:\Windows\System32\sppsvc.exe,,0,0,0,0,0,0,1,0,0,0,1,0,Goodware,goodware:Goodware
2024-10-17 12:40:00,NETWORK SERVICE\C:\Windows\System32\svchost.exe,,0,0,0,0,4,0,0,0,0,0,4,0,Goodware,goodware:Goodware
2024-10-17 12:40:00,End-user\C:\Windows\system32\svchost.exe,,0,0,0,0,0,0,0,0,0,0,3,0,Goodware,goodware:Goodware
2024-10-17 12:40:00,End-user\C:\Windows\SystemApps\MicrosoftWindows.Client.CBS_cw5n1h2txyewy\SearchHost.exe,,0,44,15,0,0,0,0,0,0,0,59,0,Goodware,goodware:Goodware
2024-10-17 12:40:00,End-user\C:\Windows\System32\svchost.exe,,0,0,0,0,0,0,1,0,0,0,1,0,Goodware,goodware:Goodware
2024-10-17 12:40:00,End-user\C:\Windows\system32\sihost.exe,,0,0,0,0,0,0,0,0,0,0,8,0,Goodware,goodware:Goodware
2024-10-17 12:40:00,End-user\C:\Windows\Explorer.EXE,,0,0,0,0,0,1,0,0,0,0,1,0,Goodware,goodware:Goodware
2024-10-17 12:40:00,End-user\C:\Windows\system32\DllHost.exe,,0,0,1,0,0,0,0,0,0,0,1,0,Goodware,goodware:Goodware
2024-10-17 12:40:00,NETWORK SERVICE\C:\Windows\System32\wbem\WmiPrvSE.exe,,1,0,0,0,0,0,1,0,0,0,2,0,Goodware,goodware:Goodware
2024-10-17 12:45:00,End-user\C:\Users\End-user\anaconda3\python.exe,,3,829,6,0,54,2,119,0,0,0,1096,0,Goodware,goodware:Goodware
2024-10-17 12:45:00,End-user\C:\Users\End-user\anaconda3\Scripts\conda.exe,,3,0,0,0,0,0,0,0,0,0,40,0,Goodware,goodware:Goodware
2024-10-17 12:45:00,End-user\C:\Users\End-user\anaconda3\pythonw.exe,,0,1,0,0,85,1,1,0,0,0,187,0,Goodware,goodware:Goodware
2024-10-17 12:45:00,End-user\C:\Windows\SystemApps\MicrosoftWindows.Client.CBS_cw5n1h2txyewy\SearchHost.exe,,0,0,1,0,0,0,0,0,0,0,1,0,Goodware,goodware:Goodware
2024-10-17 12:45:00,-\C:\Windows\Explorer.EXE,,0,0,0,0,0,0,0,0,0,0,2,0,Goodware,goodware:Goodware
2024-10-17 12:45:00,End-user\C:\Program Files (x86)\Microsoft\Edge\Application\msedge.exe,,0,0,0,0,0,13,0,0,0,0,13,0,Goodware,goodware:Goodware
2024-10-17 12:45:00,End-user\C:\Windows\System32\cmd.exe,,2,0,0,0,0,0,0,0,0,0,2,0,Goodware,goodware:Goodware
2024-10-17 12:45:00,End-user\C:\Windows\SYSTEM32\cmd.exe,,0,0,1,0,0,0,0,0,0,0,1,0,Goodware,goodware:Goodware
2024-10-17 12:45:00,End-user\C:\Windows\system32\cmd.exe,,0,0,0,0,0,1,0,0,0,0,1,0,Goodware,goodware:Goodware
2024-10-17 12:45:00,End-user\C:\Windows\System32\ipconfig.exe,,2,0,0,0,0,0,0,0,0,0,2,0,Goodware,goodware:Goodware
2024-10-17 12:45:00,SYSTEM\C:\Windows\System32\svchost.exe,,0,0,0,0,0,12,0,0,0,0,12,0,Goodware,goodware:Goodware
2024-10-17 12:45:00,SYSTEM\C:\Windows\system32\svchost.exe,,0,2,2,0,0,0,0,0,0,0,4,0,Goodware,goodware:Goodware
2024-10-17 12:50:00,End-user\C:\Users\End-user\anaconda3\pythonw.exe,,0,0,0,0,0,0,0,0,0,0,57,0,Goodware,goodware:Goodware
2024-10-17 12:50:00,End-user\C:\Users\End-user\anaconda3\python.exe,,0,0,0,0,0,1,76,0,0,0,133,0,Goodware,goodware:Goodware
2024-10-17 12:50:00,End-user\C:\Users\End-user\anaconda3\Scripts\conda.exe,,0,0,0,0,0,0,0,0,0,0,19,0,Goodware,goodware:Goodware
2024-10-17 12:50:00,SYSTEM\C:\Windows\system32\svchost.exe,,0,20,11,0,0,8,0,0,0,0,39,0,Goodware,goodware:Goodware
2024-10-17 12:50:00,SYSTEM\C:\Windows\System32\svchost.exe,,0,1,0,0,0,18,2,0,0,0,21,0,Goodware,goodware:Goodware
2024-10-17 12:50:00,NETWORK SERVICE\C:\Windows\System32\svchost.exe,,0,3,0,0,2,0,0,0,0,0,5,0,Goodware,goodware:Goodware
2024-10-17 12:50:00,LOCAL SERVICE\C:\Windows\System32\wbem\WmiPrvSE.exe,,1,0,0,0,0,0,1,0,0,0,2,0,Goodware,goodware:Goodware
2024-10-17 12:50:00,End-user\C:\Windows\System32\cmd.exe,,1,0,0,0,0,0,0,0,0,0,1,0,Goodware,goodware:Goodware
2024-10-17 12:50:00,End-user\C:\Windows\system32\cmd.exe,,0,0,0,0,0,1,0,0,0,0,1,0,Goodware,goodware:Goodware
2024-10-17 12:50:00,End-user\C:\Windows\system32\svchost.exe,,0,0,0,0,0,0,0,0,0,0,2,0,Goodware,goodware:Goodware
2024-10-17 12:50:00,LOCAL SERVICE\C:\Windows\System32\svchost.exe,,0,10,0,0,0,0,0,0,0,0,10,0,Goodware,goodware:Goodware
2024-10-17 12:50:00,SYSTEM\System,,0,1,0,0,0,0,0,0,0,0,1,0,Goodware,goodware:Goodware
2024-10-17 12:50:00,User\C:\Windows\System32\RuntimeBroker.exe,,0,0,0,0,0,0,1,0,0,0,1,0,Goodware,goodware:Goodware
2024-10-17 12:50:00,End-user\C:\Windows\System32\RuntimeBroker.exe,,0,0,0,0,0,0,1,0,0,0,1,0,Goodware,goodware:Goodware
2024-10-17 12:50:00,SYSTEM\C:\ProgramData\Microsoft\Windows Defender\Platform\4.18.24080.9-0\MpDefenderCoreService.exe,,0,0,0,0,1,0,0,0,0,0,1,0,Goodware,goodware:Goodware
2024-10-17 12:50:00,NETWORK SERVICE\C:\Windows\System32\sppsvc.exe,,0,0,0,0,0,0,1,0,0,0,1,0,Goodware,goodware:Goodware
2024-10-17 12:50:00,User\C:\Windows\system32\DllHost.exe,,0,0,0,0,0,1,0,0,0,0,1,0,Goodware,goodware:Goodware
2024-10-17 12:50:00,-\C:\Users\User\AppData\Local\Microsoft\OneDrive\OneDrive.exe,,0,0,0,0,0,0,0,0,0,0,47,0,Goodware,goodware:Goodware
2024-10-17 12:55:00,End-user\C:\Users\End-user\anaconda3\pythonw.exe,,0,0,0,0,0,0,0,0,0,0,54,0,Goodware,goodware:Goodware
2024-10-17 12:55:00,End-user\C:\Users\End-user\anaconda3\python.exe,,0,0,0,0,6,0,72,0,0,0,132,0,Goodware,goodware:Goodware
2024-10-17 12:55:00,End-user\C:\Users\End-user\anaconda3\Scripts\conda.exe,,0,0,0,0,0,0,0,0,0,0,18,0,Goodware,goodware:Goodware
2024-10-17 12:55:00,-\C:\Users\End-user\AppData\Local\Microsoft\OneDrive\OneDrive.exe,,0,0,0,0,0,0,0,0,0,0,65,0,Goodware,goodware:Goodware
2024-10-17 12:55:00,NETWORK SERVICE\C:\Windows\System32\svchost.exe,,0,0,0,0,4,0,0,0,0,0,4,0,Goodware,goodware:Goodware
2024-10-17 12:55:00,End-user\C:\Program Files (x86)\Microsoft\Edge\Application\msedge.exe,,0,0,0,0,2,0,0,0,0,0,2,0,Goodware,goodware:Goodware
2024-10-17 12:55:00,SYSTEM\C:\Windows\System32\svchost.exe,,0,0,0,0,0,12,0,0,0,0,12,0,Goodware,goodware:Goodware
2024-10-17 13:00:00,End-user\C:\Users\End-user\anaconda3\pythonw.exe,,0,0,0,0,0,0,0,0,0,0,60,0,Goodware,goodware:Goodware
2024-10-17 13:00:00,End-user\C:\Users\End-user\anaconda3\python.exe,,0,0,0,0,1,0,80,0,0,0,141,0,Goodware,goodware:Goodware
2024-10-17 13:00:00,End-user\C:\Users\End-user\anaconda3\Scripts\conda.exe,,0,0,0,0,0,0,0,0,0,0,20,0,Goodware,goodware:Goodware
2024-10-17 13:00:00,SYSTEM\C:\Windows\System32\svchost.exe,,0,0,0,0,0,18,0,0,0,0,18,0,Goodware,goodware:Goodware
2024-10-17 13:00:00,LOCAL SERVICE\C:\Windows\System32\svchost.exe,,0,1,0,0,0,0,0,0,0,0,1,0,Goodware,goodware:Goodware
2024-10-17 13:05:00,End-user\C:\Users\End-user\anaconda3\pythonw.exe,,0,0,0,0,0,0,0,0,0,0,54,0,Goodware,goodware:Goodware
2024-10-17 13:05:00,End-user\C:\Users\End-user\anaconda3\python.exe,,0,0,0,0,0,0,72,0,0,0,126,0,Goodware,goodware:Goodware
2024-10-17 13:05:00,End-user\C:\Users\End-user\anaconda3\Scripts\conda.exe,,0,0,0,0,0,0,0,0,0,0,18,0,Goodware,goodware:Goodware
2024-10-17 13:05:00,SYSTEM\C:\Windows\System32\svchost.exe,,0,0,0,0,0,12,0,0,0,0,12,0,Goodware,goodware:Goodware
2024-10-17 13:05:00,SYSTEM\C:\Windows\system32\svchost.exe,,0,0,0,0,0,2,0,0,0,0,2,0,Goodware,goodware:Goodware
2024-10-17 13:10:00,End-user\C:\Users\End-user\anaconda3\pythonw.exe,,0,0,0,0,0,0,0,0,0,0,60,0,Goodware,goodware:Goodware
2024-10-17 13:10:00,End-user\C:\Users\End-user\anaconda3\python.exe,,0,0,0,0,0,0,76,0,0,0,133,0,Goodware,goodware:Goodware
2024-10-17 13:10:00,End-user\C:\Users\End-user\anaconda3\Scripts\conda.exe,,0,0,0,0,0,0,0,0,0,0,19,0,Goodware,goodware:Goodware
2024-10-17 13:10:00,SYSTEM\C:\Windows\System32\svchost.exe,,0,0,0,0,0,18,0,0,0,0,18,0,Goodware,goodware:Goodware
2024-10-17 13:10:00,SYSTEM\C:\Windows\system32\svchost.exe,,0,3,2,0,0,2,0,0,0,0,7,0,Goodware,goodware:Goodware
2024-10-17 13:10:00,SYSTEM\C:\Windows\System32\taskhostw.exe,,0,0,0,0,0,0,1,0,0,0,1,0,Goodware,goodware:Goodware
2024-10-17 13:10:00,NETWORK SERVICE\C:\Windows\System32\svchost.exe,,0,0,0,0,4,0,0,0,0,0,4,0,Goodware,goodware:Goodware
2024-10-17 13:10:00,End-user\C:\Program Files (x86)\Microsoft\Edge\Application\msedge.exe,,0,0,0,0,2,0,0,0,0,0,2,0,Goodware,goodware:Goodware
2024-10-17 13:10:00,NETWORK SERVICE\C:\Windows\System32\sppsvc.exe,,0,0,0,0,0,0,1,0,0,0,1,0,Goodware,goodware:Goodware
2024-10-17 13:10:00,SYSTEM\C:\Windows\System32\rundll32.exe,,1,0,0,0,0,0,0,0,0,0,1,0,Goodware,goodware:Goodware
2024-10-17 13:10:00,End-user\C:\Windows\System32\DeviceCensus.exe,,0,0,0,0,0,0,1,0,0,0,1,0,Goodware,goodware:Goodware
2024-10-17 13:15:00,End-user\C:\Users\End-user\anaconda3\python.exe,,0,0,0,0,0,0,72,0,0,0,126,0,Goodware,goodware:Goodware
2024-10-17 13:15:00,End-user\C:\Users\End-user\anaconda3\Scripts\conda.exe,,0,0,0,0,0,0,0,0,0,0,18,0,Goodware,goodware:Goodware
2024-10-17 13:15:00,SYSTEM\C:\Windows\System32\svchost.exe,,0,0,0,0,0,18,2,0,0,0,20,0,Goodware,goodware:Goodware
2024-10-17 13:15:00,End-user\C:\Users\End-user\anaconda3\pythonw.exe,,0,0,0,0,0,0,0,0,0,0,51,0,Goodware,goodware:Goodware
2024-10-17 13:15:00,SYSTEM\C:\Windows\System32\taskhostw.exe,,0,0,0,0,0,0,8,0,0,0,8,0,Goodware,goodware:Goodware
2024-10-17 13:15:00,SYSTEM\C:\Windows\System32\wbem\WmiPrvSE.exe,,1,0,0,0,0,0,1,0,0,0,2,0,Goodware,goodware:Goodware
2024-10-17 13:15:00,SYSTEM\C:\Windows\system32\taskhostw.exe,,0,2,0,0,0,0,0,0,0,0,2,0,Goodware,goodware:Goodware
2024-10-17 13:15:00,SYSTEM\C:\ProgramData\Microsoft\Windows Defender\Platform\4.18.24080.9-0\MpCmdRun.exe,,0,1,0,0,0,0,8,0,0,0,9,0,Goodware,goodware:Goodware
2024-10-17 13:15:00,SYSTEM\C:\Windows\system32\services.exe,,0,0,0,0,0,14,0,0,0,0,14,0,Goodware,goodware:Goodware
2024-10-17 13:15:00,-\C:\Windows\system32\taskhostw.exe,,0,0,0,0,0,0,0,0,0,0,2,0,Goodware,goodware:Goodware
2024-10-17 13:15:00,SYSTEM\C:\Windows\Microsoft.NET\Framework64\v4.0.30319\NGenTask.exe,,0,2,0,0,0,0,0,0,0,0,2,0,Goodware,goodware:Goodware
2024-10-17 13:15:00,-\C:\Windows\Microsoft.NET\Framework64\v4.0.30319\NGenTask.exe,,0,0,0,0,0,0,0,0,0,0,2,0,Goodware,goodware:Goodware
2024-10-17 13:15:00,SYSTEM\C:\Windows\Microsoft.NET\Framework64\v4.0.30319\ngen.exe,,0,4,0,0,0,0,1,0,0,0,5,0,Goodware,goodware:Goodware
2024-10-17 13:15:00,SYSTEM\C:\Windows\Microsoft.NET\Framework\v4.0.30319\NGenTask.exe,,0,2,0,0,0,0,0,0,0,0,2,0,Goodware,goodware:Goodware
2024-10-17 13:15:00,-\C:\Windows\Microsoft.NET\Framework\v4.0.30319\NGenTask.exe,,0,0,0,0,0,0,0,0,0,0,2,0,Goodware,goodware:Goodware
2024-10-17 13:15:00,SYSTEM\C:\Windows\Microsoft.NET\Framework\v4.0.30319\ngen.exe,,0,3,0,0,0,0,1,0,0,0,4,0,Goodware,goodware:Goodware
2024-10-17 13:15:00,SYSTEM\C:\Windows\Microsoft.NET\Framework64\v4.0.30319\mscorsvw.exe,,0,270,0,0,0,0,0,0,0,0,270,0,Goodware,goodware:Goodware
2024-10-17 13:15:00,SYSTEM\C:\ProgramData\Microsoft\Windows Defender\Platform\4.18.24080.9-0\MsMpEng.exe,,0,2,0,0,0,6,4,0,0,0,12,0,Goodware,goodware:Goodware
2024-10-17 13:15:00,SYSTEM\C:\Windows\system32\svchost.exe,,0,2,0,0,0,0,0,0,0,0,2,0,Goodware,goodware:Goodware
2024-10-17 13:20:00,SYSTEM\C:\Windows\Microsoft.NET\Framework64\v4.0.30319\mscorsvw.exe,,0,538,0,0,0,0,0,0,0,0,538,0,Goodware,goodware:Goodware
2024-10-17 13:20:00,End-user\C:\Users\End-user\anaconda3\pythonw.exe,,0,0,0,0,1,2,0,0,0,0,45,0,Goodware,goodware:Goodware
2024-10-17 13:20:00,End-user\C:\Users\End-user\anaconda3\python.exe,,0,0,0,0,0,2,50,0,0,0,91,0,Goodware,goodware:Goodware
2024-10-17 13:20:00,End-user\C:\Users\End-user\anaconda3\Scripts\conda.exe,,0,0,0,0,0,0,0,0,0,0,13,0,Goodware,goodware:Goodware
2024-10-17 13:20:00,SYSTEM\C:\Program Files (x86)\Microsoft\EdgeUpdate\MicrosoftEdgeUpdate.exe,,1,0,0,0,0,0,1,0,0,0,2,0,Goodware,goodware:Goodware
2024-10-17 13:20:00,End-user\C:\Windows\System32\cmd.exe,,2,0,0,0,0,0,0,0,0,0,2,0,Goodware,goodware:Goodware
2024-10-17 13:20:00,End-user\C:\Windows\system32\cmd.exe,,0,0,0,0,0,2,0,0,0,0,2,0,Goodware,goodware:Goodware
2024-10-17 13:20:00,SYSTEM\C:\Windows\System32\svchost.exe,,0,0,0,0,0,6,0,0,0,0,6,0,Goodware,goodware:Goodware
2024-10-17 13:20:00,User\C:\Program Files\WindowsApps\MicrosoftWindows.Client.WebExperience_524.24900.130.0_x64__cw5n1h2txyewy\Dashboard\Widgets.exe,,0,0,0,0,0,1,0,0,0,0,1,0,Goodware,goodware:Goodware
2024-10-17 13:20:00,SYSTEM\C:\Windows\System32\LogonUI.exe,,0,0,0,0,0,0,1,0,0,0,1,0,Goodware,goodware:Goodware
2024-10-17 13:20:00,SYSTEM\C:\ProgramData\Microsoft\Windows Defender\Platform\4.18.24080.9-0\MpDefenderCoreService.exe,,0,0,0,0,2,0,0,0,0,0,2,0,Goodware,goodware:Goodware
2024-10-17 13:20:00,User\C:\Windows\system32\DllHost.exe,,0,0,0,0,0,1,0,0,0,0,1,0,Goodware,goodware:Goodware
2024-10-17 13:20:00,End-user\C:\Users\End-user\anaconda3\Scripts\jupyter-notebook.exe,,0,0,0,0,0,0,0,0,0,0,1,0,Goodware,goodware:Goodware
2024-10-17 13:20:00,User\C:\Program Files (x86)\Microsoft\EdgeWebView\Application\129.0.2792.89\msedgewebview2.exe,,0,0,0,0,0,7,0,0,0,0,7,0,Goodware,goodware:Goodware
2024-10-17 13:20:00,End-user\C:\Windows\SYSTEM32\cmd.exe,,0,0,0,0,0,1,0,0,0,0,1,0,Goodware,goodware:Goodware
2024-10-17 13:20:00,End-user\C:\Program Files\WindowsApps\MicrosoftWindows.Client.WebExperience_524.24900.130.0_x64__cw5n1h2txyewy\Dashboard\Widgets.exe,,0,0,0,0,0,1,0,0,0,0,1,0,Goodware,goodware:Goodware
2024-10-17 13:20:00,End-user\C:\Windows\System32\VBoxTray.exe,,0,0,0,0,0,1,0,0,0,0,1,0,Goodware,goodware:Goodware
2024-10-17 13:20:00,End-user\C:\Program Files (x86)\Microsoft\EdgeWebView\Application\129.0.2792.89\msedgewebview2.exe,,0,0,0,0,0,7,0,0,0,0,7,0,Goodware,goodware:Goodware
2024-10-17 13:20:00,User\C:\Users\User\AppData\Local\Microsoft\OneDrive\OneDrive.exe,,0,0,0,0,0,0,0,0,0,0,1,0,Goodware,goodware:Goodware
2024-10-17 13:20:00,User\C:\Windows\SystemApps\Microsoft.Windows.StartMenuExperienceHost_cw5n1h2txyewy\StartMenuExperienceHost.exe,,0,0,0,0,0,1,0,0,0,0,1,0,Goodware,goodware:Goodware
2024-10-17 13:20:00,End-user\C:\Program Files (x86)\Microsoft\Edge\Application\msedge.exe,,0,0,0,0,0,15,0,0,0,0,15,0,Goodware,goodware:Goodware
2024-10-17 13:20:00,User\C:\Windows\SystemApps\ShellExperienceHost_cw5n1h2txyewy\ShellExperienceHost.exe,,0,0,0,0,0,1,0,0,0,0,1,0,Goodware,goodware:Goodware
2024-10-17 13:20:00,User\C:\Windows\SystemApps\MicrosoftWindows.Client.CBS_cw5n1h2txyewy\SearchHost.exe,,0,0,0,0,0,1,0,0,0,0,1,0,Goodware,goodware:Goodware
2024-10-17 13:20:00,User\C:\Windows\Explorer.EXE,,0,0,0,0,0,1,0,0,0,0,1,0,Goodware,goodware:Goodware
2024-10-17 13:20:00,User\C:\Windows\System32\RuntimeBroker.exe,,0,0,0,0,0,3,0,0,0,0,3,0,Goodware,goodware:Goodware
2024-10-17 13:20:00,SYSTEM\C:\Windows\system32\services.exe,,0,0,0,0,0,122,0,0,0,0,122,0,Goodware,goodware:Goodware
2024-10-17 13:20:00,SYSTEM\C:\Windows\system32\svchost.exe,,0,5,7,0,0,3,0,0,0,0,15,0,Goodware,goodware:Goodware
2024-10-17 13:20:00,NETWORK SERVICE\C:\Windows\System32\svchost.exe,,0,3,0,0,0,4,0,0,0,0,7,0,Goodware,goodware:Goodware
2024-10-17 13:20:00,DWM-1\C:\Windows\system32\dwm.exe,,0,0,0,0,0,1,0,0,0,0,1,0,Goodware,goodware:Goodware
2024-10-17 13:20:00,End-user\C:\Users\End-user\AppData\Local\Microsoft\OneDrive\24.186.0915.0004\FileCoAuth.exe,,0,0,0,0,0,0,0,0,0,0,1,0,Goodware,goodware:Goodware
2024-10-17 13:20:00,End-user\C:\Users\End-user\AppData\Local\Microsoft\OneDrive\OneDrive.exe,,0,0,0,0,0,0,0,0,0,0,1,0,Goodware,goodware:Goodware
2024-10-17 13:20:00,End-user\C:\Windows\SystemApps\Microsoft.Windows.StartMenuExperienceHost_cw5n1h2txyewy\StartMenuExperienceHost.exe,,0,0,0,0,0,1,0,0,0,0,1,0,Goodware,goodware:Goodware
2024-10-17 13:20:00,End-user\C:\Windows\SystemApps\ShellExperienceHost_cw5n1h2txyewy\ShellExperienceHost.exe,,0,0,0,0,0,1,0,0,0,0,1,0,Goodware,goodware:Goodware
2024-10-17 13:20:00,End-user\C:\Windows\ImmersiveControlPanel\SystemSettings.exe,,0,0,0,0,0,1,0,0,0,0,1,0,Goodware,goodware:Goodware
2024-10-17 13:20:00,End-user\C:\Windows\SystemApps\MicrosoftWindows.Client.CBS_cw5n1h2txyewy\SearchHost.exe,,0,0,0,0,0,1,0,0,0,0,1,0,Goodware,goodware:Goodware
2024-10-17 13:20:00,End-user\C:\Windows\Explorer.EXE,,0,0,0,0,0,1,0,0,0,0,1,0,Goodware,goodware:Goodware
2024-10-17 13:20:00,End-user\C:\Windows\system32\ApplicationFrameHost.exe,,0,0,0,0,0,1,0,0,0,0,1,0,Goodware,goodware:Goodware
2024-10-17 13:20:00,End-user\C:\Windows\System32\RuntimeBroker.exe,,0,0,0,0,0,3,0,0,0,0,3,0,Goodware,goodware:Goodware
2024-10-17 13:20:00,LOCAL SERVICE\C:\Windows\system32\svchost.exe,,0,0,0,0,0,1,0,0,0,0,1,0,Goodware,goodware:Goodware
2024-10-17 13:20:00,LOCAL SERVICE\C:\Windows\System32\svchost.exe,,0,9,0,0,0,2,0,0,0,0,11,0,Goodware,goodware:Goodware
2024-10-17 13:20:00,SYSTEM\C:\ProgramData\Microsoft\Windows Defender\Platform\4.18.24080.9-0\MsMpEng.exe,,0,0,0,0,0,6,0,0,0,0,6,0,Goodware,goodware:Goodware
2024-10-17 13:20:00,-\-,,0,0,0,0,0,0,0,0,0,0,2,0,Goodware,goodware:Goodware
2024-10-17 14:00:00,SYSTEM\System,,0,19,0,0,0,0,0,0,0,0,19,0,Goodware,goodware:Goodware
2024-10-17 14:00:00,-\-,,0,0,0,0,0,0,0,0,0,0,4,0,Goodware,goodware:Goodware
2024-10-17 14:00:00,SYSTEM\C:\Windows\System32\smss.exe,,0,0,0,0,0,7,0,0,0,0,7,0,Goodware,goodware:Goodware
2024-10-17 14:00:00,SYSTEM\C:\Windows\System32\csrss.exe,,3,0,0,0,0,0,0,0,0,0,3,0,Goodware,goodware:Goodware
2024-10-17 14:00:00,SYSTEM\C:\Windows\system32\csrss.exe,,0,0,0,0,0,2,0,0,0,0,2,0,Goodware,goodware:Goodware
2024-10-17 14:00:00,SYSTEM\C:\Windows\system32\wininit.exe,,0,0,0,0,0,4,0,0,0,0,6,0,Goodware,goodware:Goodware
2024-10-17 14:00:00,-\C:\Windows\system32\wininit.exe,,0,0,0,0,0,0,0,0,0,0,1,0,Goodware,goodware:Goodware
2024-10-17 14:00:00,-\C:\Windows\system32\csrss.exe,,0,0,0,0,0,0,0,0,0,0,1,0,Goodware,goodware:Goodware
2024-10-17 14:00:00,SYSTEM\C:\Windows\System32\lsass.exe,,1,0,0,0,0,0,0,0,0,0,1,0,Goodware,goodware:Goodware
2024-10-17 14:00:00,SYSTEM\C:\Windows\system32\lsass.exe,,0,1,0,0,0,3,0,0,0,0,5,0,Goodware,goodware:Goodware
2024-10-17 14:00:00,SYSTEM\C:\Windows\system32\services.exe,,0,0,0,0,0,288,0,0,0,0,290,0,Goodware,goodware:Goodware
2024-10-17 14:00:00,SYSTEM\C:\Windows\system32\svchost.exe,,0,11,2,0,0,37,0,0,0,0,55,0,Goodware,goodware:Goodware
2024-10-17 14:00:00,NETWORK SERVICE\C:\Windows\system32\svchost.exe,,0,0,0,0,0,2,0,0,0,0,5,0,Goodware,goodware:Goodware
2024-10-17 14:00:00,SYSTEM\C:\Windows\System32\svchost.exe,,8,0,0,0,0,0,11,0,0,0,20,0,Goodware,goodware:Goodware
2024-10-17 14:00:00,SYSTEM\C:\Windows\system32\winlogon.exe,,0,2,0,0,0,2,0,0,0,0,4,0,Goodware,goodware:Goodware
2024-10-17 14:00:00,LOCAL SERVICE\C:\Windows\System32\svchost.exe,,18,12,0,0,0,5,1,0,0,0,39,0,Goodware,goodware:Goodware
2024-10-17 14:00:00,LOCAL SERVICE\C:\Windows\system32\svchost.exe,,0,0,0,0,0,22,0,0,0,0,22,0,Goodware,goodware:Goodware
2024-10-17 14:00:00,SYSTEM\C:\Windows\System32\spoolsv.exe,,1,0,0,0,0,5,1,0,0,0,11,0,Goodware,goodware:Goodware
2024-10-17 14:00:00,SYSTEM\C:\Windows\System32\taskhostw.exe,,0,0,0,0,0,0,2,0,0,0,2,0,Goodware,goodware:Goodware
2024-10-17 14:00:00,NETWORK SERVICE\C:\Windows\System32\svchost.exe,,0,0,0,0,0,1,1,0,0,0,2,0,Goodware,goodware:Goodware
2024-10-17 14:00:00,SYSTEM\C:\ProgramData\Microsoft\Windows Defender\Platform\4.18.24080.9-0\MpDefenderCoreService.exe,,0,0,0,0,3,0,3,0,0,0,7,0,Goodware,goodware:Goodware
2024-10-17 14:00:00,SYSTEM\C:\ProgramData\Microsoft\Windows Defender\Platform\4.18.24080.9-0\MsMpEng.exe,,0,0,0,0,0,6,8,0,0,0,14,0,Goodware,goodware:Goodware
2024-10-17 14:00:00,SYSTEM\C:\Windows\System32\LogonUI.exe,,0,0,0,0,0,0,3,0,0,0,3,0,Goodware,goodware:Goodware
2024-10-17 14:00:00,SYSTEM\C:\Windows\Sysmon.exe,,0,0,0,0,0,0,2,0,0,0,2,0,Goodware,goodware:Goodware
2024-10-17 14:00:00,NETWORK SERVICE\C:\Windows\System32\wbem\WmiPrvSE.exe,,1,0,0,0,0,0,1,0,0,0,2,0,Goodware,goodware:Goodware
2024-10-17 14:00:00,NETWORK SERVICE\C:\Windows\system32\sppsvc.exe,,0,5,0,0,0,0,0,0,0,0,5,0,Goodware,goodware:Goodware
2024-10-17 14:00:00,NETWORK SERVICE\C:\Windows\system32\SppExtComObj.exe,,0,0,0,0,0,0,0,0,0,0,1,0,Goodware,goodware:Goodware
2024-10-17 14:00:00,SYSTEM\C:\Windows\System32\wbem\WmiPrvSE.exe,,1,0,0,0,0,0,1,0,0,0,2,0,Goodware,goodware:Goodware
2024-10-17 14:00:00,User\C:\Windows\System32\svchost.exe,,2,0,0,0,0,0,0,0,0,0,2,0,Goodware,goodware:Goodware
2024-10-17 14:00:00,SYSTEM\C:\Windows\System32\wevtutil.exe,,12,0,0,0,0,0,0,0,0,0,12,0,Goodware,goodware:Goodware
2024-10-17 14:00:00,NETWORK SERVICE\C:\Windows\System32\SppExtComObj.Exe,,0,0,0,0,0,0,0,0,0,0,1,0,Goodware,goodware:Goodware
2024-10-17 14:00:00,-\C:\Windows\system32\sppsvc.exe,,0,0,0,0,0,0,0,0,0,0,1,0,Goodware,goodware:Goodware
2024-10-17 14:00:00,SYSTEM\C:\Program Files (x86)\Microsoft\EdgeUpdate\MicrosoftEdgeUpdate.exe,,1,0,0,0,0,0,2,0,0,0,3,0,Goodware,goodware:Goodware
2024-10-17 14:00:00,User\C:\Windows\system32\userinit.exe,,0,0,0,0,0,1,0,0,0,0,1,0,Goodware,goodware:Goodware
2024-10-17 14:00:00,SYSTEM\C:\Windows\System32\sdbinst.exe,,1,0,0,0,0,0,0,0,0,0,1,0,Goodware,goodware:Goodware
2024-10-17 14:00:00,SYSTEM\C:\Windows\system32\wevtutil.exe,,0,0,0,0,0,16,0,0,0,0,16,0,Goodware,goodware:Goodware
2024-10-17 14:00:00,SYSTEM\C:\Windows\system32\sdbinst.exe,,0,2,0,0,0,0,0,0,0,0,2,0,Goodware,goodware:Goodware
2024-10-17 14:00:00,SYSTEM\C:\Windows\system32\taskhostw.exe,,0,0,0,0,0,20,0,0,0,0,20,0,Goodware,goodware:Goodware
2024-10-17 14:00:00,User\C:\Windows\explorer.exe,,0,0,0,0,0,0,2,0,0,0,2,0,Goodware,goodware:Goodware
2024-10-17 14:00:00,User\C:\Windows\SystemApps\Microsoft.Windows.StartMenuExperienceHost_cw5n1h2txyewy\StartMenuExperienceHost.exe,,0,0,0,0,0,0,1,0,0,0,1,0,Goodware,goodware:Goodware
2024-10-17 14:00:00,User\C:\Windows\SystemApps\MicrosoftWindows.Client.CBS_cw5n1h2txyewy\SearchHost.exe,,0,0,11,0,0,0,1,0,0,0,12,0,Goodware,goodware:Goodware
2024-10-17 14:00:00,User\C:\Program Files\WindowsApps\Microsoft.WidgetsPlatformRuntime_1.4.0.0_x64__8wekyb3d8bbwe\WidgetService\WidgetService.exe,,0,7,0,0,0,0,0,0,0,0,7,0,Goodware,goodware:Goodware
2024-10-17 14:00:00,User\C:\Windows\system32\DllHost.exe,,0,0,1,0,0,4,0,0,0,0,5,0,Goodware,goodware:Goodware
2024-10-17 14:00:00,User\C:\Program Files\WindowsApps\MicrosoftWindows.Client.WebExperience_524.24900.130.0_x64__cw5n1h2txyewy\Dashboard\Widgets.exe,,0,0,0,0,0,0,1,0,0,0,1,0,Goodware,goodware:Goodware
2024-10-17 14:00:00,SYSTEM\C:\Windows\system32\SearchIndexer.exe,,0,0,0,0,0,0,0,0,0,0,1,0,Goodware,goodware:Goodware
2024-10-17 14:00:00,LOCAL SERVICE\C:\ProgramData\Microsoft\Windows Defender\Platform\4.18.24080.9-0\NisSrv.exe,,0,0,0,0,0,0,2,0,0,0,2,0,Goodware,goodware:Goodware
2024-10-17 14:00:00,User\C:\Windows\System32\SecurityHealthSystray.exe,,1,0,0,0,0,0,0,0,0,0,1,0,Goodware,goodware:Goodware
2024-10-17 14:00:00,SYSTEM\C:\Windows\System32\SecurityHealthService.exe,,0,0,0,0,0,0,4,0,0,0,4,0,Goodware,goodware:Goodware
2024-10-17 14:00:00,SYSTEM\C:\Windows\system32\SecurityHealthService.exe,,0,4,0,0,0,1,0,0,0,0,5,0,Goodware,goodware:Goodware
2024-10-17 14:00:00,User\C:\Windows\System32\VBoxTray.exe,,1,0,0,0,0,0,0,0,0,0,2,0,Goodware,goodware:Goodware
2024-10-17 14:00:00,User\C:\Users\User\AppData\Local\Microsoft\OneDrive\OneDrive.exe,,1,0,0,0,0,17,65,0,0,0,84,0,Goodware,goodware:Goodware
2024-10-17 14:00:00,User\C:\Users\User\AppData\Local\Microsoft\OneDrive\24.186.0915.0004\FileCoAuth.exe,,1,0,0,0,0,0,17,0,0,0,19,0,Goodware,goodware:Goodware
2024-10-17 14:00:00,-\C:\Users\User\AppData\Local\Microsoft\OneDrive\OneDrive.exe,,0,0,0,0,0,0,0,0,0,0,1,0,Goodware,goodware:Goodware
2024-10-17 14:00:00,-\C:\Windows\Explorer.EXE,,0,0,0,0,0,0,0,0,0,0,1,0,Goodware,goodware:Goodware
2024-10-17 14:00:00,User\C:\Windows\System32\taskhostw.exe,,0,0,0,0,0,0,1,0,0,0,1,0,Goodware,goodware:Goodware
2024-10-17 14:00:00,User\C:\Program Files (x86)\Microsoft\Edge\Application\msedge.exe,,2,0,10,0,0,0,4,0,0,0,17,0,Goodware,goodware:Goodware
2024-10-17 14:00:00,NETWORK SERVICE\C:\Windows\System32\sppsvc.exe,,0,0,0,0,0,0,1,0,0,0,1,0,Goodware,goodware:Goodware
2024-10-17 14:00:00,User\C:\Windows\System32\sihost.exe,,0,0,0,0,0,0,1,0,0,0,1,0,Goodware,goodware:Goodware
2024-10-17 14:00:00,User\C:\Program Files\WindowsApps\MicrosoftTeams_24256.2502.3123.1_x64__8wekyb3d8bbwe\msteams_autostarter.exe,,0,0,0,0,0,0,1,0,0,0,1,0,Goodware,goodware:Goodware
2024-10-17 14:00:00,User\C:\Windows\Explorer.EXE,,0,0,1,0,0,0,0,0,0,0,1,0,Goodware,goodware:Goodware
2024-10-17 14:00:00,User\C:\Program Files\WindowsApps\MicrosoftTeams_24256.2502.3123.1_x64__8wekyb3d8bbwe\msteams.exe,,0,0,0,0,0,0,1,0,0,0,3,0,Goodware,goodware:Goodware
2024-10-17 14:00:00,User\C:\Program Files (x86)\Microsoft\EdgeWebView\Application\129.0.2792.89\msedgewebview2.exe,,7,0,1,0,0,0,3,0,0,0,22,0,Goodware,goodware:Goodware
2024-10-17 14:00:00,User\C:\Program Files\WindowsApps\MicrosoftWindows.CrossDevice_1.24091.30.0_x64__cw5n1h2txyewy\CrossDeviceService.exe,,0,0,0,0,0,0,1,0,0,0,3,0,Goodware,goodware:Goodware
2024-10-17 14:00:00,-\C:\Program Files (x86)\Microsoft\EdgeWebView\Application\129.0.2792.89\msedgewebview2.exe,,0,0,0,0,0,0,0,0,0,0,1,0,Goodware,goodware:Goodware
2024-10-17 14:05:00,User\C:\Program Files (x86)\Microsoft\EdgeWebView\Application\129.0.2792.89\msedgewebview2.exe,,12,0,2,0,0,12,6,0,0,0,54,0,Goodware,goodware:Goodware
2024-10-17 14:05:00,-\C:\Program Files (x86)\Microsoft\EdgeWebView\Application\129.0.2792.89\msedgewebview2.exe,,0,0,0,0,0,0,0,0,0,0,8,0,Goodware,goodware:Goodware
2024-10-17 14:05:00,SYSTEM\C:\Windows\system32\svchost.exe,,0,7,0,0,0,23,0,0,0,0,30,0,Goodware,goodware:Goodware
2024-10-17 14:05:00,SYSTEM\C:\Windows\system32\lsass.exe,,0,0,1,0,0,0,0,0,0,0,1,0,Goodware,goodware:Goodware
2024-10-17 14:05:00,SYSTEM\C:\Windows\System32\spoolsv.exe,,0,0,0,0,0,1,0,0,0,0,1,0,Goodware,goodware:Goodware
2024-10-17 14:05:00,SYSTEM\C:\Windows\system32\services.exe,,0,0,0,0,0,266,0,0,0,0,266,0,Goodware,goodware:Goodware
2024-10-17 14:05:00,SYSTEM\C:\Windows\System32\svchost.exe,,2,0,0,0,0,6,4,0,0,0,12,0,Goodware,goodware:Goodware
2024-10-17 14:05:00,SYSTEM\System,,0,1,0,0,0,0,0,0,0,0,1,0,Goodware,goodware:Goodware
2024-10-17 14:05:00,End-user\C:\Windows\System32\svchost.exe,,2,0,0,0,0,0,1,0,0,0,3,0,Goodware,goodware:Goodware
2024-10-17 14:05:00,End-user\C:\Windows\system32\userinit.exe,,0,0,0,0,0,1,0,0,0,0,1,0,Goodware,goodware:Goodware
2024-10-17 14:05:00,NETWORK SERVICE\C:\Windows\system32\sppsvc.exe,,0,2,0,0,0,0,0,0,0,0,2,0,Goodware,goodware:Goodware
2024-10-17 14:05:00,End-user\C:\Windows\explorer.exe,,0,0,0,0,0,0,2,0,0,0,2,0,Goodware,goodware:Goodware
2024-10-17 14:05:00,End-user\C:\Windows\SystemApps\Microsoft.Windows.StartMenuExperienceHost_cw5n1h2txyewy\StartMenuExperienceHost.exe,,0,0,0,0,0,0,1,0,0,0,1,0,Goodware,goodware:Goodware
2024-10-17 14:05:00,End-user\C:\Windows\SystemApps\MicrosoftWindows.Client.CBS_cw5n1h2txyewy\SearchHost.exe,,0,3,25,0,0,0,1,0,0,0,29,0,Goodware,goodware:Goodware
2024-10-17 14:05:00,End-user\C:\Program Files\WindowsApps\Microsoft.WidgetsPlatformRuntime_1.4.0.0_x64__8wekyb3d8bbwe\WidgetService\WidgetService.exe,,0,7,0,0,0,0,0,0,0,0,7,0,Goodware,goodware:Goodware
2024-10-17 14:05:00,End-user\C:\Windows\system32\DllHost.exe,,0,0,2,0,0,0,0,0,0,0,2,0,Goodware,goodware:Goodware
2024-10-17 14:05:00,End-user\C:\Program Files\WindowsApps\MicrosoftWindows.Client.WebExperience_524.24900.130.0_x64__cw5n1h2txyewy\Dashboard\Widgets.exe,,0,0,0,0,0,0,1,0,0,0,1,0,Goodware,goodware:Goodware
2024-10-17 14:05:00,LOCAL SERVICE\C:\Windows\System32\svchost.exe,,2,9,0,0,0,0,2,0,0,0,13,0,Goodware,goodware:Goodware
2024-10-17 14:05:00,End-user\C:\Windows\System32\SecurityHealthSystray.exe,,1,0,0,0,0,0,0,0,0,0,1,0,Goodware,goodware:Goodware
2024-10-17 14:05:00,End-user\C:\Windows\Explorer.EXE,,0,0,2,0,0,3,0,0,0,0,5,0,Goodware,goodware:Goodware
2024-10-17 14:05:00,End-user\C:\Windows\System32\VBoxTray.exe,,1,0,0,0,0,0,0,0,0,0,2,0,Goodware,goodware:Goodware
2024-10-17 14:05:00,NETWORK SERVICE\C:\Windows\System32\wbem\WmiPrvSE.exe,,1,0,0,0,0,0,1,0,0,0,2,0,Goodware,goodware:Goodware
2024-10-17 14:05:00,End-user\C:\Users\End-user\AppData\Local\Microsoft\OneDrive\OneDrive.exe,,1,0,0,0,0,17,63,0,0,0,82,0,Goodware,goodware:Goodware
2024-10-17 14:05:00,End-user\C:\Users\End-user\AppData\Local\Microsoft\OneDrive\24.186.0915.0004\FileCoAuth.exe,,1,0,0,0,0,0,17,0,0,0,19,0,Goodware,goodware:Goodware
2024-10-17 14:05:00,User\C:\Program Files (x86)\Microsoft\Edge\Application\msedge.exe,,0,23,0,0,0,0,2,0,0,0,25,0,Goodware,goodware:Goodware
2024-10-17 14:05:00,-\C:\Users\End-user\AppData\Local\Microsoft\OneDrive\OneDrive.exe,,0,0,0,0,0,0,0,0,0,0,1,0,Goodware,goodware:Goodware
2024-10-17 14:05:00,-\C:\Windows\Explorer.EXE,,0,0,0,0,0,0,0,0,0,0,10,0,Goodware,goodware:Goodware
2024-10-17 14:05:00,End-user\C:\Program Files (x86)\Microsoft\Edge\Application\msedge.exe,,2,23,10,0,4,74,8,0,0,0,123,0,Goodware,goodware:Goodware
2024-10-17 14:05:00,End-user\C:\Windows\System32\sihost.exe,,0,0,0,0,0,0,1,0,0,0,1,0,Goodware,goodware:Goodware
2024-10-17 14:05:00,End-user\C:\Program Files\WindowsApps\MicrosoftTeams_24256.2502.3123.1_x64__8wekyb3d8bbwe\msteams_autostarter.exe,,0,0,0,0,0,0,1,0,0,0,1,0,Goodware,goodware:Goodware
2024-10-17 14:05:00,End-user\C:\Program Files\WindowsApps\MicrosoftTeams_24256.2502.3123.1_x64__8wekyb3d8bbwe\msteams.exe,,0,0,0,0,0,0,1,0,0,0,3,0,Goodware,goodware:Goodware
2024-10-17 14:05:00,End-user\C:\Program Files (x86)\Microsoft\EdgeWebView\Application\129.0.2792.89\msedgewebview2.exe,,9,0,4,0,0,0,5,0,0,0,35,0,Goodware,goodware:Goodware
2024-10-17 14:05:00,End-user\C:\Program Files\WindowsApps\MicrosoftTeams_24256.2502.3123.1_x64__8wekyb3d8bbwe\msteamsupdate.exe,,0,0,0,0,0,0,1,0,0,0,1,0,Goodware,goodware:Goodware
2024-10-17 14:05:00,NETWORK SERVICE\C:\Windows\System32\svchost.exe,,0,7,0,0,4,0,2,0,0,0,15,0,Goodware,goodware:Goodware
2024-10-17 14:05:00,SYSTEM\C:\Program Files\Microsoft Update Health Tools\uhssvc.exe,,1,0,0,0,0,0,0,0,0,0,1,0,Goodware,goodware:Goodware
2024-10-17 14:05:00,SYSTEM\C:\Program Files\Winlogbeat\winlogbeat.exe,,1,0,0,0,0,0,0,0,0,0,2,0,Goodware,goodware:Goodware
2024-10-17 14:05:00,SYSTEM\C:\Windows\UUS\Packages\Preview\amd64\MoUsoCoreWorker.exe,,0,0,0,0,0,0,1,0,0,0,1,0,Goodware,goodware:Goodware
2024-10-17 14:05:00,SYSTEM\C:\Windows\system32\SecurityHealthService.exe,,0,4,0,0,0,0,0,0,0,0,4,0,Goodware,goodware:Goodware
2024-10-17 14:05:00,End-user\C:\Program Files\WindowsApps\MicrosoftWindows.CrossDevice_1.24091.30.0_x64__cw5n1h2txyewy\CrossDeviceService.exe,,0,0,0,0,0,0,1,0,0,0,3,0,Goodware,goodware:Goodware
2024-10-17 14:05:00,End-user\C:\Windows\System32\RuntimeBroker.exe,,0,0,0,0,0,0,2,0,0,0,2,0,Goodware,goodware:Goodware
2024-10-17 14:05:00,End-user\C:\Windows\system32\sihost.exe,,0,0,0,0,0,0,0,0,0,0,6,0,Goodware,goodware:Goodware
2024-10-17 14:05:00,End-user\C:\Users\End-user\anaconda3\pythonw.exe,,1,1,0,0,72,2,3,0,0,0,152,0,Goodware,goodware:Goodware
2024-10-17 14:05:00,NETWORK SERVICE\C:\Windows\System32\sppsvc.exe,,0,0,0,0,0,0,1,0,0,0,1,0,Goodware,goodware:Goodware
2024-10-17 14:05:00,End-user\C:\Users\End-user\anaconda3\python.exe,,2,1,1,0,69,2,97,0,0,0,232,0,Goodware,goodware:Goodware
2024-10-17 14:05:00,End-user\C:\Users\End-user\anaconda3\Scripts\conda.exe,,1,0,0,0,0,0,0,0,0,0,29,0,Goodware,goodware:Goodware
2024-10-17 14:05:00,End-user\C:\Windows\System32\cmd.exe,,2,0,0,0,0,0,0,0,0,0,2,0,Goodware,goodware:Goodware
2024-10-17 14:05:00,End-user\C:\Windows\system32\cmd.exe,,0,0,0,0,0,1,0,0,0,0,1,0,Goodware,goodware:Goodware
2024-10-17 14:05:00,End-user\C:\Windows\SYSTEM32\cmd.exe,,0,0,1,0,0,0,0,0,0,0,1,0,Goodware,goodware:Goodware
2024-10-17 14:05:00,-\C:\Program Files (x86)\Microsoft\Edge\Application\msedge.exe,,0,0,0,0,0,0,0,0,0,0,3,0,Goodware,goodware:Goodware
2024-10-17 14:05:00,SYSTEM\C:\Windows\System32\wbem\WMIADAP.exe,,0,0,0,0,0,0,2,0,0,0,2,0,Goodware,goodware:Goodware
2024-10-17 14:05:00,End-user\C:\Windows\System32\SecurityHealth\1.0.2402.27001-0\SecurityHealthHost.exe,,0,0,0,0,0,0,0,0,0,0,1,0,Goodware,goodware:Goodware
2024-10-17 14:05:00,End-user\C:\Windows\SystemApps\ShellExperienceHost_cw5n1h2txyewy\ShellExperienceHost.exe,,0,0,0,0,0,0,1,0,0,0,1,0,Goodware,goodware:Goodware
2024-10-17 14:05:00,End-user\C:\Windows\System32\ipconfig.exe,,2,0,0,0,0,0,0,0,0,0,2,0,Goodware,goodware:Goodware
2024-10-17 14:05:00,End-user\C:\Windows\system32\svchost.exe,,0,0,0,0,0,0,0,0,0,0,2,0,Goodware,goodware:Goodware
2024-10-17 14:05:00,SYSTEM\C:\Windows\System32\sc.exe,,1,0,0,0,0,0,0,0,0,0,1,0,Goodware,goodware:Goodware
2024-10-17 14:05:00,User\C:\Program Files\WindowsApps\MicrosoftWindows.Client.WebExperience_524.24900.130.0_x64__cw5n1h2txyewy\Dashboard\Widgets.exe,,0,0,0,0,0,1,0,0,0,0,3,0,Goodware,goodware:Goodware
2024-10-17 14:05:00,User\C:\Windows\SystemApps\ShellExperienceHost_cw5n1h2txyewy\ShellExperienceHost.exe,,0,0,0,0,0,0,1,0,0,0,1,0,Goodware,goodware:Goodware
2024-10-17 14:05:00,SYSTEM\\\?\C:\Windows\system32\wbem\WMIADAP.EXE,,0,10,0,0,0,11,0,0,0,0,21,0,Goodware,goodware:Goodware
2024-10-17 14:05:00,User\C:\Windows\System32\svchost.exe,,1,0,0,0,0,0,0,0,0,0,1,0,Goodware,goodware:Goodware
2024-10-17 14:05:00,User\C:\Program Files\WindowsApps\MicrosoftTeams_24256.2502.3123.1_x64__8wekyb3d8bbwe\msteamsupdate.exe,,0,0,0,0,0,0,1,0,0,0,1,0,Goodware,goodware:Goodware
2024-10-17 14:05:00,SYSTEM\C:\ProgramData\Microsoft\Windows Defender\Platform\4.18.24080.9-0\MpDefenderCoreService.exe,,0,0,0,0,1,0,0,0,0,0,1,0,Goodware,goodware:Goodware
2024-10-17 14:10:00,End-user\C:\Users\End-user\anaconda3\python.exe,,1,20,0,0,26,0,36,0,0,0,115,0,Goodware,goodware:Goodware
2024-10-17 14:10:00,SYSTEM\C:\Windows\System32\sc.exe,,2,0,0,0,0,0,0,0,0,0,2,0,Goodware,goodware:Goodware
2024-10-17 14:10:00,SYSTEM\C:\Windows\system32\svchost.exe,,0,8,3,0,0,5,0,0,0,0,16,0,Goodware,goodware:Goodware
2024-10-17 14:10:00,End-user\C:\Program Files (x86)\Microsoft\EdgeWebView\Application\129.0.2792.89\msedgewebview2.exe,,10,0,4,0,0,12,4,0,0,0,51,0,Goodware,goodware:Goodware
2024-10-17 14:10:00,End-user\C:\Users\End-user\anaconda3\Scripts\conda.exe,,1,0,0,0,0,0,0,0,0,0,11,0,Goodware,goodware:Goodware
2024-10-17 14:10:00,End-user\C:\Program Files\WindowsApps\MicrosoftWindows.Client.WebExperience_524.24900.130.0_x64__cw5n1h2txyewy\Dashboard\Widgets.exe,,0,0,0,0,0,1,0,0,0,0,2,0,Goodware,goodware:Goodware
2024-10-17 14:10:00,End-user\C:\Windows\System32\svchost.exe,,1,0,0,0,0,0,0,0,0,0,1,0,Goodware,goodware:Goodware
2024-10-17 14:10:00,LOCAL SERVICE\C:\Windows\System32\svchost.exe,,2,0,0,0,0,0,0,0,0,0,2,0,Goodware,goodware:Goodware
2024-10-17 14:10:00,SYSTEM\C:\Windows\System32\svchost.exe,,0,0,0,0,0,0,1,0,0,0,2,0,Goodware,goodware:Goodware
2024-10-17 14:10:00,SYSTEM\C:\Windows\System32\taskhostw.exe,,0,0,0,0,0,0,2,0,0,0,2,0,Goodware,goodware:Goodware
2024-10-17 14:10:00,-\C:\Program Files (x86)\Microsoft\EdgeWebView\Application\129.0.2792.89\msedgewebview2.exe,,0,0,0,0,0,0,0,0,0,0,3,0,Goodware,goodware:Goodware
2024-10-17 14:10:00,NETWORK SERVICE\C:\Windows\System32\sppsvc.exe,,0,0,0,0,0,0,1,0,0,0,1,0,Goodware,goodware:Goodware
2024-10-17 14:10:00,End-user\C:\Windows\ImmersiveControlPanel\SystemSettings.exe,,0,0,0,0,0,0,1,0,0,0,1,0,Goodware,goodware:Goodware
2024-10-17 14:10:00,End-user\C:\Windows\system32\DllHost.exe,,0,0,0,0,0,1,0,0,0,0,1,0,Goodware,goodware:Goodware
2024-10-17 14:10:00,End-user\C:\Users\End-user\anaconda3\pythonw.exe,,0,0,0,0,21,0,0,0,0,0,53,0,Goodware,goodware:Goodware
2024-10-17 14:10:00,NETWORK SERVICE\C:\Windows\System32\wbem\WmiPrvSE.exe,,1,0,0,0,0,0,1,0,0,0,2,0,Goodware,goodware:Goodware
2024-10-17 14:10:00,SYSTEM\C:\ProgramData\Microsoft\Windows Defender\Platform\4.18.24080.9-0\MsMpEng.exe,,0,0,12,0,0,1,2,0,0,0,25,0,Goodware,goodware:Goodware
2024-10-17 14:10:00,-\C:\Windows\Explorer.EXE,,0,0,0,0,0,0,0,0,0,0,1,0,Goodware,goodware:Goodware
2024-10-17 14:10:00,NETWORK SERVICE\C:\Windows\System32\svchost.exe,,0,3,0,0,2,0,1,0,0,0,6,0,Goodware,goodware:Goodware
2024-10-17 14:10:00,SYSTEM\C:\ProgramData\Microsoft\Windows Defender\Platform\4.18.24080.9-0\MpCmdRun.exe,,0,1,0,0,0,0,5,0,0,0,6,0,Goodware,goodware:Goodware
2024-10-17 14:10:00,LOCAL SERVICE\C:\Windows\System32\wbem\WmiPrvSE.exe,,1,0,0,0,0,0,1,0,0,0,2,0,Goodware,goodware:Goodware
2024-10-17 14:10:00,SYSTEM\System,,0,1,0,0,0,0,0,0,0,0,1,0,Goodware,goodware:Goodware
2024-10-17 14:10:00,SYSTEM\C:\Windows\System32\MpSigStub.exe,,0,0,0,0,0,0,1,0,0,0,1,0,Goodware,goodware:Goodware
2024-10-17 14:10:00,SYSTEM\C:\Windows\system32\MpSigStub.exe,,0,6,2,0,0,0,0,0,0,0,9,0,Goodware,goodware:Goodware
2024-10-17 14:10:00,End-user\C:\Windows\System32\SecurityHealth\1.0.2402.27001-0\SecurityHealthHost.exe,,0,0,0,0,0,0,0,0,0,0,1,0,Goodware,goodware:Goodware
2024-10-17 14:10:00,SYSTEM\C:\Windows\system32\services.exe,,0,0,0,0,0,9,0,0,0,0,9,0,Goodware,goodware:Goodware
2024-10-17 14:10:00,SYSTEM\C:\ProgramData\Microsoft\Windows Defender\Platform\4.18.24080.9-0\MpDefenderCoreService.exe,,0,0,0,0,2,0,0,0,0,0,2,0,Goodware,goodware:Goodware
2024-10-17 14:10:00,User\C:\Program Files (x86)\Microsoft\EdgeWebView\Application\129.0.2792.89\msedgewebview2.exe,,0,0,2,0,0,0,0,0,0,0,2,0,Goodware,goodware:Goodware
2024-10-17 14:15:00,End-user\C:\Users\End-user\anaconda3\pythonw.exe,,0,0,0,0,21,0,0,0,0,0,76,0,Goodware,goodware:Goodware
2024-10-17 14:15:00,End-user\C:\Program Files (x86)\Microsoft\Edge\Application\msedge.exe,,0,0,0,0,0,2,0,0,0,0,2,0,Goodware,goodware:Goodware
2024-10-17 14:15:00,End-user\C:\Users\End-user\anaconda3\python.exe,,2,1167,120,0,44,1,70,0,0,0,1455,0,Goodware,goodware:Goodware
2024-10-17 14:15:00,End-user\C:\Users\End-user\anaconda3\Scripts\conda.exe,,1,0,0,0,0,0,0,0,0,0,17,0,Goodware,goodware:Goodware
2024-10-17 14:15:00,SYSTEM\C:\Windows\System32\svchost.exe,,0,0,0,0,0,6,1,0,0,0,7,0,Goodware,goodware:Goodware
2024-10-17 14:15:00,-\C:\Windows\Explorer.EXE,,0,0,0,0,0,0,0,0,0,0,1,0,Goodware,goodware:Goodware
2024-10-17 14:15:00,End-user\C:\Windows\System32\ipconfig.exe,,1,0,0,0,0,0,0,0,0,0,1,0,Goodware,goodware:Goodware
2024-10-17 14:15:00,LOCAL SERVICE\C:\Windows\system32\svchost.exe,,0,0,0,0,0,2,0,0,0,0,2,0,Goodware,goodware:Goodware
2024-10-17 14:15:00,-\C:\Windows\System32\VBoxTray.exe,,0,0,0,0,0,0,0,0,0,0,1,0,Goodware,goodware:Goodware
2024-10-17 14:15:00,User\C:\Program Files (x86)\Microsoft\EdgeWebView\Application\129.0.2792.89\msedgewebview2.exe,,0,0,3,0,0,0,0,0,0,0,3,0,Goodware,goodware:Goodware
2024-10-17 14:15:00,SYSTEM\C:\Windows\System32\sc.exe,,1,0,0,0,0,0,0,0,0,0,1,0,Goodware,goodware:Goodware
2024-10-17 14:15:00,SYSTEM\C:\Windows\System32\taskhostw.exe,,0,0,0,0,0,0,1,0,0,0,1,0,Goodware,goodware:Goodware
2024-10-17 14:15:00,SYSTEM\C:\Windows\system32\svchost.exe,,0,0,0,0,0,1,0,0,0,0,1,0,Goodware,goodware:Goodware
2024-10-17 14:15:00,End-user\C:\Windows\System32\cmd.exe,,1,0,0,0,0,0,0,0,0,0,1,0,Goodware,goodware:Goodware
2024-10-17 14:15:00,SYSTEM\C:\Program Files (x86)\Microsoft\EdgeUpdate\MicrosoftEdgeUpdate.exe,,1,0,0,0,0,0,1,0,0,0,2,0,Goodware,goodware:Goodware
2024-10-17 14:15:00,SYSTEM\C:\ProgramData\Microsoft\Windows Defender\Platform\4.18.24080.9-0\MpDefenderCoreService.exe,,0,0,0,0,1,0,0,0,0,0,1,0,Goodware,goodware:Goodware
2024-10-17 14:15:00,End-user\C:\Windows\system32\cmd.exe,,0,0,0,0,0,1,0,0,0,0,1,0,Goodware,goodware:Goodware
2024-10-17 14:20:00,End-user\C:\Users\End-user\anaconda3\python.exe,,1,0,0,0,32,0,82,0,0,0,177,0,Goodware,goodware:Goodware
2024-10-17 14:20:00,End-user\C:\Users\End-user\anaconda3\Scripts\conda.exe,,0,0,0,0,0,0,0,0,0,0,20,0,Goodware,goodware:Goodware
2024-10-17 14:20:00,End-user\C:\Users\End-user\anaconda3\pythonw.exe,,0,0,0,0,0,0,0,0,0,0,57,0,Goodware,goodware:Goodware
2024-10-17 14:20:00,End-user\C:\Windows\System32\ipconfig.exe,,1,0,0,0,0,0,0,0,0,0,1,0,Goodware,goodware:Goodware
2024-10-17 14:20:00,SYSTEM\System,,0,1,0,0,0,0,0,0,0,0,1,0,Goodware,goodware:Goodware
2024-10-17 14:20:00,SYSTEM\C:\Windows\System32\taskhostw.exe,,0,0,0,0,0,0,1,0,0,0,1,0,Goodware,goodware:Goodware
2024-10-17 14:20:00,NETWORK SERVICE\C:\Windows\System32\svchost.exe,,0,0,0,0,4,0,0,0,0,0,4,0,Goodware,goodware:Goodware
2024-10-17 14:20:00,End-user\C:\Program Files (x86)\Microsoft\Edge\Application\msedge.exe,,0,0,0,0,2,0,0,0,0,0,2,0,Goodware,goodware:Goodware
2024-10-17 14:25:00,End-user\C:\Users\End-user\anaconda3\pythonw.exe,,0,1,0,0,2,3,0,0,0,0,55,0,Goodware,goodware:Goodware
2024-10-17 14:25:00,End-user\C:\Users\End-user\anaconda3\python.exe,,4,2,0,0,83,61,86,0,0,0,314,0,Goodware,goodware:Goodware
2024-10-17 14:25:00,End-user\C:\Users\End-user\anaconda3\Scripts\conda.exe,,0,0,0,0,0,13,0,0,0,0,33,0,Goodware,goodware:Goodware
2024-10-17 14:25:00,End-user\C:\Program Files (x86)\Microsoft\EdgeWebView\Application\129.0.2792.89\msedgewebview2.exe,,0,0,0,0,0,0,1,0,0,0,3,0,Goodware,goodware:Goodware
2024-10-17 14:25:00,End-user\C:\Windows\System32\cmd.exe,,6,0,0,0,0,0,0,0,0,0,6,0,Goodware,goodware:Goodware
2024-10-17 14:25:00,End-user\C:\Windows\SYSTEM32\cmd.exe,,0,0,1,0,0,1,0,0,0,0,2,0,Goodware,goodware:Goodware
2024-10-17 14:25:00,-\C:\Windows\Explorer.EXE,,0,0,0,0,0,0,0,0,0,0,2,0,Goodware,goodware:Goodware
2024-10-17 14:25:00,End-user\C:\Users\End-user\anaconda3\Library\bin\QtWebEngineProcess.exe,,3,0,0,0,0,0,3,0,0,0,9,0,Goodware,goodware:Goodware
2024-10-17 14:25:00,End-user\c:\users\end-user\anaconda3\python.exe,,0,0,0,0,0,1,0,0,0,0,1,0,Goodware,goodware:Goodware
2024-10-17 14:25:00,End-user\C:\Windows\System32\ipconfig.exe,,3,0,0,0,0,0,0,0,0,0,3,0,Goodware,goodware:Goodware
2024-10-17 14:25:00,End-user\C:\Windows\system32\cmd.exe,,0,0,0,0,0,5,0,0,0,0,5,0,Goodware,goodware:Goodware
2024-10-17 14:25:00,SYSTEM\C:\Windows\system32\svchost.exe,,0,1,1,0,0,0,0,0,0,0,2,0,Goodware,goodware:Goodware
2024-10-17 14:25:00,End-user\C:\Windows\system32\svchost.exe,,0,0,0,0,0,0,0,0,0,0,1,0,Goodware,goodware:Goodware
2024-10-17 14:25:00,End-user\C:\Users\End-user\anaconda3\Scripts\spyder.exe,,0,0,0,0,0,0,0,0,0,0,1,0,Goodware,goodware:Goodware
2024-10-17 14:25:00,End-user\C:\Program Files (x86)\Microsoft\Edge\Application\msedge.exe,,1,0,24,0,0,46,4,0,0,0,80,0,Goodware,goodware:Goodware
2024-10-17 14:25:00,End-user\C:\Windows\SystemApps\MicrosoftWindows.Client.CBS_cw5n1h2txyewy\SearchHost.exe,,0,0,6,0,0,0,0,0,0,0,8,0,Goodware,goodware:Goodware
2024-10-17 14:25:00,End-user\C:\Users\End-user\AppData\Local\Microsoft\OneDrive\24.186.0915.0004\FileCoAuth.exe,,1,0,0,0,0,0,16,0,0,0,17,0,Goodware,goodware:Goodware
2024-10-17 14:25:00,End-user\C:\Windows\System32\rundll32.exe,,1,0,0,0,0,0,0,0,0,0,1,0,Goodware,goodware:Goodware
2024-10-17 14:25:00,-\C:\Users\End-user\AppData\Local\Microsoft\OneDrive\OneDrive.exe,,0,0,0,0,0,0,0,0,0,0,1,0,Goodware,goodware:Goodware
2024-10-17 14:30:00,End-user\C:\Windows\System32\smartscreen.exe,,0,0,0,0,0,0,1,0,0,0,1,0,Goodware,goodware:Goodware
2024-10-17 14:30:00,End-user\C:\Windows\Explorer.EXE,,0,0,1,0,0,0,0,0,0,0,1,0,Goodware,goodware:Goodware
2024-10-17 14:30:00,End-user\C:\Users\End-user\Downloads\VSCodeUserSetup-x64-1.94.2.exe,,1,0,0,0,0,0,1,0,0,0,3,0,Goodware,goodware:Goodware
2024-10-17 14:30:00,End-user\C:\Users\End-user\AppData\Local\Temp\is-OU8L1.tmp\VSCodeUserSetup-x64-1.94.2.tmp,,1,2,0,0,0,147,2,0,0,0,153,0,Goodware,goodware:Goodware
2024-10-17 14:30:00,-\C:\Windows\Explorer.EXE,,0,0,0,0,0,0,0,0,0,0,3,0,Goodware,goodware:Goodware
2024-10-17 14:30:00,-\C:\Users\End-user\AppData\Local\Temp\is-OU8L1.tmp\VSCodeUserSetup-x64-1.94.2.tmp,,0,0,0,0,0,0,0,0,0,0,41,0,Goodware,goodware:Goodware
2024-10-17 14:30:00,SYSTEM\C:\Windows\System32\svchost.exe,,0,0,0,0,0,0,4,0,0,0,4,0,Goodware,goodware:Goodware
2024-10-17 14:30:00,End-user\C:\Program Files (x86)\Microsoft\Edge\Application\msedge.exe,,0,0,0,0,0,6,2,0,0,0,8,0,Goodware,goodware:Goodware
2024-10-17 14:30:00,End-user\C:\Windows\SysWOW64\WindowsPowerShell\v1.0\powershell.exe,,1,2,1,0,0,0,18,0,0,0,23,0,Goodware,goodware:Goodware
2024-10-17 14:30:00,NETWORK SERVICE\C:\Windows\System32\wbem\WmiPrvSE.exe,,2,0,0,0,0,0,2,0,0,0,4,0,Goodware,goodware:Goodware
2024-10-17 14:30:00,End-user\C:\Windows\System32\icacls.exe,,1,0,0,0,0,0,0,0,0,0,1,0,Goodware,goodware:Goodware
2024-10-17 14:30:00,User\C:\Program Files\WindowsApps\MicrosoftTeams_24256.2502.3123.1_x64__8wekyb3d8bbwe\msteamsupdate.exe,,0,0,0,0,0,0,1,0,0,0,1,0,Goodware,goodware:Goodware
2024-10-17 14:30:00,SYSTEM\C:\ProgramData\Microsoft\Windows Defender\Platform\4.18.24080.9-0\MpDefenderCoreService.exe,,0,0,0,0,1,0,0,0,0,0,1,0,Goodware,goodware:Goodware
2024-10-17 14:30:00,SYSTEM\C:\Windows\system32\svchost.exe,,0,2,1,0,0,3,0,0,0,0,6,0,Goodware,goodware:Goodware
2024-10-17 14:30:00,User\C:\Windows\System32\RuntimeBroker.exe,,0,0,0,0,0,0,1,0,0,0,1,0,Goodware,goodware:Goodware
2024-10-17 14:30:00,End-user\C:\Windows\System32\RuntimeBroker.exe,,0,0,0,0,0,0,1,0,0,0,1,0,Goodware,goodware:Goodware
2024-10-17 14:30:00,NETWORK SERVICE\C:\Windows\system32\sppsvc.exe,,0,1,0,0,0,0,0,0,0,0,1,0,Goodware,goodware:Goodware
2024-10-17 14:30:00,NETWORK SERVICE\C:\Windows\System32\sppsvc.exe,,0,0,0,0,0,0,1,0,0,0,1,0,Goodware,goodware:Goodware
2024-10-17 14:30:00,-\C:\Users\User\AppData\Local\Microsoft\OneDrive\OneDrive.exe,,0,0,0,0,0,0,0,0,0,0,49,0,Goodware,goodware:Goodware
2024-10-17 14:30:00,SYSTEM\C:\Windows\UUS\Packages\Preview\amd64\MoUsoCoreWorker.exe,,0,0,0,0,0,0,1,0,0,0,1,0,Goodware,goodware:Goodware
2024-10-17 14:35:00,LOCAL SERVICE\C:\Windows\System32\svchost.exe,,0,1,0,0,0,0,0,0,0,0,1,0,Goodware,goodware:Goodware
2024-10-17 14:35:00,-\C:\Users\End-user\AppData\Local\Microsoft\OneDrive\OneDrive.exe,,0,0,0,0,0,0,0,0,0,0,59,0,Goodware,goodware:Goodware
2024-10-17 14:35:00,SYSTEM\C:\Windows\System32\svchost.exe,,1,0,0,0,0,12,2,0,0,0,15,0,Goodware,goodware:Goodware
2024-10-17 14:35:00,End-user\C:\Users\End-user\AppData\Local\Programs\Microsoft VS Code\Code.exe,,11,6,0,0,20,13,50,0,0,0,149,0,Goodware,goodware:Goodware
2024-10-17 14:35:00,-\C:\Windows\Explorer.EXE,,0,0,0,0,0,0,0,0,0,0,1,0,Goodware,goodware:Goodware
2024-10-17 14:35:00,-\C:\Users\End-user\AppData\Local\Temp\is-OU8L1.tmp\VSCodeUserSetup-x64-1.94.2.tmp,,0,0,0,0,0,0,0,0,0,0,1,0,Goodware,goodware:Goodware
2024-10-17 14:35:00,-\C:\Users\End-user\AppData\Local\Programs\Microsoft VS Code\Code.exe,,0,0,0,0,0,0,0,0,0,0,24,0,Goodware,goodware:Goodware
2024-10-17 14:35:00,End-user\C:\Users\End-user\AppData\Local\Temp\is-OU8L1.tmp\VSCodeUserSetup-x64-1.94.2.tmp,,0,0,1,0,0,1,0,0,0,0,3,0,Goodware,goodware:Goodware
2024-10-17 14:35:00,End-user\C:\Users\End-user\Downloads\VSCodeUserSetup-x64-1.94.2.exe,,0,0,1,0,0,0,0,0,0,0,2,0,Goodware,goodware:Goodware
2024-10-17 14:35:00,End-user\C:\Windows\System32\cmd.exe,,1,0,0,0,0,0,0,0,0,0,1,0,Goodware,goodware:Goodware
2024-10-17 14:35:00,End-user\C:\Windows\system32\cmd.exe,,0,0,0,0,0,1,0,0,0,0,1,0,Goodware,goodware:Goodware
2024-10-17 14:35:00,End-user\C:\Users\End-user\AppData\Local\Programs\Microsoft VS Code\bin\code-tunnel.exe,,1,0,0,0,0,0,1,0,0,0,3,0,Goodware,goodware:Goodware
2024-10-17 14:35:00,NETWORK SERVICE\C:\Windows\System32\svchost.exe,,0,0,0,0,4,0,0,0,0,0,4,0,Goodware,goodware:Goodware
2024-10-17 14:35:00,End-user\C:\Program Files (x86)\Microsoft\Edge\Application\msedge.exe,,0,0,0,0,0,2,0,0,0,0,2,0,Goodware,goodware:Goodware
2024-10-17 14:40:00,SYSTEM\C:\Windows\System32\svchost.exe,,0,0,0,0,0,12,0,0,0,0,12,0,Goodware,goodware:Goodware
2024-10-17 14:40:00,End-user\C:\Users\End-user\AppData\Local\Programs\Microsoft VS Code\Code.exe,,7,610,0,0,43,18,17,0,0,0,820,0,Goodware,goodware:Goodware
2024-10-17 14:40:00,-\C:\Users\End-user\AppData\Local\Programs\Microsoft VS Code\Code.exe,,0,0,0,0,0,0,0,0,0,0,181,0,Goodware,goodware:Goodware
2024-10-17 14:40:00,End-user\C:\Users\End-user\AppData\Local\Programs\Microsoft VS Code\resources\app\node_modules\@vscode\vsce-sign\bin\vsce-sign.exe,,4,0,0,0,0,0,4,0,0,0,12,0,Goodware,goodware:Goodware
2024-10-17 14:40:00,End-user\C:\Windows\System32\cmd.exe,,6,0,0,0,0,0,0,0,0,0,6,0,Goodware,goodware:Goodware
2024-10-17 14:40:00,End-user\C:\Windows\system32\cmd.exe,,0,0,0,0,0,7,0,0,0,0,7,0,Goodware,goodware:Goodware
2024-10-17 14:40:00,End-user\C:\Users\End-user\.vscode\extensions\ms-python.python-2024.16.1-win32-x64\python-env-tools\bin\pet.exe,,1,0,0,0,0,0,0,0,0,0,1,0,Goodware,goodware:Goodware
2024-10-17 14:40:00,End-user\C:\Windows\System32\reg.exe,,12,0,0,0,0,0,0,0,0,0,12,0,Goodware,goodware:Goodware
2024-10-17 14:40:00,End-user\C:\Windows\System32\conhost.exe,,0,0,0,0,0,0,0,0,0,0,1,0,Goodware,goodware:Goodware
2024-10-17 14:40:00,End-user\C:\Windows\System32\WindowsPowerShell\v1.0\powershell.exe,,1,1,1,0,0,0,8,0,0,0,12,0,Goodware,goodware:Goodware
2024-10-17 14:40:00,End-user\C:\Users\End-user\anaconda3\Scripts\conda.exe,,0,0,0,0,0,1,0,0,0,0,2,0,Goodware,goodware:Goodware
2024-10-17 14:40:00,End-user\C:\Users\End-user\anaconda3\python.exe,,0,0,0,0,0,4,4,0,0,0,12,0,Goodware,goodware:Goodware
2024-10-17 14:40:00,NETWORK SERVICE\C:\Windows\System32\wbem\WmiPrvSE.exe,,1,0,0,0,0,0,1,0,0,0,2,0,Goodware,goodware:Goodware
2024-10-17 14:40:00,-\C:\Windows\system32\cmd.exe,,0,0,0,0,0,0,0,0,0,0,2,0,Goodware,goodware:Goodware
2024-10-17 14:40:00,-\C:\Windows\system32\csrss.exe,,0,0,0,0,0,0,0,0,0,0,2,0,Goodware,goodware:Goodware
2024-10-17 14:40:00,-\C:\Windows\system32\svchost.exe,,0,0,0,0,0,0,0,0,0,0,4,0,Goodware,goodware:Goodware
2024-10-17 14:40:00,SYSTEM\C:\Windows\system32\svchost.exe,,0,11,0,0,0,0,0,0,0,0,11,0,Goodware,goodware:Goodware
2024-10-17 14:40:00,-\C:\Windows\system32\conhost.exe,,0,0,0,0,0,0,0,0,0,0,2,0,Goodware,goodware:Goodware
2024-10-17 14:40:00,-\C:\Windows\System32\svchost.exe,,0,0,0,0,0,0,0,0,0,0,2,0,Goodware,goodware:Goodware
2024-10-17 14:40:00,End-user\C:\Program Files\WindowsApps\Microsoft.DesktopAppInstaller_1.23.1911.0_x64__8wekyb3d8bbwe\AppInstallerPythonRedirector.exe,,0,3,0,0,0,0,0,0,0,0,3,0,Goodware,goodware:Goodware
2024-10-17 14:40:00,End-user\C:\Windows\system32\svchost.exe,,0,0,0,0,0,0,0,0,0,0,1,0,Goodware,goodware:Goodware
2024-10-17 14:45:00,End-user\C:\Users\End-user\AppData\Local\Programs\Microsoft VS Code\Code.exe,,1,3,0,0,13,12,3,0,0,0,44,0,Goodware,goodware:Goodware
2024-10-17 14:45:00,End-user\C:\Users\End-user\.vscode\extensions\ms-python.python-2024.16.1-win32-x64\python-env-tools\bin\pet.exe,,0,0,0,0,0,0,0,0,0,0,1,0,Goodware,goodware:Goodware
2024-10-17 14:45:00,-\C:\Users\End-user\AppData\Local\Programs\Microsoft VS Code\Code.exe,,0,0,0,0,0,0,0,0,0,0,3,0,Goodware,goodware:Goodware
2024-10-17 14:45:00,End-user\C:\Windows\System32\WindowsPowerShell\v1.0\powershell.exe,,0,1,0,0,0,0,0,0,0,0,1,0,Goodware,goodware:Goodware
2024-10-17 14:45:00,End-user\C:\Windows\Explorer.EXE,,0,2,3,0,0,1,0,0,0,0,6,0,Goodware,goodware:Goodware
2024-10-17 14:45:00,End-user\C:\Windows\System32\smartscreen.exe,,0,0,0,0,0,0,1,0,0,0,1,0,Goodware,goodware:Goodware
2024-10-17 14:45:00,End-user\C:\Users\End-user\Downloads\GPG_Plugin_Portable_2.2.44.paf.exe,,1,284,4,0,0,1,6,0,0,0,328,0,Goodware,goodware:Goodware
2024-10-17 14:45:00,-\C:\Windows\Explorer.EXE,,0,0,0,0,0,0,0,0,0,0,2,0,Goodware,goodware:Goodware
2024-10-17 14:45:00,End-user\C:\Windows\System32\svchost.exe,,0,0,0,0,0,0,1,0,0,0,1,0,Goodware,goodware:Goodware
2024-10-17 14:45:00,End-user\C:\Windows\system32\sihost.exe,,0,0,0,0,0,0,0,0,0,0,8,0,Goodware,goodware:Goodware
2024-10-17 14:45:00,End-user\C:\Windows\SystemApps\MicrosoftWindows.Client.CBS_cw5n1h2txyewy\SearchHost.exe,,0,0,4,0,0,0,0,0,0,0,5,0,Goodware,goodware:Goodware
2024-10-17 14:45:00,End-user\C:\Windows\System32\cmd.exe,,1,0,0,0,0,0,0,0,0,0,1,0,Goodware,goodware:Goodware
2024-10-17 14:45:00,SYSTEM\C:\Windows\system32\svchost.exe,,0,0,0,0,0,5,0,0,0,0,5,0,Goodware,goodware:Goodware
2024-10-17 14:45:00,End-user\C:\Program Files\WindowsApps\Microsoft.WindowsTerminal_1.20.11781.0_x64__8wekyb3d8bbwe\OpenConsole.exe,,0,0,0,0,0,0,1,0,0,0,1,0,Goodware,goodware:Goodware
2024-10-17 14:45:00,End-user\C:\Windows\System32\conhost.exe,,0,0,0,0,0,0,1,0,0,0,1,0,Goodware,goodware:Goodware
2024-10-17 14:45:00,End-user\C:\Program Files\WindowsApps\Microsoft.WindowsTerminal_1.20.11781.0_x64__8wekyb3d8bbwe\WindowsTerminal.exe,,0,0,0,0,0,0,3,0,0,0,3,0,Goodware,goodware:Goodware
2024-10-17 14:45:00,End-user\C:\Windows\system32\svchost.exe,,0,0,0,0,0,0,0,0,0,0,1,0,Goodware,goodware:Goodware
2024-10-17 14:45:00,End-user\C:\Users\End-user\Downloads\CommonFiles\GPG\bin\gpg.exe,,2,0,0,0,0,0,12,0,0,0,16,0,Goodware,goodware:Goodware
2024-10-17 14:50:00,SYSTEM\C:\Windows\system32\svchost.exe,,0,3,0,0,0,2,0,0,0,0,5,0,Goodware,goodware:Goodware
2024-10-17 14:50:00,SYSTEM\C:\Windows\System32\svchost.exe,,0,0,0,0,0,0,2,0,0,0,2,0,Goodware,goodware:Goodware
2024-10-17 14:50:00,NETWORK SERVICE\C:\Windows\System32\wbem\WmiPrvSE.exe,,1,0,0,0,0,0,1,0,0,0,2,0,Goodware,goodware:Goodware
2024-10-17 14:50:00,SYSTEM\C:\Windows\UUS\Packages\Preview\amd64\MoUsoCoreWorker.exe,,0,0,0,0,0,0,1,0,0,0,1,0,Goodware,goodware:Goodware
2024-10-17 14:50:00,SYSTEM\C:\Windows\System32\provtool.exe,,0,0,0,0,0,0,3,0,0,0,3,0,Goodware,goodware:Goodware
2024-10-17 14:50:00,SYSTEM\C:\Windows\System32\taskhostw.exe,,0,0,0,0,0,0,6,0,0,0,6,0,Goodware,goodware:Goodware
2024-10-17 14:50:00,-\C:\Windows\system32\taskhostw.exe,,0,0,0,0,0,0,0,0,0,0,2,0,Goodware,goodware:Goodware
2024-10-17 14:50:00,SYSTEM\C:\Windows\Microsoft.NET\Framework64\v4.0.30319\NGenTask.exe,,0,2,0,0,0,0,0,0,0,0,2,0,Goodware,goodware:Goodware
2024-10-17 14:50:00,-\C:\Windows\Microsoft.NET\Framework64\v4.0.30319\NGenTask.exe,,0,0,0,0,0,0,0,0,0,0,2,0,Goodware,goodware:Goodware
2024-10-17 14:50:00,SYSTEM\C:\Windows\Microsoft.NET\Framework64\v4.0.30319\ngen.exe,,0,3,0,0,0,0,1,0,0,0,4,0,Goodware,goodware:Goodware
2024-10-17 14:50:00,SYSTEM\C:\Windows\Microsoft.NET\Framework\v4.0.30319\NGenTask.exe,,0,2,0,0,0,0,0,0,0,0,2,0,Goodware,goodware:Goodware
2024-10-17 14:50:00,-\C:\Windows\Microsoft.NET\Framework\v4.0.30319\NGenTask.exe,,0,0,0,0,0,0,0,0,0,0,2,0,Goodware,goodware:Goodware
2024-10-17 14:50:00,SYSTEM\C:\Windows\Microsoft.NET\Framework\v4.0.30319\ngen.exe,,0,4,0,0,0,0,1,0,0,0,5,0,Goodware,goodware:Goodware
2024-10-17 14:50:00,SYSTEM\C:\Windows\Microsoft.NET\Framework\v4.0.30319\mscorsvw.exe,,0,731,0,0,0,0,0,0,0,0,731,0,Goodware,goodware:Goodware
2024-10-17 14:50:00,NETWORK SERVICE\C:\Windows\System32\svchost.exe,,0,0,0,0,4,0,0,0,0,0,4,0,Goodware,goodware:Goodware
2024-10-17 14:50:00,NETWORK SERVICE\C:\Windows\System32\sppsvc.exe,,0,0,0,0,0,0,1,0,0,0,1,0,Goodware,goodware:Goodware
2024-10-17 14:50:00,LOCAL SERVICE\C:\Windows\System32\svchost.exe,,0,1,0,0,0,0,0,0,0,0,1,0,Goodware,goodware:Goodware
2024-10-17 14:55:00,SYSTEM\C:\Windows\Microsoft.NET\Framework\v4.0.30319\mscorsvw.exe,,0,931,0,0,0,0,2608,0,0,0,3539,0,Goodware,goodware:Goodware
2024-10-17 14:55:00,SYSTEM\C:\Windows\System32\svchost.exe,,0,0,0,0,0,24,0,0,0,0,24,0,Goodware,goodware:Goodware
2024-10-17 14:55:00,SYSTEM\C:\Windows\system32\svchost.exe,,0,0,0,0,0,2,0,0,0,0,2,0,Goodware,goodware:Goodware
2024-10-17 14:55:00,NETWORK SERVICE\C:\Windows\System32\sppsvc.exe,,0,0,0,0,0,0,1,0,0,0,1,0,Goodware,goodware:Goodware
2024-10-17 15:00:00,SYSTEM\C:\Windows\Microsoft.NET\Framework\v4.0.30319\mscorsvw.exe,,0,26,1,0,0,0,288,0,0,0,315,0,Goodware,goodware:Goodware
2024-10-17 15:00:00,SYSTEM\C:\Windows\system32\svchost.exe,,0,2,1,0,0,3,0,0,0,0,6,0,Goodware,goodware:Goodware
2024-10-17 15:00:00,SYSTEM\C:\Windows\System32\svchost.exe,,0,0,0,0,0,6,0,0,0,0,6,0,Goodware,goodware:Goodware
2024-10-17 15:00:00,User\C:\Program Files\WindowsApps\MicrosoftWindows.Client.WebExperience_524.24900.130.0_x64__cw5n1h2txyewy\Dashboard\Widgets.exe,,0,0,0,0,0,1,0,0,0,0,1,0,Goodware,goodware:Goodware
2024-10-17 15:00:00,User\C:\Program Files (x86)\Microsoft\EdgeWebView\Application\129.0.2792.89\msedgewebview2.exe,,0,0,0,0,0,7,0,0,0,0,7,0,Goodware,goodware:Goodware
2024-10-17 15:00:00,SYSTEM\C:\Windows\System32\LogonUI.exe,,0,0,0,0,0,0,1,0,0,0,1,0,Goodware,goodware:Goodware
2024-10-17 15:00:00,End-user\C:\Users\End-user\anaconda3\python.exe,,0,0,0,0,0,3,0,0,0,0,6,0,Goodware,goodware:Goodware
2024-10-17 15:00:00,End-user\C:\Users\End-user\anaconda3\Scripts\jupyter.exe,,0,0,0,0,0,0,0,0,0,0,1,0,Goodware,goodware:Goodware
2024-10-17 15:00:00,End-user\C:\Users\End-user\anaconda3\Scripts\jupyter-lab.exe,,0,0,0,0,0,0,0,0,0,0,1,0,Goodware,goodware:Goodware
2024-10-17 15:00:00,User\C:\Windows\system32\DllHost.exe,,0,0,0,0,0,1,0,0,0,0,1,0,Goodware,goodware:Goodware
2024-10-17 15:00:00,End-user\C:\Program Files\WindowsApps\MicrosoftWindows.Client.WebExperience_524.24900.130.0_x64__cw5n1h2txyewy\Dashboard\Widgets.exe,,0,0,0,0,0,1,0,0,0,0,1,0,Goodware,goodware:Goodware
2024-10-17 15:00:00,End-user\C:\Windows\System32\VBoxTray.exe,,0,0,0,0,0,1,0,0,0,0,1,0,Goodware,goodware:Goodware
2024-10-17 15:00:00,End-user\C:\Program Files\WindowsApps\Microsoft.WindowsTerminal_1.20.11781.0_x64__8wekyb3d8bbwe\OpenConsole.exe,,0,0,0,0,0,1,0,0,0,0,1,0,Goodware,goodware:Goodware
2024-10-17 15:00:00,End-user\C:\Windows\system32\cmd.exe,,0,0,0,0,0,1,0,0,0,0,1,0,Goodware,goodware:Goodware
2024-10-17 15:00:00,End-user\C:\Windows\SYSTEM32\cmd.exe,,0,0,0,0,0,1,0,0,0,0,1,0,Goodware,goodware:Goodware
2024-10-17 15:00:00,End-user\C:\Program Files\WindowsApps\Microsoft.WindowsTerminal_1.20.11781.0_x64__8wekyb3d8bbwe\WindowsTerminal.exe,,0,0,0,0,0,1,0,0,0,0,1,0,Goodware,goodware:Goodware
2024-10-17 15:00:00,End-user\C:\Program Files (x86)\Microsoft\Edge\Application\msedge.exe,,0,0,0,0,0,7,0,0,0,0,7,0,Goodware,goodware:Goodware
2024-10-17 15:00:00,End-user\C:\Program Files (x86)\Microsoft\EdgeWebView\Application\129.0.2792.89\msedgewebview2.exe,,0,0,0,0,0,7,0,0,0,0,7,0,Goodware,goodware:Goodware
2024-10-17 15:00:00,User\C:\Users\User\AppData\Local\Microsoft\OneDrive\OneDrive.exe,,0,0,0,0,0,0,0,0,0,0,1,0,Goodware,goodware:Goodware
2024-10-17 15:00:00,User\C:\Windows\SystemApps\Microsoft.Windows.StartMenuExperienceHost_cw5n1h2txyewy\StartMenuExperienceHost.exe,,0,0,0,0,0,1,0,0,0,0,1,0,Goodware,goodware:Goodware
2024-10-17 15:00:00,End-user\C:\Users\End-user\AppData\Local\Microsoft\OneDrive\24.186.0915.0004\FileCoAuth.exe,,0,0,0,0,0,0,0,0,0,0,1,0,Goodware,goodware:Goodware
2024-10-17 15:00:00,User\C:\Windows\SystemApps\ShellExperienceHost_cw5n1h2txyewy\ShellExperienceHost.exe,,0,0,0,0,0,1,0,0,0,0,1,0,Goodware,goodware:Goodware
2024-10-17 15:00:00,User\C:\Windows\SystemApps\MicrosoftWindows.Client.CBS_cw5n1h2txyewy\SearchHost.exe,,0,0,0,0,0,1,0,0,0,0,1,0,Goodware,goodware:Goodware
2024-10-17 15:00:00,End-user\C:\Users\End-user\AppData\Local\Microsoft\OneDrive\OneDrive.exe,,0,0,0,0,0,0,0,0,0,0,1,0,Goodware,goodware:Goodware
2024-10-17 15:00:00,User\C:\Windows\Explorer.EXE,,0,0,0,0,0,1,0,0,0,0,1,0,Goodware,goodware:Goodware
2024-10-17 15:00:00,End-user\C:\Windows\ImmersiveControlPanel\SystemSettings.exe,,0,0,0,0,0,1,0,0,0,0,1,0,Goodware,goodware:Goodware
2024-10-17 15:00:00,End-user\C:\Windows\SystemApps\ShellExperienceHost_cw5n1h2txyewy\ShellExperienceHost.exe,,0,0,0,0,0,1,0,0,0,0,1,0,Goodware,goodware:Goodware
2024-10-17 15:00:00,User\C:\Windows\System32\RuntimeBroker.exe,,0,0,0,0,0,2,0,0,0,0,2,0,Goodware,goodware:Goodware
2024-10-17 15:00:00,End-user\C:\Windows\SystemApps\Microsoft.Windows.StartMenuExperienceHost_cw5n1h2txyewy\StartMenuExperienceHost.exe,,0,0,0,0,0,1,0,0,0,0,1,0,Goodware,goodware:Goodware
2024-10-17 15:00:00,SYSTEM\C:\Windows\system32\services.exe,,0,0,0,0,0,122,0,0,0,0,122,0,Goodware,goodware:Goodware
2024-10-17 15:00:00,End-user\C:\Windows\SystemApps\MicrosoftWindows.Client.CBS_cw5n1h2txyewy\SearchHost.exe,,0,0,0,0,0,1,0,0,0,0,1,0,Goodware,goodware:Goodware
2024-10-17 15:00:00,NETWORK SERVICE\C:\Windows\System32\svchost.exe,,0,3,0,0,0,4,0,0,0,0,7,0,Goodware,goodware:Goodware
2024-10-17 15:00:00,DWM-1\C:\Windows\system32\dwm.exe,,0,0,0,0,0,1,0,0,0,0,1,0,Goodware,goodware:Goodware
2024-10-17 15:00:00,End-user\C:\Windows\Explorer.EXE,,0,0,0,0,0,1,0,0,0,0,1,0,Goodware,goodware:Goodware
2024-10-17 15:00:00,End-user\C:\Windows\system32\ApplicationFrameHost.exe,,0,0,0,0,0,1,0,0,0,0,1,0,Goodware,goodware:Goodware
2024-10-17 15:00:00,End-user\C:\Windows\System32\RuntimeBroker.exe,,0,0,0,0,0,4,0,0,0,0,4,0,Goodware,goodware:Goodware
2024-10-17 15:00:00,LOCAL SERVICE\C:\Windows\System32\svchost.exe,,0,14,0,0,0,2,0,0,0,0,16,0,Goodware,goodware:Goodware
2024-10-17 15:00:00,SYSTEM\C:\ProgramData\Microsoft\Windows Defender\Platform\4.18.24080.9-0\MsMpEng.exe,,0,0,0,0,0,3,0,0,0,0,3,0,Goodware,goodware:Goodware
2024-10-17 15:00:00,-\-,,0,0,0,0,0,0,0,0,0,0,2,0,Goodware,goodware:Goodware
2024-10-17 15:00:00,SYSTEM\C:\ProgramData\Microsoft\Windows Defender\Platform\4.18.24080.9-0\MpDefenderCoreService.exe,,0,0,0,0,1,0,0,0,0,0,1,0,Goodware,goodware:Goodware
2024-10-17 15:10:00,SYSTEM\System,,0,20,0,0,0,0,0,0,0,0,20,0,Goodware,goodware:Goodware
2024-10-17 15:10:00,-\-,,0,0,0,0,0,0,0,0,0,0,4,0,Goodware,goodware:Goodware
2024-10-17 15:10:00,SYSTEM\C:\Windows\System32\smss.exe,,0,0,0,0,0,7,0,0,0,0,7,0,Goodware,goodware:Goodware
2024-10-17 15:10:00,SYSTEM\C:\Windows\System32\csrss.exe,,3,0,0,0,0,0,0,0,0,0,3,0,Goodware,goodware:Goodware
2024-10-17 15:10:00,SYSTEM\C:\Windows\system32\csrss.exe,,0,0,0,0,0,2,0,0,0,0,2,0,Goodware,goodware:Goodware
2024-10-17 15:10:00,SYSTEM\C:\Windows\system32\wininit.exe,,0,0,0,0,0,4,0,0,0,0,6,0,Goodware,goodware:Goodware
2024-10-17 15:10:00,SYSTEM\C:\Windows\System32\lsass.exe,,1,0,0,0,0,0,0,0,0,0,1,0,Goodware,goodware:Goodware
2024-10-17 15:10:00,-\C:\Windows\system32\wininit.exe,,0,0,0,0,0,0,0,0,0,0,1,0,Goodware,goodware:Goodware
2024-10-17 15:10:00,-\C:\Windows\system32\csrss.exe,,0,0,0,0,0,0,0,0,0,0,1,0,Goodware,goodware:Goodware
2024-10-17 15:10:00,SYSTEM\C:\Windows\system32\lsass.exe,,0,1,1,0,0,3,0,0,0,0,6,0,Goodware,goodware:Goodware
2024-10-17 15:10:00,SYSTEM\C:\Windows\system32\services.exe,,0,0,0,0,0,524,0,0,0,0,526,0,Goodware,goodware:Goodware
2024-10-17 15:10:00,SYSTEM\C:\Windows\system32\svchost.exe,,0,8,0,0,0,61,0,0,0,0,74,0,Goodware,goodware:Goodware
2024-10-17 15:10:00,NETWORK SERVICE\C:\Windows\system32\svchost.exe,,0,0,0,0,0,2,0,0,0,0,5,0,Goodware,goodware:Goodware
2024-10-17 15:10:00,SYSTEM\C:\Windows\System32\svchost.exe,,9,0,0,0,0,0,14,0,0,0,24,0,Goodware,goodware:Goodware
2024-10-17 15:10:00,SYSTEM\C:\Windows\system32\winlogon.exe,,0,2,0,0,0,2,0,0,0,0,4,0,Goodware,goodware:Goodware
2024-10-17 15:10:00,LOCAL SERVICE\C:\Windows\System32\svchost.exe,,20,3,0,0,0,5,3,0,0,0,34,0,Goodware,goodware:Goodware
2024-10-17 15:10:00,NETWORK SERVICE\C:\Windows\System32\svchost.exe,,0,7,0,0,4,1,3,0,0,0,17,0,Goodware,goodware:Goodware
2024-10-17 15:10:00,LOCAL SERVICE\C:\Windows\system32\svchost.exe,,0,0,0,0,0,22,0,0,0,0,22,0,Goodware,goodware:Goodware
2024-10-17 15:10:00,SYSTEM\C:\Windows\System32\taskhostw.exe,,0,0,0,0,0,0,2,0,0,0,2,0,Goodware,goodware:Goodware
2024-10-17 15:10:00,SYSTEM\C:\Windows\System32\LogonUI.exe,,0,0,0,0,0,0,3,0,0,0,3,0,Goodware,goodware:Goodware
2024-10-17 15:10:00,SYSTEM\C:\Windows\System32\spoolsv.exe,,1,0,0,0,0,6,1,0,0,0,12,0,Goodware,goodware:Goodware
2024-10-17 15:10:00,SYSTEM\C:\ProgramData\Microsoft\Windows Defender\Platform\4.18.24080.9-0\MpDefenderCoreService.exe,,0,0,0,0,1,0,3,0,0,0,4,0,Goodware,goodware:Goodware
2024-10-17 15:10:00,SYSTEM\C:\ProgramData\Microsoft\Windows Defender\Platform\4.18.24080.9-0\MsMpEng.exe,,0,0,0,0,0,6,8,0,0,0,14,0,Goodware,goodware:Goodware
2024-10-17 15:10:00,SYSTEM\C:\Windows\Sysmon.exe,,0,0,0,0,0,0,2,0,0,0,2,0,Goodware,goodware:Goodware
2024-10-17 15:10:00,NETWORK SERVICE\C:\Windows\System32\wbem\WmiPrvSE.exe,,1,0,0,0,0,0,1,0,0,0,2,0,Goodware,goodware:Goodware
2024-10-17 15:10:00,NETWORK SERVICE\C:\Windows\system32\sppsvc.exe,,0,7,0,0,0,0,0,0,0,0,7,0,Goodware,goodware:Goodware
2024-10-17 15:10:00,NETWORK SERVICE\C:\Windows\system32\SppExtComObj.exe,,0,0,0,0,0,0,0,0,0,0,1,0,Goodware,goodware:Goodware
2024-10-17 15:10:00,User\C:\Windows\System32\svchost.exe,,2,0,0,0,0,0,1,0,0,0,3,0,Goodware,goodware:Goodware
2024-10-17 15:10:00,SYSTEM\C:\Windows\System32\wbem\WmiPrvSE.exe,,1,0,0,0,0,0,1,0,0,0,2,0,Goodware,goodware:Goodware
2024-10-17 15:10:00,SYSTEM\C:\Windows\System32\wevtutil.exe,,12,0,0,0,0,0,0,0,0,0,12,0,Goodware,goodware:Goodware
2024-10-17 15:10:00,SYSTEM\C:\Program Files (x86)\Microsoft\EdgeUpdate\MicrosoftEdgeUpdate.exe,,1,0,0,0,0,0,2,0,0,0,3,0,Goodware,goodware:Goodware
2024-10-17 15:10:00,User\C:\Windows\system32\userinit.exe,,0,0,0,0,0,1,0,0,0,0,1,0,Goodware,goodware:Goodware
2024-10-17 15:10:00,NETWORK SERVICE\C:\Windows\System32\SppExtComObj.Exe,,0,0,0,0,0,0,0,0,0,0,1,0,Goodware,goodware:Goodware
2024-10-17 15:10:00,-\C:\Windows\system32\sppsvc.exe,,0,0,0,0,0,0,0,0,0,0,1,0,Goodware,goodware:Goodware
2024-10-17 15:10:00,User\C:\Windows\explorer.exe,,0,0,0,0,0,0,2,0,0,0,2,0,Goodware,goodware:Goodware
2024-10-17 15:10:00,SYSTEM\C:\Windows\system32\wevtutil.exe,,0,0,0,0,0,16,0,0,0,0,16,0,Goodware,goodware:Goodware
2024-10-17 15:10:00,SYSTEM\C:\Windows\System32\sdbinst.exe,,1,0,0,0,0,0,0,0,0,0,1,0,Goodware,goodware:Goodware
2024-10-17 15:10:00,SYSTEM\C:\Windows\system32\sdbinst.exe,,0,2,0,0,0,0,0,0,0,0,2,0,Goodware,goodware:Goodware
2024-10-17 15:10:00,SYSTEM\C:\Windows\system32\taskhostw.exe,,0,0,0,0,0,20,0,0,0,0,20,0,Goodware,goodware:Goodware
2024-10-17 15:10:00,User\C:\Windows\SystemApps\Microsoft.Windows.StartMenuExperienceHost_cw5n1h2txyewy\StartMenuExperienceHost.exe,,0,0,0,0,0,0,1,0,0,0,1,0,Goodware,goodware:Goodware
2024-10-17 15:10:00,User\C:\Windows\SystemApps\MicrosoftWindows.Client.CBS_cw5n1h2txyewy\SearchHost.exe,,0,0,9,0,0,0,1,0,0,0,10,0,Goodware,goodware:Goodware
2024-10-17 15:10:00,User\C:\Program Files\WindowsApps\Microsoft.WidgetsPlatformRuntime_1.4.0.0_x64__8wekyb3d8bbwe\WidgetService\WidgetService.exe,,0,7,0,0,0,0,0,0,0,0,7,0,Goodware,goodware:Goodware
2024-10-17 15:10:00,User\C:\Program Files\WindowsApps\Microsoft.XboxGamingOverlay_7.224.9242.0_x64__8wekyb3d8bbwe\GameBar.exe,,0,0,0,0,0,0,1,0,0,0,2,0,Goodware,goodware:Goodware
2024-10-17 15:10:00,User\C:\Windows\system32\DllHost.exe,,0,0,0,0,0,4,0,0,0,0,4,0,Goodware,goodware:Goodware
2024-10-17 15:10:00,User\C:\Windows\Explorer.EXE,,0,0,4,0,0,0,0,0,0,0,4,0,Goodware,goodware:Goodware
2024-10-17 15:10:00,User\C:\Windows\system32\svchost.exe,,0,1,0,0,0,0,0,0,0,0,1,0,Goodware,goodware:Goodware
2024-10-17 15:10:00,User\C:\Windows\System32\RuntimeBroker.exe,,0,0,2,0,0,0,1,0,0,0,4,0,Goodware,goodware:Goodware
2024-10-17 15:10:00,User\C:\Program Files\WindowsApps\MicrosoftWindows.Client.WebExperience_524.24900.130.0_x64__cw5n1h2txyewy\Dashboard\Widgets.exe,,0,0,0,0,0,0,1,0,0,0,1,0,Goodware,goodware:Goodware
2024-10-17 15:10:00,SYSTEM\C:\Windows\system32\SearchIndexer.exe,,0,0,0,0,0,0,0,0,0,0,1,0,Goodware,goodware:Goodware
2024-10-17 15:10:00,User\C:\Windows\System32\BackgroundTransferHost.exe,,0,0,0,0,0,0,1,0,0,0,1,0,Goodware,goodware:Goodware
2024-10-17 15:10:00,LOCAL SERVICE\C:\ProgramData\Microsoft\Windows Defender\Platform\4.18.24080.9-0\NisSrv.exe,,0,0,0,0,0,0,2,0,0,0,2,0,Goodware,goodware:Goodware
2024-10-17 15:10:00,User\C:\Windows\System32\SecurityHealthSystray.exe,,1,0,0,0,0,0,0,0,0,0,1,0,Goodware,goodware:Goodware
2024-10-17 15:10:00,SYSTEM\C:\Windows\System32\SecurityHealthService.exe,,0,0,0,0,0,0,4,0,0,0,4,0,Goodware,goodware:Goodware
2024-10-17 15:10:00,SYSTEM\C:\Windows\system32\SecurityHealthService.exe,,0,8,0,0,0,1,0,0,0,0,9,0,Goodware,goodware:Goodware
2024-10-17 15:10:00,User\C:\Windows\System32\taskhostw.exe,,0,0,0,0,0,0,1,0,0,0,1,0,Goodware,goodware:Goodware
2024-10-17 15:10:00,User\C:\Windows\System32\VBoxTray.exe,,1,0,0,0,0,0,0,0,0,0,2,0,Goodware,goodware:Goodware
2024-10-17 15:10:00,NETWORK SERVICE\C:\Windows\System32\sppsvc.exe,,0,0,0,0,0,0,2,0,0,0,2,0,Goodware,goodware:Goodware
2024-10-17 15:10:00,User\C:\Users\User\AppData\Local\Microsoft\OneDrive\OneDrive.exe,,1,0,0,0,0,17,63,0,0,0,82,0,Goodware,goodware:Goodware
2024-10-17 15:10:00,User\C:\Users\User\AppData\Local\Microsoft\OneDrive\24.186.0915.0004\FileCoAuth.exe,,1,0,0,0,0,0,17,0,0,0,19,0,Goodware,goodware:Goodware
2024-10-17 15:10:00,-\C:\Users\User\AppData\Local\Microsoft\OneDrive\OneDrive.exe,,0,0,0,0,0,0,0,0,0,0,1,0,Goodware,goodware:Goodware
2024-10-17 15:10:00,-\C:\Windows\Explorer.EXE,,0,0,0,0,0,0,0,0,0,0,2,0,Goodware,goodware:Goodware
2024-10-17 15:10:00,User\C:\Program Files (x86)\Microsoft\Edge\Application\msedge.exe,,2,0,24,0,0,0,6,0,0,0,33,0,Goodware,goodware:Goodware
2024-10-17 15:10:00,User\C:\Windows\System32\sihost.exe,,0,0,0,0,0,0,1,0,0,0,1,0,Goodware,goodware:Goodware
2024-10-17 15:10:00,User\C:\Program Files\WindowsApps\MicrosoftTeams_24256.2502.3123.1_x64__8wekyb3d8bbwe\msteams_autostarter.exe,,0,0,0,0,0,0,1,0,0,0,1,0,Goodware,goodware:Goodware
2024-10-17 15:10:00,User\C:\Program Files\WindowsApps\MicrosoftTeams_24256.2502.3123.1_x64__8wekyb3d8bbwe\msteams.exe,,0,0,0,0,0,0,1,0,0,0,3,0,Goodware,goodware:Goodware
2024-10-17 15:10:00,User\C:\Program Files (x86)\Microsoft\EdgeWebView\Application\129.0.2792.89\msedgewebview2.exe,,9,0,2,0,0,0,5,0,0,0,32,0,Goodware,goodware:Goodware
2024-10-17 15:10:00,User\C:\Windows\system32\BackgroundTransferHost.exe,,0,0,0,0,0,1,0,0,0,0,1,0,Goodware,goodware:Goodware
2024-10-17 15:10:00,-\C:\Program Files (x86)\Microsoft\EdgeWebView\Application\129.0.2792.89\msedgewebview2.exe,,0,0,0,0,0,0,0,0,0,0,6,0,Goodware,goodware:Goodware
2024-10-17 15:10:00,User\C:\Program Files\WindowsApps\MicrosoftWindows.CrossDevice_1.24091.30.0_x64__cw5n1h2txyewy\CrossDeviceService.exe,,0,0,0,0,0,0,1,0,0,0,2,0,Goodware,goodware:Goodware
2024-10-17 15:10:00,End-user\C:\Windows\System32\svchost.exe,,2,0,0,0,0,0,1,0,0,0,3,0,Goodware,goodware:Goodware
2024-10-17 15:10:00,End-user\C:\Windows\system32\userinit.exe,,0,0,0,0,0,1,0,0,0,0,1,0,Goodware,goodware:Goodware
2024-10-17 15:10:00,End-user\C:\Windows\explorer.exe,,0,0,0,0,0,0,2,0,0,0,2,0,Goodware,goodware:Goodware
2024-10-17 15:10:00,End-user\C:\Windows\SystemApps\Microsoft.Windows.StartMenuExperienceHost_cw5n1h2txyewy\StartMenuExperienceHost.exe,,0,0,0,0,0,0,1,0,0,0,1,0,Goodware,goodware:Goodware
2024-10-17 15:10:00,End-user\C:\Windows\SystemApps\MicrosoftWindows.Client.CBS_cw5n1h2txyewy\SearchHost.exe,,0,1,18,0,0,0,1,0,0,0,23,0,Goodware,goodware:Goodware
2024-10-17 15:10:00,End-user\C:\Program Files\WindowsApps\Microsoft.WidgetsPlatformRuntime_1.4.0.0_x64__8wekyb3d8bbwe\WidgetService\WidgetService.exe,,0,7,0,0,0,0,0,0,0,0,7,0,Goodware,goodware:Goodware
2024-10-17 15:10:00,End-user\C:\Program Files\WindowsApps\MicrosoftWindows.Client.WebExperience_524.24900.130.0_x64__cw5n1h2txyewy\Dashboard\Widgets.exe,,0,0,0,0,0,0,1,0,0,0,1,0,Goodware,goodware:Goodware
2024-10-17 15:10:00,End-user\C:\Windows\system32\DllHost.exe,,0,0,1,0,0,0,0,0,0,0,1,0,Goodware,goodware:Goodware
2024-10-17 15:10:00,End-user\C:\Windows\System32\RuntimeBroker.exe,,0,0,0,0,0,0,2,0,0,0,2,0,Goodware,goodware:Goodware
2024-10-17 15:10:00,End-user\C:\Windows\System32\SecurityHealthSystray.exe,,1,0,0,0,0,0,0,0,0,0,1,0,Goodware,goodware:Goodware
2024-10-17 15:10:00,End-user\C:\Windows\System32\VBoxTray.exe,,1,0,0,0,0,0,0,0,0,0,2,0,Goodware,goodware:Goodware
2024-10-17 15:10:00,End-user\C:\Windows\Explorer.EXE,,0,0,1,0,0,3,0,0,0,0,4,0,Goodware,goodware:Goodware
2024-10-17 15:10:00,End-user\C:\Windows\system32\svchost.exe,,0,0,0,0,0,0,0,0,0,0,8,0,Goodware,goodware:Goodware
2024-10-17 15:10:00,End-user\C:\Users\End-user\AppData\Local\Microsoft\OneDrive\OneDrive.exe,,1,0,0,0,0,17,64,0,0,0,83,0,Goodware,goodware:Goodware
2024-10-17 15:10:00,End-user\C:\Users\End-user\AppData\Local\Microsoft\OneDrive\24.186.0915.0004\FileCoAuth.exe,,1,0,0,0,0,0,16,0,0,0,18,0,Goodware,goodware:Goodware
2024-10-17 15:10:00,-\C:\Users\End-user\AppData\Local\Microsoft\OneDrive\OneDrive.exe,,0,0,0,0,0,0,0,0,0,0,1,0,Goodware,goodware:Goodware
2024-10-17 15:10:00,End-user\C:\Program Files (x86)\Microsoft\Edge\Application\msedge.exe,,2,0,1,0,0,38,5,0,0,0,48,0,Goodware,goodware:Goodware
2024-10-17 15:10:00,End-user\C:\Windows\System32\sihost.exe,,0,0,0,0,0,0,1,0,0,0,1,0,Goodware,goodware:Goodware
2024-10-17 15:10:00,End-user\C:\Program Files\WindowsApps\MicrosoftTeams_24256.2502.3123.1_x64__8wekyb3d8bbwe\msteams_autostarter.exe,,0,0,0,0,0,0,1,0,0,0,1,0,Goodware,goodware:Goodware
2024-10-17 15:10:00,End-user\C:\Program Files\WindowsApps\MicrosoftTeams_24256.2502.3123.1_x64__8wekyb3d8bbwe\msteams.exe,,0,0,0,0,0,0,1,0,0,0,3,0,Goodware,goodware:Goodware
2024-10-17 15:10:00,End-user\C:\Program Files (x86)\Microsoft\EdgeWebView\Application\129.0.2792.89\msedgewebview2.exe,,9,0,4,0,0,0,5,0,0,0,35,0,Goodware,goodware:Goodware
2024-10-17 15:10:00,SYSTEM\C:\Program Files\Microsoft Update Health Tools\uhssvc.exe,,1,0,0,0,0,0,0,0,0,0,1,0,Goodware,goodware:Goodware
2024-10-17 15:10:00,End-user\C:\Windows\System32\SecurityHealth\1.0.2402.27001-0\SecurityHealthHost.exe,,0,0,0,0,0,0,0,0,0,0,1,0,Goodware,goodware:Goodware
2024-10-17 15:10:00,SYSTEM\C:\Program Files\Winlogbeat\winlogbeat.exe,,1,0,0,0,0,0,0,0,0,0,2,0,Goodware,goodware:Goodware
2024-10-17 15:10:00,SYSTEM\C:\Windows\UUS\Packages\Preview\amd64\MoUsoCoreWorker.exe,,0,0,0,0,0,0,1,0,0,0,1,0,Goodware,goodware:Goodware
2024-10-17 15:10:00,End-user\C:\Program Files\WindowsApps\MicrosoftWindows.CrossDevice_1.24091.30.0_x64__cw5n1h2txyewy\CrossDeviceService.exe,,0,0,0,0,0,0,1,0,0,0,2,0,Goodware,goodware:Goodware
2024-10-17 15:10:00,End-user\C:\Windows\System32\cmd.exe,,1,0,0,0,0,0,0,0,0,0,1,0,Goodware,goodware:Goodware
2024-10-17 15:10:00,End-user\C:\Windows\system32\sihost.exe,,0,0,0,0,0,0,0,0,0,0,2,0,Goodware,goodware:Goodware
2024-10-17 15:10:00,End-user\C:\Windows\System32\conhost.exe,,0,0,0,0,0,0,1,0,0,0,1,0,Goodware,goodware:Goodware
2024-10-17 15:10:00,End-user\C:\Program Files\WindowsApps\Microsoft.WindowsTerminal_1.20.11781.0_x64__8wekyb3d8bbwe\OpenConsole.exe,,0,0,0,0,0,0,1,0,0,0,1,0,Goodware,goodware:Goodware
2024-10-17 15:10:00,End-user\C:\Program Files\WindowsApps\Microsoft.WindowsTerminal_1.20.11781.0_x64__8wekyb3d8bbwe\WindowsTerminal.exe,,0,0,0,0,0,0,3,0,0,0,3,0,Goodware,goodware:Goodware
2024-10-17 15:15:00,End-user\C:\Windows\System32\rundll32.exe,,1,0,0,0,0,0,0,0,0,0,1,0,Goodware,goodware:Goodware
2024-10-17 15:15:00,End-user\C:\Users\End-user\AppData\Local\Microsoft\OneDrive\24.186.0915.0004\FileCoAuth.exe,,1,0,0,0,0,0,15,0,0,0,16,0,Goodware,goodware:Goodware
2024-10-17 15:15:00,-\C:\Users\End-user\AppData\Local\Microsoft\OneDrive\OneDrive.exe,,0,0,0,0,0,0,0,0,0,0,1,0,Goodware,goodware:Goodware
2024-10-17 15:15:00,End-user\C:\Program Files (x86)\Microsoft\Edge\Application\msedge.exe,,3,0,2,0,8,89,11,0,0,0,118,0,Goodware,goodware:Goodware
2024-10-17 15:15:00,User\C:\Program Files\WindowsApps\MicrosoftTeams_24256.2502.3123.1_x64__8wekyb3d8bbwe\msteamsupdate.exe,,0,0,0,0,0,0,1,0,0,0,1,0,Goodware,goodware:Goodware
2024-10-17 15:15:00,End-user\C:\Windows\SystemApps\MicrosoftWindows.Client.CBS_cw5n1h2txyewy\SearchHost.exe,,0,0,2,0,0,0,0,0,0,0,2,0,Goodware,goodware:Goodware
2024-10-17 15:15:00,SYSTEM\C:\Windows\System32\wbem\WMIADAP.exe,,0,0,0,0,0,0,2,0,0,0,2,0,Goodware,goodware:Goodware
2024-10-17 15:15:00,End-user\C:\Users\End-user\Downloads\CommonFiles\GPG\bin\gpg.exe,,1,0,0,0,0,0,6,0,0,0,8,0,Goodware,goodware:Goodware
2024-10-17 15:15:00,End-user\C:\Windows\System32\SecurityHealth\1.0.2402.27001-0\SecurityHealthHost.exe,,0,0,0,0,0,0,0,0,0,0,3,0,Goodware,goodware:Goodware
2024-10-17 15:15:00,SYSTEM\C:\Windows\system32\svchost.exe,,0,1,0,0,0,13,0,0,0,0,14,0,Goodware,goodware:Goodware
2024-10-17 15:15:00,End-user\C:\Windows\SystemApps\ShellExperienceHost_cw5n1h2txyewy\ShellExperienceHost.exe,,0,0,0,0,0,0,1,0,0,0,1,0,Goodware,goodware:Goodware
2024-10-17 15:15:00,SYSTEM\\\?\C:\Windows\system32\wbem\WMIADAP.EXE,,0,10,0,0,0,11,0,0,0,0,21,0,Goodware,goodware:Goodware
2024-10-17 15:15:00,End-user\C:\Windows\System32\svchost.exe,,1,0,0,0,0,0,1,0,0,0,2,0,Goodware,goodware:Goodware
2024-10-17 15:15:00,End-user\C:\Program Files\WindowsApps\Microsoft.SecHealthUI_1000.25992.9000.0_x64__8wekyb3d8bbwe\SecHealthUI.exe,,0,0,0,0,0,1,1,0,0,0,2,0,Goodware,goodware:Goodware
2024-10-17 15:15:00,SYSTEM\C:\Windows\System32\consent.exe,,0,0,0,0,0,0,4,0,0,0,4,0,Goodware,goodware:Goodware
2024-10-17 15:15:00,SYSTEM\C:\Windows\System32\svchost.exe,,0,0,0,0,0,0,1,0,0,0,3,0,Goodware,goodware:Goodware
2024-10-17 15:15:00,User\C:\Users\User\AppData\Local\Microsoft\OneDrive\OneDriveStandaloneUpdater.exe,,1,0,0,0,0,0,3,0,0,0,6,0,Goodware,goodware:Goodware
2024-10-17 15:15:00,End-user\C:\Program Files\WindowsApps\MicrosoftTeams_24256.2502.3123.1_x64__8wekyb3d8bbwe\msteamsupdate.exe,,0,0,0,0,0,0,0,0,0,0,1,0,Goodware,goodware:Goodware
2024-10-17 15:15:00,SYSTEM\C:\ProgramData\Microsoft\Windows Defender\Platform\4.18.24080.9-0\MsMpEng.exe,,0,0,0,0,0,1,0,0,0,0,1,0,Goodware,goodware:Goodware
2024-10-17 15:15:00,SYSTEM\C:\Windows\system32\services.exe,,0,0,0,0,0,1,0,0,0,0,1,0,Goodware,goodware:Goodware
2024-10-17 15:15:00,SYSTEM\C:\Windows\System32\sc.exe,,4,0,0,0,0,0,0,0,0,0,4,0,Goodware,goodware:Goodware
2024-10-17 15:15:00,SYSTEM\C:\Windows\System32\rundll32.exe,,1,0,0,0,0,0,0,0,0,0,1,0,Goodware,goodware:Goodware
2024-10-17 15:15:00,End-user\C:\Users\End-user\AppData\Local\Microsoft\OneDrive\OneDriveStandaloneUpdater.exe,,1,0,0,0,0,0,3,0,0,0,5,0,Goodware,goodware:Goodware
2024-10-17 15:15:00,End-user\C:\Users\End-user\AppData\Local\Microsoft\OneDrive\24.186.0915.0004\Microsoft.SharePoint.exe,,1,0,0,0,2,2,35,0,0,0,41,0,Goodware,goodware:Goodware
2024-10-17 15:15:00,User\C:\Users\User\AppData\Local\Microsoft\OneDrive\24.186.0915.0004\Microsoft.SharePoint.exe,,1,0,0,0,1,2,37,0,0,0,42,0,Goodware,goodware:Goodware
2024-10-17 15:15:00,-\C:\Users\End-user\AppData\Local\Microsoft\OneDrive\OneDriveStandaloneUpdater.exe,,0,0,0,0,0,0,0,0,0,0,1,0,Goodware,goodware:Goodware
2024-10-17 15:15:00,-\C:\Users\User\AppData\Local\Microsoft\OneDrive\OneDriveStandaloneUpdater.exe,,0,0,0,0,0,0,0,0,0,0,1,0,Goodware,goodware:Goodware
2024-10-17 15:15:00,SYSTEM\C:\Windows\System32\taskhostw.exe,,0,0,0,0,0,0,2,0,0,0,2,0,Goodware,goodware:Goodware
2024-10-17 15:15:00,End-user\C:\Windows\System32\WindowsPowerShell\v1.0\powershell.exe,,1,2,1,0,0,1,8,0,0,0,14,0,Goodware,goodware:Goodware
2024-10-17 15:15:00,End-user\C:\Windows\System32\conhost.exe,,0,0,0,0,0,0,1,0,0,0,1,0,Goodware,goodware:Goodware
2024-10-17 15:15:00,End-user\C:\Program Files\WindowsApps\Microsoft.WindowsTerminal_1.20.11781.0_x64__8wekyb3d8bbwe\OpenConsole.exe,,0,0,0,0,0,1,1,0,0,0,2,0,Goodware,goodware:Goodware
2024-10-17 15:15:00,End-user\C:\Program Files\WindowsApps\Microsoft.WindowsTerminal_1.20.11781.0_x64__8wekyb3d8bbwe\WindowsTerminal.exe,,0,0,0,0,0,1,2,0,0,0,3,0,Goodware,goodware:Goodware
2024-10-17 15:15:00,User\C:\Windows\System32\WindowsPowerShell\v1.0\powershell.exe,,1,2,1,0,0,2,8,0,0,0,15,0,Goodware,goodware:Goodware
2024-10-17 15:15:00,LOCAL SERVICE\C:\Windows\System32\wbem\WmiPrvSE.exe,,1,0,0,0,0,0,3,0,0,0,4,0,Goodware,goodware:Goodware
2024-10-17 15:15:00,User\C:\Program Files\WindowsApps\MicrosoftWindows.Client.WebExperience_524.24900.130.0_x64__cw5n1h2txyewy\Dashboard\Widgets.exe,,0,0,0,0,0,1,0,0,0,0,3,0,Goodware,goodware:Goodware
2024-10-17 15:15:00,User\C:\Program Files (x86)\Microsoft\EdgeWebView\Application\129.0.2792.89\msedgewebview2.exe,,10,0,1,0,0,12,4,0,0,0,45,0,Goodware,goodware:Goodware
2024-10-17 15:15:00,-\C:\Program Files (x86)\Microsoft\EdgeWebView\Application\129.0.2792.89\msedgewebview2.exe,,0,0,0,0,0,0,0,0,0,0,6,0,Goodware,goodware:Goodware
2024-10-17 15:15:00,User\C:\Windows\SystemApps\ShellExperienceHost_cw5n1h2txyewy\ShellExperienceHost.exe,,0,0,0,0,0,0,1,0,0,0,1,0,Goodware,goodware:Goodware
2024-10-17 15:15:00,User\C:\Windows\System32\svchost.exe,,1,0,0,0,0,0,0,0,0,0,1,0,Goodware,goodware:Goodware
2024-10-17 15:15:00,User\C:\Program Files\WindowsApps\Microsoft.XboxGamingOverlay_7.224.9242.0_x64__8wekyb3d8bbwe\GameBarFTServer.exe,,0,0,0,0,0,1,0,0,0,0,1,0,Goodware,goodware:Goodware
2024-10-17 15:15:00,User\C:\Program Files\WindowsApps\Microsoft.XboxGamingOverlay_7.224.9242.0_x64__8wekyb3d8bbwe\GameBar.exe,,0,0,0,0,0,1,0,0,0,0,1,0,Goodware,goodware:Goodware
2024-10-17 15:15:00,LOCAL SERVICE\C:\Windows\System32\svchost.exe,,2,0,0,0,0,0,0,0,0,0,2,0,Goodware,goodware:Goodware
2024-10-17 15:15:00,End-user\C:\Windows\Explorer.EXE,,0,0,0,0,0,2,0,0,0,0,2,0,Goodware,goodware:Goodware
2024-10-17 15:15:00,-\C:\Windows\Explorer.EXE,,0,0,0,0,0,0,0,0,0,0,2,0,Goodware,goodware:Goodware
2024-10-17 15:15:00,-\C:\Program Files (x86)\Microsoft\Edge\Application\msedge.exe,,0,0,0,0,0,0,0,0,0,0,6,0,Goodware,goodware:Goodware
2024-10-17 15:15:00,NETWORK SERVICE\C:\Windows\System32\sppsvc.exe,,0,0,0,0,0,0,1,0,0,0,1,0,Goodware,goodware:Goodware
2024-10-17 15:15:00,User\C:\Windows\System32\RuntimeBroker.exe,,0,0,0,0,0,1,0,0,0,0,1,0,Goodware,goodware:Goodware
2024-10-17 15:15:00,End-user\C:\Windows\System32\RuntimeBroker.exe,,0,0,0,0,0,0,1,0,0,0,1,0,Goodware,goodware:Goodware
2024-10-17 15:15:00,End-user\C:\Program Files (x86)\Microsoft\EdgeWebView\Application\129.0.2792.89\msedgewebview2.exe,,10,0,4,0,0,12,4,0,0,0,51,0,Goodware,goodware:Goodware
2024-10-17 15:15:00,End-user\C:\Program Files\WindowsApps\MicrosoftWindows.Client.WebExperience_524.24900.130.0_x64__cw5n1h2txyewy\Dashboard\Widgets.exe,,0,0,0,0,0,1,0,0,0,0,2,0,Goodware,goodware:Goodware
2024-10-17 15:15:00,End-user\C:\Windows\ImmersiveControlPanel\SystemSettings.exe,,0,0,0,0,0,0,1,0,0,0,1,0,Goodware,goodware:Goodware
2024-10-17 15:15:00,End-user\C:\Windows\system32\DllHost.exe,,0,0,0,0,0,1,0,0,0,0,1,0,Goodware,goodware:Goodware
2024-10-17 15:15:00,SYSTEM\C:\Program Files (x86)\Microsoft\EdgeUpdate\MicrosoftEdgeUpdate.exe,,1,0,0,0,0,0,1,0,0,0,2,0,Goodware,goodware:Goodware
2024-10-17 15:20:00,End-user\C:\Program Files (x86)\Microsoft\Edge\Application\msedge.exe,,0,0,0,0,0,7,1,0,0,0,9,0,Goodware,goodware:Goodware
2024-10-17 15:20:00,SYSTEM\C:\ProgramData\Microsoft\Windows Defender\Platform\4.18.24080.9-0\MpDefenderCoreService.exe,,0,0,0,0,2,0,0,0,0,0,3,0,Goodware,goodware:Goodware
2024-10-17 15:20:00,End-user\C:\Windows\System32\RuntimeBroker.exe,,0,0,0,0,0,0,1,0,0,0,1,0,Goodware,goodware:Goodware
2024-10-17 15:20:00,SYSTEM\C:\Windows\System32\svchost.exe,,0,0,0,0,0,0,2,0,0,0,2,0,Goodware,goodware:Goodware
2024-10-17 15:20:00,SYSTEM\C:\ProgramData\Microsoft\Windows Defender\Platform\4.18.24080.9-0\MsMpEng.exe,,0,0,0,0,0,0,1,0,0,0,1,0,Goodware,goodware:Goodware
2024-10-17 15:20:00,SYSTEM\C:\ProgramData\Microsoft\Windows Defender\Platform\4.18.24080.9-0\MpCmdRun.exe,,0,1,0,0,0,0,5,0,0,0,6,0,Goodware,goodware:Goodware
2024-10-17 15:20:00,NETWORK SERVICE\C:\Windows\System32\wbem\WmiPrvSE.exe,,1,0,0,0,0,0,1,0,0,0,2,0,Goodware,goodware:Goodware
2024-10-17 15:20:00,SYSTEM\C:\Windows\system32\svchost.exe,,0,1,0,0,0,2,0,0,0,0,3,0,Goodware,goodware:Goodware
2024-10-17 15:20:00,SYSTEM\C:\Windows\System32\taskhostw.exe,,0,0,0,0,0,0,1,0,0,0,1,0,Goodware,goodware:Goodware
2024-10-17 15:20:00,End-user\C:\Windows\system32\DllHost.exe,,0,0,0,0,0,2,0,0,0,0,2,0,Goodware,goodware:Goodware
2024-10-17 15:20:00,End-user\C:\Users\End-user\Downloads\CommonFiles\GPG\bin\gpg.exe,,3,0,0,0,0,0,18,0,0,0,24,0,Goodware,goodware:Goodware
2024-10-17 15:25:00,End-user\C:\Windows\system32\svchost.exe,,0,0,0,0,0,0,0,0,0,0,9,0,Goodware,goodware:Goodware
2024-10-17 15:25:00,SYSTEM\C:\ProgramData\Microsoft\Windows Defender\Platform\4.18.24080.9-0\MpDefenderCoreService.exe,,0,0,0,0,1,0,0,0,0,0,1,0,Goodware,goodware:Goodware
2024-10-17 15:25:00,LOCAL SERVICE\C:\Windows\system32\svchost.exe,,0,15,0,0,0,2,0,0,0,0,17,0,Goodware,goodware:Goodware
2024-10-17 15:25:00,SYSTEM\C:\Windows\System32\taskhostw.exe,,0,0,0,0,0,0,2,0,0,0,2,0,Goodware,goodware:Goodware
2024-10-17 15:25:00,NETWORK SERVICE\C:\Windows\System32\wbem\WmiPrvSE.exe,,1,0,0,0,0,0,1,0,0,0,2,0,Goodware,goodware:Goodware
2024-10-17 15:25:00,SYSTEM\System,,0,1,0,0,0,0,0,0,0,0,1,0,Goodware,goodware:Goodware
2024-10-17 15:25:00,User\C:\Program Files (x86)\Microsoft\EdgeWebView\Application\129.0.2792.89\msedgewebview2.exe,,0,0,3,0,0,0,0,0,0,0,3,0,Goodware,goodware:Goodware
2024-10-17 15:25:00,End-user\C:\Users\End-user\Downloads\CommonFiles\GPG\bin\gpg.exe,,4,1,0,0,4,0,24,0,0,0,37,0,Goodware,goodware:Goodware
2024-10-17 15:25:00,End-user\C:\Users\End-user\Downloads\CommonFiles\GPG\bin\gpg-agent.exe,,1,0,0,0,8,4,5,0,0,0,18,0,Goodware,goodware:Goodware
2024-10-17 15:25:00,End-user\C:\Users\End-user\Downloads\CommonFiles\GPG\bin\pinentry-basic.exe,,5,0,0,0,0,5,17,0,0,0,32,0,Goodware,goodware:Goodware
2024-10-17 15:25:00,-\C:\Windows\Explorer.EXE,,0,0,0,0,0,0,0,0,0,0,17,0,Goodware,goodware:Goodware
2024-10-17 15:25:00,End-user\C:\Windows\System32\svchost.exe,,1,0,0,0,0,0,0,0,0,0,1,0,Goodware,goodware:Goodware
2024-10-17 15:25:00,End-user\C:\Program Files\WindowsApps\Microsoft.WindowsTerminal_1.20.11781.0_x64__8wekyb3d8bbwe\WindowsTerminal.exe,,0,0,0,0,0,1,3,0,0,0,4,0,Goodware,goodware:Goodware
2024-10-17 15:25:00,End-user\C:\Windows\system32\cmd.exe,,0,0,0,0,0,1,0,0,0,0,1,0,Goodware,goodware:Goodware
2024-10-17 15:25:00,End-user\C:\Program Files\WindowsApps\Microsoft.WindowsTerminal_1.20.11781.0_x64__8wekyb3d8bbwe\OpenConsole.exe,,0,0,0,0,0,1,1,0,0,0,2,0,Goodware,goodware:Goodware
2024-10-17 15:25:00,End-user\C:\Program Files (x86)\Microsoft\Edge\Application\msedge.exe,,0,3,1,0,0,16,4,0,0,0,35,0,Goodware,goodware:Goodware
2024-10-17 15:25:00,End-user\C:\Windows\System32\RuntimeBroker.exe,,0,0,0,0,0,1,0,0,0,0,1,0,Goodware,goodware:Goodware
2024-10-17 15:25:00,End-user\C:\Windows\System32\smartscreen.exe,,0,0,0,0,0,0,1,0,0,0,1,0,Goodware,goodware:Goodware
2024-10-17 15:25:00,End-user\C:\Users\End-user\Downloads\7z2408-x64.exe,,1,0,0,0,0,0,1,0,0,0,3,0,Goodware,goodware:Goodware
2024-10-17 15:25:00,SYSTEM\C:\Windows\System32\consent.exe,,0,0,0,0,0,0,2,0,0,0,2,0,Goodware,goodware:Goodware
2024-10-17 15:25:00,User\C:\Users\End-user\Downloads\7z2408-x64.exe,,1,8,0,0,0,8,1,0,0,0,18,0,Goodware,goodware:Goodware
2024-10-17 15:25:00,End-user\C:\Windows\SystemApps\MicrosoftWindows.Client.CBS_cw5n1h2txyewy\SearchHost.exe,,0,0,14,0,0,0,0,0,0,0,14,0,Goodware,goodware:Goodware
2024-10-17 15:25:00,End-user\C:\Windows\system32\sihost.exe,,0,0,0,0,0,0,0,0,0,0,10,0,Goodware,goodware:Goodware
2024-10-17 15:25:00,End-user\C:\Program Files\7-Zip\7zFM.exe,,1,0,0,0,0,1,1,0,0,0,3,0,Goodware,goodware:Goodware
2024-10-17 15:25:00,End-user\C:\Program Files\7-Zip\7zG.exe,,0,1,0,0,0,1,0,0,0,0,2,0,Goodware,goodware:Goodware
2024-10-17 15:25:00,NETWORK SERVICE\C:\Windows\System32\svchost.exe,,0,0,0,0,4,0,0,0,0,0,4,0,Goodware,goodware:Goodware
2024-10-17 15:25:00,End-user\C:\Windows\Explorer.EXE,,0,0,0,0,0,1,0,0,0,0,1,0,Goodware,goodware:Goodware
2024-10-17 15:25:00,End-user\C:\Windows\System32\cmd.exe,,1,0,0,0,0,0,0,0,0,0,1,0,Goodware,goodware:Goodware
2024-10-17 15:25:00,SYSTEM\C:\Windows\system32\svchost.exe,,0,0,0,0,0,3,0,0,0,0,3,0,Goodware,goodware:Goodware
2024-10-17 15:25:00,End-user\C:\Windows\System32\conhost.exe,,0,0,0,0,0,0,1,0,0,0,1,0,Goodware,goodware:Goodware
2024-10-17 15:30:00,End-user\C:\Users\End-user\Downloads\CommonFiles\GPG\bin\gpg-agent.exe,,0,0,0,0,14,4,0,0,0,0,18,0,Goodware,goodware:Goodware
2024-10-17 15:30:00,End-user\C:\Users\End-user\Downloads\CommonFiles\GPG\bin\gpg.exe,,6,2,0,0,4,0,36,0,0,0,54,0,Goodware,goodware:Goodware
2024-10-17 15:30:00,End-user\C:\Users\End-user\Downloads\CommonFiles\GPG\bin\pinentry-basic.exe,,4,0,0,0,0,4,13,0,0,0,25,0,Goodware,goodware:Goodware
2024-10-17 15:30:00,-\C:\Windows\Explorer.EXE,,0,0,0,0,0,0,0,0,0,0,4,0,Goodware,goodware:Goodware
2024-10-17 15:30:00,End-user\C:\Windows\System32\svchost.exe,,1,0,0,0,0,0,0,0,0,0,1,0,Goodware,goodware:Goodware
2024-10-17 15:30:00,SYSTEM\C:\ProgramData\Microsoft\Windows Defender\Platform\4.18.24080.9-0\MpDefenderCoreService.exe,,0,0,0,0,1,0,0,0,0,0,1,0,Goodware,goodware:Goodware
2024-10-17 15:30:00,SYSTEM\C:\Windows\system32\svchost.exe,,0,0,0,0,0,3,0,0,0,0,3,0,Goodware,goodware:Goodware
2024-10-17 15:30:00,End-user\C:\Windows\Explorer.EXE,,0,1,0,0,0,1,0,0,0,0,2,0,Goodware,goodware:Goodware
2024-10-17 15:30:00,End-user\C:\Windows\system32\DllHost.exe,,0,0,0,0,0,1,0,0,0,0,1,0,Goodware,goodware:Goodware
2024-10-17 15:30:00,End-user\C:\Program Files\WindowsApps\Microsoft.WindowsTerminal_1.20.11781.0_x64__8wekyb3d8bbwe\WindowsTerminal.exe,,0,0,0,0,0,1,3,0,0,0,4,0,Goodware,goodware:Goodware
2024-10-17 15:30:00,End-user\C:\Windows\system32\cmd.exe,,0,0,0,0,0,1,0,0,0,0,1,0,Goodware,goodware:Goodware
2024-10-17 15:30:00,End-user\C:\Program Files\WindowsApps\Microsoft.WindowsTerminal_1.20.11781.0_x64__8wekyb3d8bbwe\OpenConsole.exe,,0,0,0,0,0,1,1,0,0,0,2,0,Goodware,goodware:Goodware
2024-10-17 15:30:00,End-user\C:\Windows\SystemApps\MicrosoftWindows.Client.CBS_cw5n1h2txyewy\SearchHost.exe,,0,0,4,0,0,0,0,0,0,0,5,0,Goodware,goodware:Goodware
2024-10-17 15:30:00,End-user\C:\Windows\System32\cmd.exe,,1,0,0,0,0,0,0,0,0,0,1,0,Goodware,goodware:Goodware
2024-10-17 15:30:00,End-user\C:\Windows\system32\sihost.exe,,0,0,0,0,0,0,0,0,0,0,2,0,Goodware,goodware:Goodware
2024-10-17 15:30:00,End-user\C:\Windows\System32\conhost.exe,,0,0,0,0,0,0,1,0,0,0,1,0,Goodware,goodware:Goodware
2024-10-17 15:30:00,End-user\C:\Program Files (x86)\Microsoft\EdgeWebView\Application\129.0.2792.89\msedgewebview2.exe,,0,0,0,0,0,0,1,0,0,0,3,0,Goodware,goodware:Goodware
2024-10-17 15:30:00,End-user\C:\Program Files (x86)\Microsoft\Edge\Application\msedge.exe,,0,0,0,0,2,1,0,0,0,0,3,0,Goodware,goodware:Goodware
2024-10-17 15:35:00,SYSTEM\C:\Windows\System32\svchost.exe,,0,0,0,0,0,0,2,0,0,0,3,0,Goodware,goodware:Goodware
2024-10-17 15:35:00,User\C:\Users\User\AppData\Local\Microsoft\OneDrive\OneDrive.exe,,0,0,0,0,0,2,1,0,0,0,3,0,Goodware,goodware:Goodware
2024-10-17 15:35:00,End-user\C:\Users\End-user\Downloads\CommonFiles\GPG\bin\gpg-agent.exe,,0,0,0,0,12,0,0,0,0,0,12,0,Goodware,goodware:Goodware
2024-10-17 15:35:00,End-user\C:\Users\End-user\Downloads\CommonFiles\GPG\bin\gpg.exe,,2,0,0,0,2,0,12,0,0,0,18,0,Goodware,goodware:Goodware
2024-10-17 15:35:00,End-user\C:\Windows\system32\svchost.exe,,0,0,0,0,0,0,0,0,0,0,8,0,Goodware,goodware:Goodware
2024-10-17 15:35:00,SYSTEM\C:\ProgramData\Microsoft\Windows Defender\Platform\4.18.24080.9-0\MpDefenderCoreService.exe,,0,0,0,0,2,0,0,0,0,0,2,0,Goodware,goodware:Goodware
2024-10-17 15:35:00,End-user\C:\Program Files (x86)\Microsoft\Edge\Application\msedge.exe,,0,0,0,0,0,2,0,0,0,0,2,0,Goodware,goodware:Goodware
2024-10-17 15:35:00,End-user\C:\Program Files\WindowsApps\Microsoft.WindowsTerminal_1.20.11781.0_x64__8wekyb3d8bbwe\WindowsTerminal.exe,,0,0,0,0,0,1,3,0,0,0,4,0,Goodware,goodware:Goodware
2024-10-17 15:35:00,End-user\C:\Windows\system32\cmd.exe,,0,0,0,0,0,1,0,0,0,0,1,0,Goodware,goodware:Goodware
2024-10-17 15:35:00,End-user\C:\Program Files\WindowsApps\Microsoft.WindowsTerminal_1.20.11781.0_x64__8wekyb3d8bbwe\OpenConsole.exe,,0,0,0,0,0,1,1,0,0,0,2,0,Goodware,goodware:Goodware
2024-10-17 15:35:00,SYSTEM\C:\Windows\system32\svchost.exe,,0,2,0,0,0,4,0,0,0,0,6,0,Goodware,goodware:Goodware
2024-10-17 15:35:00,End-user\C:\Windows\System32\OpenWith.exe,,0,0,0,0,0,0,1,0,0,0,1,0,Goodware,goodware:Goodware
2024-10-17 15:35:00,-\C:\Windows\Explorer.EXE,,0,0,0,0,0,0,0,0,0,0,1,0,Goodware,goodware:Goodware
2024-10-17 15:35:00,End-user\C:\Windows\system32\OpenWith.exe,,0,0,0,0,0,1,0,0,0,0,1,0,Goodware,goodware:Goodware
2024-10-17 15:35:00,End-user\C:\Windows\system32\DllHost.exe,,0,0,0,0,0,2,0,0,0,0,2,0,Goodware,goodware:Goodware
2024-10-17 15:35:00,End-user\C:\Windows\SystemApps\MicrosoftWindows.Client.CBS_cw5n1h2txyewy\SearchHost.exe,,0,0,7,0,0,0,0,0,0,0,9,0,Goodware,goodware:Goodware
2024-10-17 15:35:00,End-user\C:\Windows\system32\sihost.exe,,0,0,0,0,0,0,0,0,0,0,4,0,Goodware,goodware:Goodware
2024-10-17 15:35:00,End-user\C:\Windows\Explorer.EXE,,0,0,0,0,0,1,0,0,0,0,1,0,Goodware,goodware:Goodware
2024-10-17 15:35:00,End-user\C:\Windows\System32\cmd.exe,,1,0,0,0,0,0,0,0,0,0,1,0,Goodware,goodware:Goodware
2024-10-17 15:35:00,End-user\C:\Windows\System32\conhost.exe,,0,0,0,0,0,0,1,0,0,0,1,0,Goodware,goodware:Goodware
2024-10-17 15:40:00,End-user\C:\Users\End-user\Downloads\CommonFiles\GPG\bin\gpg-agent.exe,,0,0,0,0,16,2,0,0,0,0,18,0,Goodware,goodware:Goodware
2024-10-17 15:40:00,End-user\C:\Users\End-user\Downloads\CommonFiles\GPG\bin\gpg.exe,,8,6,1,0,3,0,48,0,0,0,74,0,Goodware,goodware:Goodware
2024-10-17 15:40:00,SYSTEM\C:\ProgramData\Microsoft\Windows Defender\Platform\4.18.24080.9-0\MpDefenderCoreService.exe,,0,0,0,0,1,0,0,0,0,0,1,0,Goodware,goodware:Goodware
2024-10-17 15:40:00,SYSTEM\C:\Windows\system32\svchost.exe,,0,0,0,0,0,10,0,0,0,0,10,0,Goodware,goodware:Goodware
2024-10-17 15:40:00,End-user\C:\Windows\System32\backgroundTaskHost.exe,,0,0,0,0,0,0,3,0,0,0,3,0,Goodware,goodware:Goodware
2024-10-17 15:40:00,User\C:\Windows\System32\backgroundTaskHost.exe,,0,0,0,0,0,0,3,0,0,0,3,0,Goodware,goodware:Goodware
2024-10-17 15:40:00,End-user\C:\Windows\System32\RuntimeBroker.exe,,0,0,0,0,0,0,1,0,0,0,1,0,Goodware,goodware:Goodware
2024-10-17 15:40:00,User\C:\Windows\System32\RuntimeBroker.exe,,0,0,0,0,0,0,1,0,0,0,1,0,Goodware,goodware:Goodware
2024-10-17 15:40:00,End-user\C:\Users\End-user\Downloads\CommonFiles\GPG\bin\pinentry-basic.exe,,2,0,0,0,1,2,7,0,0,0,14,0,Goodware,goodware:Goodware
2024-10-17 15:40:00,-\C:\Windows\Explorer.EXE,,0,0,0,0,0,0,0,0,0,0,2,0,Goodware,goodware:Goodware
2024-10-17 15:40:00,NETWORK SERVICE\C:\Windows\system32\sppsvc.exe,,0,1,0,0,0,0,0,0,0,0,1,0,Goodware,goodware:Goodware
2024-10-17 15:40:00,NETWORK SERVICE\C:\Windows\System32\sppsvc.exe,,0,0,0,0,0,0,1,0,0,0,1,0,Goodware,goodware:Goodware
2024-10-17 15:40:00,-\C:\Users\User\AppData\Local\Microsoft\OneDrive\OneDrive.exe,,0,0,0,0,0,0,0,0,0,0,54,0,Goodware,goodware:Goodware
2024-10-17 15:40:00,-\C:\Users\End-user\AppData\Local\Microsoft\OneDrive\OneDrive.exe,,0,0,0,0,0,0,0,0,0,0,64,0,Goodware,goodware:Goodware
2024-10-17 15:40:00,NETWORK SERVICE\C:\Windows\System32\svchost.exe,,0,0,0,0,4,0,0,0,0,0,4,0,Goodware,goodware:Goodware
2024-10-17 15:40:00,End-user\C:\Windows\system32\DllHost.exe,,0,0,0,0,0,1,0,0,0,0,1,0,Goodware,goodware:Goodware
2024-10-17 15:40:00,End-user\C:\Windows\Explorer.EXE,,0,662,0,0,0,0,0,0,0,0,662,0,Goodware,goodware:Goodware
2024-10-17 15:40:00,SYSTEM\C:\Windows\System32\SearchFilterHost.exe,,0,0,0,0,0,0,1,0,0,0,1,0,Goodware,goodware:Goodware
2024-10-17 15:45:00,End-user\C:\Windows\Explorer.EXE,,0,340,523,0,0,2,0,0,0,0,865,0,Goodware,goodware:Goodware
2024-10-17 15:45:00,End-user\C:\Users\End-user\Downloads\CommonFiles\GPG\bin\gpg-agent.exe,,0,0,0,0,10,0,0,0,0,0,10,0,Goodware,goodware:Goodware
2024-10-17 15:45:00,End-user\C:\Users\End-user\AppData\Local\Programs\Microsoft VS Code\Code.exe,,12,5,0,0,17,25,51,0,0,0,166,0,Goodware,goodware:Goodware
2024-10-17 15:45:00,-\C:\Users\End-user\AppData\Local\Programs\Microsoft VS Code\Code.exe,,0,0,0,0,0,0,0,0,0,0,42,0,Goodware,goodware:Goodware
2024-10-17 15:45:00,End-user\C:\Windows\System32\cmd.exe,,1,0,0,0,0,0,0,0,0,0,1,0,Goodware,goodware:Goodware
2024-10-17 15:45:00,End-user\C:\Windows\system32\cmd.exe,,0,0,0,0,0,2,0,0,0,0,2,0,Goodware,goodware:Goodware
2024-10-17 15:45:00,SYSTEM\C:\Windows\System32\svchost.exe,,0,0,0,0,0,0,4,0,0,0,5,0,Goodware,goodware:Goodware
2024-10-17 15:45:00,NETWORK SERVICE\C:\Windows\System32\wbem\WmiPrvSE.exe,,1,0,0,0,0,0,1,0,0,0,2,0,Goodware,goodware:Goodware
2024-10-17 15:45:00,End-user\C:\Users\End-user\AppData\Local\Programs\Microsoft VS Code\bin\code-tunnel.exe,,1,0,0,0,0,0,1,0,0,0,3,0,Goodware,goodware:Goodware
2024-10-17 15:45:00,End-user\C:\Program Files\WindowsApps\Microsoft.WindowsTerminal_1.20.11781.0_x64__8wekyb3d8bbwe\WindowsTerminal.exe,,0,0,0,0,0,1,0,0,0,0,1,0,Goodware,goodware:Goodware
2024-10-17 15:45:00,End-user\C:\Program Files\WindowsApps\Microsoft.WindowsTerminal_1.20.11781.0_x64__8wekyb3d8bbwe\OpenConsole.exe,,0,0,0,0,0,1,0,0,0,0,1,0,Goodware,goodware:Goodware
2024-10-17 15:45:00,-\C:\Windows\Explorer.EXE,,0,0,0,0,0,0,0,0,0,0,3,0,Goodware,goodware:Goodware
2024-10-17 15:45:00,End-user\C:\Windows\System32\DataExchangeHost.exe,,0,0,0,0,0,1,0,0,0,0,1,0,Goodware,goodware:Goodware
2024-10-17 15:45:00,End-user\C:\Windows\System32\RuntimeBroker.exe,,0,0,0,0,0,1,0,0,0,0,1,0,Goodware,goodware:Goodware
2024-10-17 15:45:00,End-user\C:\Windows\System32\smartscreen.exe,,0,0,0,0,0,0,1,0,0,0,1,0,Goodware,goodware:Goodware
2024-10-17 15:45:00,End-user\C:\Users\End-user\Downloads\GIMPPortable_2.10.38.paf.exe,,1,40253,4,0,0,1,6,0,0,0,41432,0,Goodware,goodware:Goodware
2024-10-17 15:45:00,SYSTEM\C:\Windows\system32\svchost.exe,,0,6,0,0,0,0,0,0,0,0,6,0,Goodware,goodware:Goodware
2024-10-17 15:45:00,End-user\C:\Users\End-user\AppData\Local\Microsoft\OneDrive\OneDrive.exe,,0,0,0,0,0,2,1,0,0,0,3,0,Goodware,goodware:Goodware
2024-10-17 15:45:00,End-user\C:\Program Files (x86)\Microsoft\Edge\Application\msedge.exe,,0,0,0,0,2,0,0,0,0,0,2,0,Goodware,goodware:Goodware
2024-10-17 15:45:00,End-user\C:\Users\End-user\Downloads\GIMPPortable\GIMPPortable.exe,,1,83,0,0,0,0,17,0,0,0,104,0,Goodware,goodware:Goodware
2024-10-17 15:45:00,End-user\C:\Users\End-user\Downloads\GIMPPortable\App\gimp\bin\gimp-2.10.exe,,1,6,0,0,1,0,496,0,0,0,505,0,Goodware,goodware:Goodware
2024-10-17 15:45:00,End-user\C:\Users\End-user\Downloads\GIMPPortable\App\gimp\lib\gimp\2.0\plug-ins\file-rawtherapee\file-rawtherapee.exe,,2,0,0,0,0,0,105,0,0,0,109,0,Goodware,goodware:Goodware
2024-10-17 15:45:00,End-user\C:\Users\End-user\Downloads\GIMPPortable\App\gimp\lib\gimp\2.0\plug-ins\file-darktable\file-darktable.exe,,2,0,0,0,0,0,102,0,0,0,106,0,Goodware,goodware:Goodware
2024-10-17 15:45:00,End-user\C:\Users\End-user\Downloads\GIMPPortable\App\gimp\bin\gspawn-win64-helper.exe,,2,0,0,0,0,0,10,0,0,0,14,0,Goodware,goodware:Goodware
2024-10-17 15:45:00,End-user\C:\Users\End-user\Downloads\GIMPPortable\App\gimp\lib\gimp\2.0\plug-ins\file-heif\file-heif.exe,,1,0,0,0,0,0,76,0,0,0,78,0,Goodware,goodware:Goodware
2024-10-17 15:45:00,End-user\C:\Users\End-user\Downloads\GIMPPortable\App\gimp\lib\gimp\2.0\plug-ins\script-fu\script-fu.exe,,1,0,0,0,0,0,75,0,0,0,76,0,Goodware,goodware:Goodware
2024-10-17 15:50:00,End-user\C:\Users\End-user\Downloads\GIMPPortable\App\gimp\bin\gimp-2.10.exe,,0,62,0,0,0,1,0,0,0,0,64,0,Goodware,goodware:Goodware
2024-10-17 15:50:00,SYSTEM\C:\Windows\System32\svchost.exe,,0,0,0,0,0,18,0,0,0,0,18,0,Goodware,goodware:Goodware
2024-10-17 15:50:00,End-user\C:\Users\End-user\Downloads\CommonFiles\GPG\bin\gpg-agent.exe,,0,0,0,0,10,0,0,0,0,0,10,0,Goodware,goodware:Goodware
2024-10-17 15:50:00,End-user\C:\Users\End-user\Downloads\GIMPPortable\App\gimp\lib\gimp\2.0\plug-ins\script-fu\script-fu.exe,,0,0,0,0,0,0,0,0,0,0,1,0,Goodware,goodware:Goodware
2024-10-17 15:50:00,End-user\C:\Users\End-user\Downloads\GIMPPortable\GIMPPortable.exe,,0,0,5,0,0,0,1,0,0,0,8,0,Goodware,goodware:Goodware
2024-10-17 15:50:00,-\C:\Windows\Explorer.EXE,,0,0,0,0,0,0,0,0,0,0,8,0,Goodware,goodware:Goodware
2024-10-17 15:50:00,End-user\C:\Program Files (x86)\Microsoft\Edge\Application\msedge.exe,,2,0,1,0,0,52,4,0,0,0,61,0,Goodware,goodware:Goodware
2024-10-17 15:50:00,End-user\C:\Windows\System32\smartscreen.exe,,0,0,0,0,0,0,1,0,0,0,1,0,Goodware,goodware:Goodware
2024-10-17 15:50:00,End-user\C:\Windows\Explorer.EXE,,0,0,4,0,0,3,0,0,0,0,7,0,Goodware,goodware:Goodware
2024-10-17 15:50:00,End-user\C:\Users\End-user\Downloads\PDF-XChangeEditorPortable_10.3.0.386.paf.exe,,1,1515,4,0,0,1,6,0,0,0,1573,0,Goodware,goodware:Goodware
2024-10-17 15:50:00,End-user\C:\Users\End-user\Downloads\PDF-XChangeEditorPortable\PDF-XChangeEditorPortable.exe,,1,4,3,0,0,0,4,0,0,0,15,0,Goodware,goodware:Goodware
2024-10-17 15:50:00,End-user\C:\Users\End-user\Downloads\PDF-XChangeEditorPortable\App\PDFXEdit\PDFXEdit.exe,,1,4,0,0,0,1,24,0,0,0,31,0,Goodware,goodware:Goodware
2024-10-17 15:50:00,End-user\C:\Users\End-user\Downloads\CamStudioPortable_2.7.4_English.paf.exe,,1,3,0,0,0,0,4,0,0,0,10,0,Goodware,goodware:Goodware
2024-10-17 15:55:00,End-user\C:\Program Files (x86)\Microsoft\Edge\Application\msedge.exe,,0,0,0,0,0,8,2,0,0,0,10,0,Goodware,goodware:Goodware
2024-10-17 15:55:00,SYSTEM\C:\Windows\System32\svchost.exe,,0,0,0,0,0,12,5,0,0,0,17,0,Goodware,goodware:Goodware
2024-10-17 15:55:00,End-user\C:\Users\End-user\Downloads\CommonFiles\GPG\bin\gpg-agent.exe,,0,0,0,0,10,0,0,0,0,0,10,0,Goodware,goodware:Goodware
2024-10-17 15:55:00,SYSTEM\C:\Windows\system32\svchost.exe,,0,4,1,0,0,7,0,0,0,0,12,0,Goodware,goodware:Goodware
2024-10-17 15:55:00,NETWORK SERVICE\C:\Windows\System32\wbem\WmiPrvSE.exe,,1,0,0,0,0,0,1,0,0,0,2,0,Goodware,goodware:Goodware
2024-10-17 15:55:00,SYSTEM\C:\Windows\System32\provtool.exe,,0,0,0,0,0,0,3,0,0,0,3,0,Goodware,goodware:Goodware
2024-10-17 15:55:00,SYSTEM\C:\Windows\UUS\Packages\Preview\amd64\MoUsoCoreWorker.exe,,0,0,0,0,0,0,1,0,0,0,1,0,Goodware,goodware:Goodware
2024-10-17 15:55:00,SYSTEM\C:\Windows\System32\taskhostw.exe,,0,0,0,0,0,0,6,0,0,0,6,0,Goodware,goodware:Goodware
2024-10-17 15:55:00,-\C:\Windows\system32\taskhostw.exe,,0,0,0,0,0,0,0,0,0,0,2,0,Goodware,goodware:Goodware
2024-10-17 15:55:00,SYSTEM\C:\Windows\Microsoft.NET\Framework64\v4.0.30319\NGenTask.exe,,0,2,0,0,0,0,0,0,0,0,2,0,Goodware,goodware:Goodware
2024-10-17 15:55:00,-\C:\Windows\Microsoft.NET\Framework64\v4.0.30319\NGenTask.exe,,0,0,0,0,0,0,0,0,0,0,2,0,Goodware,goodware:Goodware
2024-10-17 15:55:00,SYSTEM\C:\Windows\Microsoft.NET\Framework64\v4.0.30319\ngen.exe,,0,4,0,0,0,0,1,0,0,0,5,0,Goodware,goodware:Goodware
2024-10-17 15:55:00,SYSTEM\C:\Windows\Microsoft.NET\Framework\v4.0.30319\NGenTask.exe,,0,2,0,0,0,0,0,0,0,0,2,0,Goodware,goodware:Goodware
2024-10-17 15:55:00,-\C:\Windows\Microsoft.NET\Framework\v4.0.30319\NGenTask.exe,,0,0,0,0,0,0,0,0,0,0,2,0,Goodware,goodware:Goodware
2024-10-17 15:55:00,SYSTEM\C:\Windows\Microsoft.NET\Framework\v4.0.30319\ngen.exe,,0,3,0,0,0,0,1,0,0,0,4,0,Goodware,goodware:Goodware
2024-10-17 15:55:00,SYSTEM\C:\Windows\Microsoft.NET\Framework64\v4.0.30319\mscorsvw.exe,,0,11,0,0,0,0,0,0,0,0,11,0,Goodware,goodware:Goodware
2024-10-17 15:55:00,NETWORK SERVICE\C:\Windows\System32\svchost.exe,,0,0,0,0,4,0,0,0,0,0,4,0,Goodware,goodware:Goodware
2024-10-17 15:55:00,NETWORK SERVICE\C:\Windows\System32\sppsvc.exe,,0,0,0,0,0,0,1,0,0,0,1,0,Goodware,goodware:Goodware
2024-10-17 16:00:00,End-user\C:\Users\End-user\Downloads\CamStudioPortable_2.7.4_English.paf.exe,,0,178,3,0,0,1,1,0,0,0,213,0,Goodware,goodware:Goodware
2024-10-17 16:00:00,End-user\C:\Users\End-user\Downloads\CamStudioPortable\App\CamStudio\Recorder.exe,,1,0,0,0,2,2,11,0,0,0,18,0,Goodware,goodware:Goodware
2024-10-17 16:00:00,End-user\C:\Users\End-user\Downloads\CamStudioPortable\CamStudioPortable.exe,,1,14,5,0,0,5,10,0,0,0,40,0,Goodware,goodware:Goodware
2024-10-17 16:00:00,-\C:\Windows\Explorer.EXE,,0,0,0,0,0,0,0,0,0,0,29,0,Goodware,goodware:Goodware
2024-10-17 16:00:00,SYSTEM\C:\Windows\Sysmon.exe,,0,0,0,0,0,2,0,0,0,0,2,0,Goodware,goodware:Goodware
2024-10-17 16:00:00,End-user\C:\Users\End-user\Downloads\CommonFiles\GPG\bin\gpg-agent.exe,,0,0,0,0,10,0,0,0,0,0,10,0,Goodware,goodware:Goodware
2024-10-17 16:00:00,End-user\C:\Users\End-user\Downloads\CamStudioPortable\App\CamStudio\PlayerPlus.exe,,2,0,0,0,0,0,8,0,0,0,12,0,Goodware,goodware:Goodware
2024-10-17 16:00:00,End-user\C:\Windows\Explorer.EXE,,0,0,4,0,0,1,0,0,0,0,5,0,Goodware,goodware:Goodware
2024-10-17 16:00:00,End-user\C:\Users\End-user\Downloads\CamStudioPortable\App\CamStudio\Playerplus.exe,,0,0,0,0,0,2,0,0,0,0,2,0,Goodware,goodware:Goodware
2024-10-17 16:00:00,End-user\C:\Windows\System32\smartscreen.exe,,0,0,0,0,0,0,1,0,0,0,1,0,Goodware,goodware:Goodware
2024-10-17 16:00:00,End-user\C:\Users\End-user\Downloads\TelegramDesktopPortable_5.6.3.paf.exe,,1,0,0,0,0,0,2,0,0,0,4,0,Goodware,goodware:Goodware
2024-10-17 16:00:00,-\C:\Windows\system32\csrss.exe,,0,0,0,0,0,0,0,0,0,0,1,0,Goodware,goodware:Goodware
2024-10-17 16:00:00,-\C:\Windows\system32\svchost.exe,,0,0,0,0,0,0,0,0,0,0,3,0,Goodware,goodware:Goodware
2024-10-17 16:00:00,-\C:\Windows\System32\svchost.exe,,0,0,0,0,0,0,0,0,0,0,1,0,Goodware,goodware:Goodware
2024-10-17 16:00:00,End-user\C:\Program Files (x86)\Microsoft\Edge\Application\msedge.exe,,0,0,0,0,0,2,0,0,0,0,2,0,Goodware,goodware:Goodware
2024-10-17 16:00:00,SYSTEM\C:\Windows\System32\svchost.exe,,0,0,0,0,0,6,0,0,0,0,6,0,Goodware,goodware:Goodware
2024-10-17 16:05:00,End-user\C:\Users\End-user\Downloads\CommonFiles\GPG\bin\gpg-agent.exe,,0,0,0,0,10,0,0,0,0,0,10,0,Goodware,goodware:Goodware
2024-10-17 16:05:00,LOCAL SERVICE\C:\Windows\System32\svchost.exe,,0,1,0,0,0,0,0,0,0,0,1,0,Goodware,goodware:Goodware
2024-10-17 16:05:00,SYSTEM\C:\Windows\System32\rundll32.exe,,1,0,0,0,0,0,1,0,0,0,2,0,Goodware,goodware:Goodware
2024-10-17 16:05:00,SYSTEM\C:\Windows\System32\WinSAT.exe,,1,0,0,0,0,0,0,0,0,0,1,0,Goodware,goodware:Goodware
2024-10-17 16:05:00,SYSTEM\C:\Windows\system32\winsat.exe,,0,5,0,0,0,0,0,0,0,0,5,0,Goodware,goodware:Goodware
2024-10-17 16:05:00,SYSTEM\C:\Windows\system32\svchost.exe,,0,0,0,0,0,1,0,0,0,0,1,0,Goodware,goodware:Goodware
2024-10-17 16:10:00,SYSTEM\C:\Windows\System32\taskhostw.exe,,0,0,0,0,0,0,5,0,0,0,5,0,Goodware,goodware:Goodware
2024-10-17 16:10:00,-\C:\Windows\system32\taskhostw.exe,,0,0,0,0,0,0,0,0,0,0,2,0,Goodware,goodware:Goodware
2024-10-17 16:10:00,SYSTEM\C:\Windows\Microsoft.NET\Framework64\v4.0.30319\NGenTask.exe,,0,2,0,0,0,0,0,0,0,0,2,0,Goodware,goodware:Goodware
2024-10-17 16:10:00,-\C:\Windows\Microsoft.NET\Framework64\v4.0.30319\NGenTask.exe,,0,0,0,0,0,0,0,0,0,0,2,0,Goodware,goodware:Goodware
2024-10-17 16:10:00,SYSTEM\C:\Windows\Microsoft.NET\Framework64\v4.0.30319\ngen.exe,,0,4,0,0,0,0,1,0,0,0,5,0,Goodware,goodware:Goodware
2024-10-17 16:10:00,SYSTEM\C:\Windows\Microsoft.NET\Framework\v4.0.30319\NGenTask.exe,,0,2,0,0,0,0,0,0,0,0,2,0,Goodware,goodware:Goodware
2024-10-17 16:10:00,-\C:\Windows\Microsoft.NET\Framework\v4.0.30319\NGenTask.exe,,0,0,0,0,0,0,0,0,0,0,2,0,Goodware,goodware:Goodware
2024-10-17 16:10:00,SYSTEM\C:\Windows\Microsoft.NET\Framework\v4.0.30319\ngen.exe,,0,3,0,0,0,0,1,0,0,0,4,0,Goodware,goodware:Goodware
2024-10-17 16:10:00,SYSTEM\C:\Windows\Microsoft.NET\Framework64\v4.0.30319\mscorsvw.exe,,0,390,0,0,0,0,1,0,0,0,391,0,Goodware,goodware:Goodware
2024-10-17 16:10:00,End-user\C:\Users\End-user\Downloads\CommonFiles\GPG\bin\gpg-agent.exe,,0,0,0,0,2,0,0,0,0,0,3,0,Goodware,goodware:Goodware
2024-10-17 16:10:00,User\C:\Program Files\WindowsApps\MicrosoftWindows.Client.WebExperience_524.24900.130.0_x64__cw5n1h2txyewy\Dashboard\Widgets.exe,,0,0,0,0,0,1,0,0,0,0,1,0,Goodware,goodware:Goodware
2024-10-17 16:10:00,User\C:\Program Files (x86)\Microsoft\EdgeWebView\Application\129.0.2792.89\msedgewebview2.exe,,0,0,0,0,0,7,0,0,0,0,7,0,Goodware,goodware:Goodware
2024-10-17 16:10:00,SYSTEM\C:\Windows\System32\LogonUI.exe,,0,0,0,0,0,0,1,0,0,0,1,0,Goodware,goodware:Goodware
2024-10-17 16:10:00,User\C:\Windows\system32\DllHost.exe,,0,0,0,0,0,1,0,0,0,0,1,0,Goodware,goodware:Goodware
2024-10-17 16:10:00,User\C:\Users\User\AppData\Local\Microsoft\OneDrive\OneDrive.exe,,0,0,0,0,0,0,0,0,0,0,1,0,Goodware,goodware:Goodware
2024-10-17 16:10:00,User\C:\Users\End-user\Downloads\7z2408-x64.exe,,0,0,0,0,0,1,0,0,0,0,1,0,Goodware,goodware:Goodware
2024-10-17 16:10:00,User\C:\Windows\SystemApps\Microsoft.Windows.StartMenuExperienceHost_cw5n1h2txyewy\StartMenuExperienceHost.exe,,0,0,0,0,0,1,0,0,0,0,1,0,Goodware,goodware:Goodware
2024-10-17 16:10:00,User\C:\Windows\SystemApps\ShellExperienceHost_cw5n1h2txyewy\ShellExperienceHost.exe,,0,0,0,0,0,1,0,0,0,0,1,0,Goodware,goodware:Goodware
2024-10-17 16:10:00,End-user\C:\Windows\System32\VBoxTray.exe,,0,0,0,0,0,1,0,0,0,0,1,0,Goodware,goodware:Goodware
2024-10-17 16:10:00,End-user\C:\Program Files\WindowsApps\MicrosoftWindows.Client.WebExperience_524.24900.130.0_x64__cw5n1h2txyewy\Dashboard\Widgets.exe,,0,0,0,0,0,1,0,0,0,0,1,0,Goodware,goodware:Goodware
2024-10-17 16:10:00,End-user\C:\Users\End-user\Downloads\TelegramDesktopPortable_5.6.3.paf.exe,,0,0,0,0,0,1,0,0,0,0,2,0,Goodware,goodware:Goodware
2024-10-17 16:10:00,End-user\C:\Program Files (x86)\Microsoft\Edge\Application\msedge.exe,,0,0,0,0,0,7,0,0,0,0,7,0,Goodware,goodware:Goodware
2024-10-17 16:10:00,User\C:\Windows\SystemApps\MicrosoftWindows.Client.CBS_cw5n1h2txyewy\SearchHost.exe,,0,0,0,0,0,1,0,0,0,0,1,0,Goodware,goodware:Goodware
2024-10-17 16:10:00,End-user\C:\Program Files (x86)\Microsoft\EdgeWebView\Application\129.0.2792.89\msedgewebview2.exe,,0,0,0,0,0,7,0,0,0,0,7,0,Goodware,goodware:Goodware
2024-10-17 16:10:00,User\C:\Windows\Explorer.EXE,,0,0,0,0,0,1,0,0,0,0,1,0,Goodware,goodware:Goodware
2024-10-17 16:10:00,End-user\C:\Users\End-user\AppData\Local\Microsoft\OneDrive\24.186.0915.0004\FileCoAuth.exe,,0,0,0,0,0,0,0,0,0,0,1,0,Goodware,goodware:Goodware
2024-10-17 16:10:00,User\C:\Windows\System32\RuntimeBroker.exe,,0,0,0,0,0,3,0,0,0,0,3,0,Goodware,goodware:Goodware
2024-10-17 16:10:00,SYSTEM\C:\Windows\system32\services.exe,,0,0,0,0,0,122,0,0,0,0,122,0,Goodware,goodware:Goodware
2024-10-17 16:10:00,End-user\C:\Users\End-user\AppData\Local\Microsoft\OneDrive\OneDrive.exe,,0,0,0,0,0,0,0,0,0,0,1,0,Goodware,goodware:Goodware
2024-10-17 16:10:00,SYSTEM\C:\Windows\system32\svchost.exe,,0,1,1,0,0,3,0,0,0,0,5,0,Goodware,goodware:Goodware
2024-10-17 16:10:00,NETWORK SERVICE\C:\Windows\System32\svchost.exe,,0,3,0,0,0,4,0,0,0,0,7,0,Goodware,goodware:Goodware
2024-10-17 16:10:00,End-user\C:\Windows\SystemApps\ShellExperienceHost_cw5n1h2txyewy\ShellExperienceHost.exe,,0,0,0,0,0,1,0,0,0,0,1,0,Goodware,goodware:Goodware
2024-10-17 16:10:00,End-user\C:\Windows\SystemApps\Microsoft.Windows.StartMenuExperienceHost_cw5n1h2txyewy\StartMenuExperienceHost.exe,,0,0,0,0,0,1,0,0,0,0,1,0,Goodware,goodware:Goodware
2024-10-17 16:10:00,End-user\C:\Windows\ImmersiveControlPanel\SystemSettings.exe,,0,0,0,0,0,1,0,0,0,0,1,0,Goodware,goodware:Goodware
2024-10-17 16:10:00,DWM-1\C:\Windows\system32\dwm.exe,,0,0,0,0,0,1,0,0,0,0,1,0,Goodware,goodware:Goodware
2024-10-17 16:10:00,End-user\C:\Windows\SystemApps\MicrosoftWindows.Client.CBS_cw5n1h2txyewy\SearchHost.exe,,0,0,0,0,0,1,0,0,0,0,1,0,Goodware,goodware:Goodware
2024-10-17 16:10:00,End-user\C:\Windows\Explorer.EXE,,0,0,0,0,0,1,0,0,0,0,1,0,Goodware,goodware:Goodware
2024-10-17 16:10:00,End-user\C:\Windows\system32\ApplicationFrameHost.exe,,0,0,0,0,0,1,0,0,0,0,1,0,Goodware,goodware:Goodware
2024-10-17 16:10:00,End-user\C:\Windows\System32\RuntimeBroker.exe,,0,0,0,0,0,3,0,0,0,0,3,0,Goodware,goodware:Goodware
2024-10-17 16:10:00,SYSTEM\C:\Windows\system32\csrss.exe,,0,0,0,0,0,1,0,0,0,0,1,0,Goodware,goodware:Goodware
2024-10-17 16:10:00,SYSTEM\System,,0,1,0,0,0,0,0,0,0,0,1,0,Goodware,goodware:Goodware
2024-10-17 16:10:00,SYSTEM\C:\ProgramData\Microsoft\Windows Defender\Platform\4.18.24080.9-0\MpDefenderCoreService.exe,,0,0,0,0,1,0,0,0,0,0,1,0,Goodware,goodware:Goodware
2024-10-17 16:10:00,LOCAL SERVICE\C:\Windows\System32\svchost.exe,,0,6,0,0,0,2,0,0,0,0,8,0,Goodware,goodware:Goodware
2024-10-17 16:10:00,SYSTEM\C:\ProgramData\Microsoft\Windows Defender\Platform\4.18.24080.9-0\MsMpEng.exe,,0,0,0,0,0,3,0,0,0,0,3,0,Goodware,goodware:Goodware
2024-10-17 16:10:00,-\-,,0,0,0,0,0,0,0,0,0,0,2,0,Goodware,goodware:Goodware
2024-10-17 18:00:00,SYSTEM\System,,0,18,0,0,0,0,0,0,0,0,18,0,Goodware,goodware:Goodware
2024-10-17 18:00:00,-\-,,0,0,0,0,0,0,0,0,0,0,4,0,Goodware,goodware:Goodware
2024-10-17 18:00:00,SYSTEM\C:\Windows\System32\smss.exe,,0,0,0,0,0,9,0,0,0,0,9,0,Goodware,goodware:Goodware
2024-10-17 18:00:00,SYSTEM\C:\Windows\System32\csrss.exe,,2,0,0,0,0,0,0,0,0,0,2,0,Goodware,goodware:Goodware
2024-10-17 18:00:00,SYSTEM\C:\Windows\system32\csrss.exe,,0,0,0,0,0,2,0,0,0,0,2,0,Goodware,goodware:Goodware
2024-10-17 18:00:00,SYSTEM\C:\Windows\system32\wininit.exe,,0,0,0,0,0,4,0,0,0,0,6,0,Goodware,goodware:Goodware
2024-10-17 18:00:00,-\C:\Windows\system32\wininit.exe,,0,0,0,0,0,0,0,0,0,0,1,0,Goodware,goodware:Goodware
2024-10-17 18:00:00,-\C:\Windows\system32\csrss.exe,,0,0,0,0,0,0,0,0,0,0,1,0,Goodware,goodware:Goodware
2024-10-17 18:00:00,SYSTEM\C:\Windows\System32\lsass.exe,,1,0,0,0,0,0,0,0,0,0,1,0,Goodware,goodware:Goodware
2024-10-17 18:00:00,SYSTEM\C:\Windows\system32\lsass.exe,,0,1,0,0,0,3,0,0,0,0,5,0,Goodware,goodware:Goodware
2024-10-17 18:00:00,SYSTEM\C:\Windows\system32\services.exe,,0,0,0,0,0,278,0,0,0,0,280,0,Goodware,goodware:Goodware
2024-10-17 18:00:00,SYSTEM\C:\Windows\system32\svchost.exe,,0,4,0,0,0,26,0,0,0,0,35,0,Goodware,goodware:Goodware
2024-10-17 18:00:00,NETWORK SERVICE\C:\Windows\system32\svchost.exe,,0,0,0,0,0,1,0,0,0,0,4,0,Goodware,goodware:Goodware
2024-10-17 18:00:00,SYSTEM\C:\Windows\System32\svchost.exe,,7,0,0,0,0,0,8,0,0,0,16,0,Goodware,goodware:Goodware
2024-10-17 18:00:00,SYSTEM\C:\Windows\system32\winlogon.exe,,0,2,0,0,0,1,0,0,0,0,3,0,Goodware,goodware:Goodware
2024-10-17 18:00:00,LOCAL SERVICE\C:\Windows\System32\svchost.exe,,18,4,0,0,0,5,1,0,0,0,31,0,Goodware,goodware:Goodware
2024-10-17 18:00:00,NETWORK SERVICE\C:\Windows\System32\svchost.exe,,0,0,0,0,0,1,1,0,0,0,2,0,Goodware,goodware:Goodware
2024-10-17 18:00:00,LOCAL SERVICE\C:\Windows\system32\svchost.exe,,0,0,0,0,0,13,0,0,0,0,13,0,Goodware,goodware:Goodware
2024-10-17 18:00:00,SYSTEM\C:\Windows\System32\spoolsv.exe,,1,0,0,0,0,5,1,0,0,0,11,0,Goodware,goodware:Goodware
2024-10-17 18:00:00,SYSTEM\C:\Windows\System32\LogonUI.exe,,0,0,0,0,0,0,1,0,0,0,1,0,Goodware,goodware:Goodware
2024-10-17 18:00:00,SYSTEM\C:\ProgramData\Microsoft\Windows Defender\Platform\4.18.24080.9-0\MsMpEng.exe,,0,0,0,0,0,0,5,0,0,0,5,0,Goodware,goodware:Goodware
2024-10-17 18:00:00,SYSTEM\C:\ProgramData\Microsoft\Windows Defender\Platform\4.18.24080.9-0\MpDefenderCoreService.exe,,0,0,0,0,2,0,3,0,0,0,5,0,Goodware,goodware:Goodware
2024-10-17 18:00:00,SYSTEM\C:\Windows\Sysmon.exe,,0,0,0,0,0,0,2,0,0,0,2,0,Goodware,goodware:Goodware
2024-10-17 18:00:00,NETWORK SERVICE\C:\Windows\System32\wbem\WmiPrvSE.exe,,1,0,0,0,0,0,1,0,0,0,2,0,Goodware,goodware:Goodware
2024-10-17 18:00:00,SYSTEM\C:\Windows\System32\taskhostw.exe,,0,0,0,0,0,0,2,0,0,0,2,0,Goodware,goodware:Goodware
2024-10-17 18:00:00,SYSTEM\C:\Windows\System32\wbem\WmiPrvSE.exe,,1,0,0,0,0,0,1,0,0,0,2,0,Goodware,goodware:Goodware
2024-10-17 18:00:00,NETWORK SERVICE\C:\Windows\system32\sppsvc.exe,,0,5,0,0,0,0,0,0,0,0,5,0,Goodware,goodware:Goodware
2024-10-17 18:00:00,NETWORK SERVICE\C:\Windows\system32\SppExtComObj.exe,,0,0,0,0,0,0,0,0,0,0,1,0,Goodware,goodware:Goodware
2024-10-17 18:00:00,SYSTEM\C:\Windows\System32\wevtutil.exe,,12,0,0,0,0,0,0,0,0,0,12,0,Goodware,goodware:Goodware
2024-10-17 18:00:00,NETWORK SERVICE\C:\Windows\System32\SppExtComObj.Exe,,0,0,0,0,0,0,0,0,0,0,1,0,Goodware,goodware:Goodware
2024-10-17 18:00:00,User\C:\Windows\System32\svchost.exe,,2,0,0,0,0,0,0,0,0,0,2,0,Goodware,goodware:Goodware
2024-10-17 18:00:00,SYSTEM\C:\Windows\System32\sdbinst.exe,,1,0,0,0,0,0,0,0,0,0,1,0,Goodware,goodware:Goodware
2024-10-17 18:00:00,-\C:\Windows\system32\sppsvc.exe,,0,0,0,0,0,0,0,0,0,0,1,0,Goodware,goodware:Goodware
2024-10-17 18:00:00,SYSTEM\C:\Windows\system32\wevtutil.exe,,0,0,0,0,0,16,0,0,0,0,16,0,Goodware,goodware:Goodware
2024-10-17 18:00:00,User\C:\Windows\system32\userinit.exe,,0,0,0,0,0,1,0,0,0,0,1,0,Goodware,goodware:Goodware
2024-10-17 18:00:00,SYSTEM\C:\Program Files (x86)\Microsoft\EdgeUpdate\MicrosoftEdgeUpdate.exe,,1,0,0,0,0,0,2,0,0,0,3,0,Goodware,goodware:Goodware
2024-10-17 18:00:00,User\C:\Windows\explorer.exe,,0,0,0,0,0,0,2,0,0,0,2,0,Goodware,goodware:Goodware
2024-10-17 18:00:00,User\C:\Windows\SystemApps\Microsoft.Windows.StartMenuExperienceHost_cw5n1h2txyewy\StartMenuExperienceHost.exe,,0,0,0,0,0,0,1,0,0,0,1,0,Goodware,goodware:Goodware
2024-10-17 18:00:00,User\C:\Windows\SystemApps\MicrosoftWindows.Client.CBS_cw5n1h2txyewy\SearchHost.exe,,0,1,8,0,0,0,1,0,0,0,10,0,Goodware,goodware:Goodware
2024-10-17 18:00:00,User\C:\Program Files\WindowsApps\Microsoft.WidgetsPlatformRuntime_1.4.0.0_x64__8wekyb3d8bbwe\WidgetService\WidgetService.exe,,0,7,0,0,0,0,0,0,0,0,7,0,Goodware,goodware:Goodware
2024-10-17 18:00:00,User\C:\Windows\system32\DllHost.exe,,0,0,0,0,0,4,0,0,0,0,4,0,Goodware,goodware:Goodware
2024-10-17 18:00:00,User\C:\Program Files\WindowsApps\MicrosoftWindows.Client.WebExperience_524.24900.130.0_x64__cw5n1h2txyewy\Dashboard\Widgets.exe,,0,0,0,0,0,0,1,0,0,0,1,0,Goodware,goodware:Goodware
2024-10-17 18:00:00,SYSTEM\C:\Windows\system32\sdbinst.exe,,0,2,0,0,0,0,0,0,0,0,2,0,Goodware,goodware:Goodware
2024-10-17 18:00:00,SYSTEM\C:\Windows\system32\taskhostw.exe,,0,0,0,0,0,20,0,0,0,0,20,0,Goodware,goodware:Goodware
2024-10-17 18:00:00,SYSTEM\C:\Windows\system32\SearchIndexer.exe,,0,0,0,0,0,0,0,0,0,0,1,0,Goodware,goodware:Goodware
2024-10-17 18:00:00,User\C:\Windows\System32\SecurityHealthSystray.exe,,1,0,0,0,0,0,0,0,0,0,1,0,Goodware,goodware:Goodware
2024-10-17 18:00:00,SYSTEM\C:\Windows\System32\SecurityHealthService.exe,,0,0,0,0,0,0,4,0,0,0,4,0,Goodware,goodware:Goodware
2024-10-17 18:00:00,SYSTEM\C:\Windows\system32\SecurityHealthService.exe,,0,0,0,0,0,1,0,0,0,0,1,0,Goodware,goodware:Goodware
2024-10-17 18:00:00,User\C:\Windows\System32\VBoxTray.exe,,1,0,0,0,0,0,0,0,0,0,2,0,Goodware,goodware:Goodware
2024-10-17 18:00:00,User\C:\Users\User\AppData\Local\Microsoft\OneDrive\OneDrive.exe,,1,0,0,0,0,15,52,0,0,0,69,0,Goodware,goodware:Goodware
2024-10-17 18:00:00,User\C:\Users\User\AppData\Local\Microsoft\OneDrive\24.186.0915.0004\FileCoAuth.exe,,1,0,0,0,0,0,18,0,0,0,19,0,Goodware,goodware:Goodware
2024-10-17 18:05:00,-\C:\Users\User\AppData\Local\Microsoft\OneDrive\OneDrive.exe,,0,0,0,0,0,0,0,0,0,0,1,0,Goodware,goodware:Goodware
2024-10-17 18:05:00,-\C:\Windows\Explorer.EXE,,0,0,0,0,0,0,0,0,0,0,62,0,Goodware,goodware:Goodware
2024-10-17 18:05:00,User\C:\Users\User\AppData\Local\Microsoft\OneDrive\OneDrive.exe,,0,0,0,0,0,2,13,0,0,0,15,0,Goodware,goodware:Goodware
2024-10-17 18:05:00,User\C:\Windows\System32\taskhostw.exe,,0,0,0,0,0,0,1,0,0,0,1,0,Goodware,goodware:Goodware
2024-10-17 18:05:00,SYSTEM\C:\Windows\System32\svchost.exe,,2,0,0,0,0,6,9,0,0,0,18,0,Goodware,goodware:Goodware
2024-10-17 18:05:00,SYSTEM\C:\Windows\system32\svchost.exe,,0,5,0,0,0,41,0,0,0,0,46,0,Goodware,goodware:Goodware
2024-10-17 18:05:00,User\C:\Users\User\AppData\Local\Microsoft\OneDrive\24.186.0915.0004\FileCoAuth.exe,,0,0,0,0,0,0,0,0,0,0,1,0,Goodware,goodware:Goodware
2024-10-17 18:05:00,User\C:\Program Files (x86)\Microsoft\Edge\Application\msedge.exe,,2,0,1,0,0,0,6,0,0,0,10,0,Goodware,goodware:Goodware
2024-10-17 18:05:00,NETWORK SERVICE\C:\Windows\System32\sppsvc.exe,,0,0,0,0,0,0,2,0,0,0,2,0,Goodware,goodware:Goodware
2024-10-17 18:05:00,User\C:\Windows\System32\sihost.exe,,0,0,0,0,0,0,1,0,0,0,1,0,Goodware,goodware:Goodware
2024-10-17 18:05:00,User\C:\Program Files\WindowsApps\MicrosoftTeams_24256.2502.3123.1_x64__8wekyb3d8bbwe\msteams_autostarter.exe,,0,0,0,0,0,0,1,0,0,0,1,0,Goodware,goodware:Goodware
2024-10-17 18:05:00,User\C:\Windows\Explorer.EXE,,0,0,1,0,0,0,0,0,0,0,1,0,Goodware,goodware:Goodware
2024-10-17 18:05:00,User\C:\Program Files\WindowsApps\MicrosoftTeams_24256.2502.3123.1_x64__8wekyb3d8bbwe\msteams.exe,,0,0,0,0,0,0,1,0,0,0,3,0,Goodware,goodware:Goodware
2024-10-17 18:05:00,User\C:\Program Files (x86)\Microsoft\EdgeWebView\Application\129.0.2792.89\msedgewebview2.exe,,16,0,7,0,0,7,8,0,0,0,66,0,Goodware,goodware:Goodware
2024-10-17 18:05:00,SYSTEM\C:\Windows\system32\SecurityHealthService.exe,,0,8,1,0,0,0,0,0,0,0,9,0,Goodware,goodware:Goodware
2024-10-17 18:05:00,-\C:\Program Files (x86)\Microsoft\EdgeWebView\Application\129.0.2792.89\msedgewebview2.exe,,0,0,0,0,0,0,0,0,0,0,7,0,Goodware,goodware:Goodware
2024-10-17 18:05:00,SYSTEM\C:\ProgramData\Microsoft\Windows Defender\Platform\4.18.24080.9-0\MpDefenderCoreService.exe,,0,0,0,0,1,0,0,0,0,0,1,0,Goodware,goodware:Goodware
2024-10-17 18:05:00,User\C:\Windows\SystemApps\MicrosoftWindows.Client.CBS_cw5n1h2txyewy\SearchHost.exe,,0,0,1,0,0,0,0,0,0,0,1,0,Goodware,goodware:Goodware
2024-10-17 18:05:00,User\C:\Program Files\WindowsApps\MicrosoftWindows.CrossDevice_1.24091.30.0_x64__cw5n1h2txyewy\CrossDeviceService.exe,,0,0,0,0,0,0,1,0,0,0,2,0,Goodware,goodware:Goodware
2024-10-17 18:05:00,SYSTEM\C:\Windows\System32\smss.exe,,0,0,0,0,0,1,0,0,0,0,1,0,Goodware,goodware:Goodware
2024-10-17 18:05:00,SYSTEM\C:\Windows\System32\csrss.exe,,1,0,0,0,0,0,0,0,0,0,1,0,Goodware,goodware:Goodware
2024-10-17 18:05:00,LOCAL SERVICE\C:\Windows\system32\svchost.exe,,0,1,0,0,0,9,0,0,0,0,10,0,Goodware,goodware:Goodware
2024-10-17 18:05:00,SYSTEM\C:\Windows\system32\winlogon.exe,,0,0,0,0,0,1,0,0,0,0,1,0,Goodware,goodware:Goodware
2024-10-17 18:05:00,SYSTEM\C:\Windows\System32\LogonUI.exe,,0,0,0,0,0,0,2,0,0,0,2,0,Goodware,goodware:Goodware
2024-10-17 18:05:00,SYSTEM\C:\Windows\system32\lsass.exe,,0,0,1,0,0,0,0,0,0,0,1,0,Goodware,goodware:Goodware
2024-10-17 18:05:00,SYSTEM\C:\Windows\System32\spoolsv.exe,,0,0,0,0,0,1,0,0,0,0,1,0,Goodware,goodware:Goodware
2024-10-17 18:05:00,SYSTEM\C:\Windows\system32\services.exe,,0,0,0,0,0,255,0,0,0,0,255,0,Goodware,goodware:Goodware
2024-10-17 18:05:00,SYSTEM\System,,0,1,0,0,0,0,0,0,0,0,1,0,Goodware,goodware:Goodware
2024-10-17 18:05:00,End-user\C:\Windows\System32\svchost.exe,,3,0,0,0,0,0,0,0,0,0,3,0,Goodware,goodware:Goodware
2024-10-17 18:05:00,End-user\C:\Windows\system32\userinit.exe,,0,0,0,0,0,2,0,0,0,0,2,0,Goodware,goodware:Goodware
2024-10-17 18:05:00,End-user\C:\Windows\explorer.exe,,0,0,0,0,0,0,4,0,0,0,4,0,Goodware,goodware:Goodware
2024-10-17 18:05:00,NETWORK SERVICE\C:\Windows\system32\sppsvc.exe,,0,2,0,0,0,0,0,0,0,0,2,0,Goodware,goodware:Goodware
2024-10-17 18:05:00,End-user\C:\Windows\SystemApps\Microsoft.Windows.StartMenuExperienceHost_cw5n1h2txyewy\StartMenuExperienceHost.exe,,0,0,0,0,0,1,2,0,0,0,3,0,Goodware,goodware:Goodware
2024-10-17 18:05:00,End-user\C:\Windows\SystemApps\MicrosoftWindows.Client.CBS_cw5n1h2txyewy\SearchHost.exe,,0,1,21,0,0,1,2,0,0,0,25,0,Goodware,goodware:Goodware
2024-10-17 18:05:00,End-user\C:\Program Files\WindowsApps\Microsoft.WidgetsPlatformRuntime_1.4.0.0_x64__8wekyb3d8bbwe\WidgetService\WidgetService.exe,,0,14,0,0,0,0,0,0,0,0,14,0,Goodware,goodware:Goodware
2024-10-17 18:05:00,End-user\C:\Windows\system32\DllHost.exe,,0,0,2,0,0,1,0,0,0,0,3,0,Goodware,goodware:Goodware
2024-10-17 18:05:00,End-user\C:\Program Files\WindowsApps\MicrosoftWindows.Client.WebExperience_524.24900.130.0_x64__cw5n1h2txyewy\Dashboard\Widgets.exe,,0,0,0,0,0,1,2,0,0,0,3,0,Goodware,goodware:Goodware
2024-10-17 18:05:00,LOCAL SERVICE\C:\Windows\System32\svchost.exe,,2,0,0,0,0,0,2,0,0,0,4,0,Goodware,goodware:Goodware
2024-10-17 18:05:00,End-user\C:\Windows\System32\RuntimeBroker.exe,,0,0,0,0,0,0,1,0,0,0,1,0,Goodware,goodware:Goodware
2024-10-17 18:05:00,End-user\C:\Windows\System32\SecurityHealthSystray.exe,,1,0,0,0,0,0,0,0,0,0,1,0,Goodware,goodware:Goodware
2024-10-17 18:05:00,End-user\C:\Windows\Explorer.EXE,,0,1,4,0,0,4,0,0,0,0,9,0,Goodware,goodware:Goodware
2024-10-17 18:05:00,End-user\C:\Windows\System32\VBoxTray.exe,,1,0,0,0,0,0,0,0,0,0,2,0,Goodware,goodware:Goodware
2024-10-17 18:05:00,End-user\C:\Windows\system32\svchost.exe,,0,0,0,0,0,0,0,0,0,0,8,0,Goodware,goodware:Goodware
2024-10-17 18:05:00,End-user\C:\Users\End-user\AppData\Local\Microsoft\OneDrive\OneDrive.exe,,1,0,0,0,0,17,62,0,0,0,81,0,Goodware,goodware:Goodware
2024-10-17 18:05:00,End-user\C:\Users\End-user\AppData\Local\Microsoft\OneDrive\24.186.0915.0004\FileCoAuth.exe,,2,0,0,0,0,0,32,0,0,0,35,0,Goodware,goodware:Goodware
2024-10-17 18:05:00,-\C:\Users\End-user\AppData\Local\Microsoft\OneDrive\OneDrive.exe,,0,0,0,0,0,0,0,0,0,0,2,0,Goodware,goodware:Goodware
2024-10-17 18:05:00,NETWORK SERVICE\C:\Windows\System32\svchost.exe,,0,7,0,0,4,0,2,0,0,0,15,0,Goodware,goodware:Goodware
2024-10-17 18:05:00,SYSTEM\C:\Program Files\Microsoft Update Health Tools\uhssvc.exe,,1,0,0,0,0,0,0,0,0,0,1,0,Goodware,goodware:Goodware
2024-10-17 18:05:00,End-user\C:\Windows\System32\rundll32.exe,,2,0,0,0,0,0,0,0,0,0,2,0,Goodware,goodware:Goodware
2024-10-17 18:05:00,SYSTEM\C:\Program Files\Winlogbeat\winlogbeat.exe,,1,0,0,0,0,0,0,0,0,0,2,0,Goodware,goodware:Goodware
2024-10-17 18:05:00,SYSTEM\C:\Windows\UUS\Packages\Preview\amd64\MoUsoCoreWorker.exe,,0,0,0,0,0,0,1,0,0,0,1,0,Goodware,goodware:Goodware
2024-10-17 18:05:00,End-user\C:\Windows\System32\SecurityHealth\1.0.2402.27001-0\SecurityHealthHost.exe,,0,0,0,0,0,0,0,0,0,0,2,0,Goodware,goodware:Goodware
2024-10-17 18:05:00,End-user\C:\Program Files (x86)\Microsoft\Edge\Application\msedge.exe,,2,0,1,0,0,41,6,0,0,0,52,0,Goodware,goodware:Goodware
2024-10-17 18:05:00,End-user\C:\Windows\System32\sihost.exe,,0,0,0,0,0,0,1,0,0,0,1,0,Goodware,goodware:Goodware
2024-10-17 18:05:00,End-user\C:\Program Files\WindowsApps\MicrosoftTeams_24256.2502.3123.1_x64__8wekyb3d8bbwe\msteams_autostarter.exe,,0,0,0,0,0,0,1,0,0,0,1,0,Goodware,goodware:Goodware
2024-10-17 18:05:00,End-user\C:\Program Files\WindowsApps\MicrosoftTeams_24256.2502.3123.1_x64__8wekyb3d8bbwe\msteams.exe,,0,0,0,0,0,0,1,0,0,0,3,0,Goodware,goodware:Goodware
2024-10-17 18:05:00,End-user\C:\Program Files (x86)\Microsoft\EdgeWebView\Application\129.0.2792.89\msedgewebview2.exe,,9,0,4,0,0,0,5,0,0,0,34,0,Goodware,goodware:Goodware
2024-10-17 18:05:00,End-user\C:\Program Files\WindowsApps\MicrosoftTeams_24256.2502.3123.1_x64__8wekyb3d8bbwe\msteamsupdate.exe,,0,0,0,0,0,0,1,0,0,0,1,0,Goodware,goodware:Goodware
2024-10-17 18:05:00,End-user\C:\Windows\System32\smartscreen.exe,,0,0,0,0,0,0,1,0,0,0,1,0,Goodware,goodware:Goodware
2024-10-17 18:05:00,End-user\C:\Users\End-user\Downloads\TelegramDesktopPortable_5.6.3.paf.exe,,1,62,4,0,0,1,6,0,0,0,82,0,Goodware,goodware:Goodware
2024-10-17 18:05:00,-\C:\Windows\system32\csrss.exe,,0,0,0,0,0,0,0,0,0,0,3,0,Goodware,goodware:Goodware
2024-10-17 18:05:00,-\C:\Windows\system32\svchost.exe,,0,0,0,0,0,0,0,0,0,0,18,0,Goodware,goodware:Goodware
2024-10-17 18:05:00,-\C:\Windows\System32\svchost.exe,,0,0,0,0,0,0,0,0,0,0,3,0,Goodware,goodware:Goodware
2024-10-17 18:05:00,End-user\C:\Program Files\WindowsApps\MicrosoftWindows.CrossDevice_1.24091.30.0_x64__cw5n1h2txyewy\CrossDeviceService.exe,,0,0,0,0,0,0,1,0,0,0,2,0,Goodware,goodware:Goodware
2024-10-17 18:05:00,SYSTEM\C:\Windows\System32\WerFault.exe,,1,0,0,0,0,0,0,0,0,0,1,0,Goodware,goodware:Goodware
2024-10-17 18:05:00,End-user\C:\Windows\System32\WerFault.exe,,1,0,0,0,0,0,0,0,0,0,1,0,Goodware,goodware:Goodware
2024-10-17 18:05:00,-\C:\Windows\system32\WerFault.exe,,0,0,0,0,0,0,0,0,0,0,2,0,Goodware,goodware:Goodware
2024-10-17 18:05:00,End-user\C:\Windows\system32\WerFault.exe,,0,0,1,0,0,0,0,0,0,0,1,0,Goodware,goodware:Goodware
2024-10-17 18:05:00,SYSTEM\C:\Windows\system32\wermgr.exe,,0,0,1,0,0,0,0,0,0,0,1,0,Goodware,goodware:Goodware
2024-10-17 18:05:00,End-user\C:\Windows\System32\DataExchangeHost.exe,,0,0,0,0,0,1,0,0,0,0,1,0,Goodware,goodware:Goodware
2024-10-17 18:05:00,-\C:\Program Files (x86)\Microsoft\Edge\Application\msedge.exe,,0,0,0,0,0,0,0,0,0,0,1,0,Goodware,goodware:Goodware
2024-10-17 18:05:00,-\C:\Users\End-user\Downloads\TelegramDesktopPortable_5.6.3.paf.exe,,0,0,0,0,0,0,0,0,0,0,1,0,Goodware,goodware:Goodware
2024-10-17 18:05:00,End-user\C:\Users\End-user\Downloads\TelegramDesktopPortable\TelegramDesktopPortable.exe,,1,3,0,0,0,0,4,0,0,0,10,0,Goodware,goodware:Goodware
2024-10-17 18:05:00,-\C:\Windows\system32\lsass.exe,,0,0,0,0,0,0,0,0,0,0,2,0,Goodware,goodware:Goodware
2024-10-17 18:05:00,End-user\C:\Users\End-user\Downloads\TelegramDesktopPortable\App\Telegram\Telegram.exe,,1,93,0,0,37,4,2,0,0,0,140,0,Goodware,goodware:Goodware
2024-10-17 18:05:00,-\C:\Users\End-user\Downloads\TelegramDesktopPortable\TelegramDesktopPortable.exe,,0,0,0,0,0,0,0,0,0,0,1,0,Goodware,goodware:Goodware
2024-10-17 18:05:00,-\C:\Users\End-user\Downloads\TelegramDesktopPortable\App\Telegram\Telegram.exe,,0,0,0,0,0,0,0,0,0,0,1,0,Goodware,goodware:Goodware
2024-10-17 18:05:00,-\C:\Windows\Sysmon.exe,,0,0,0,0,0,0,0,0,0,0,10,0,Goodware,goodware:Goodware
2024-10-17 18:05:00,SYSTEM\C:\Windows\System32\wbem\WMIADAP.exe,,0,0,0,0,0,0,2,0,0,0,2,0,Goodware,goodware:Goodware
2024-10-17 18:05:00,SYSTEM\C:\ProgramData\Microsoft\Windows Defender\Platform\4.18.24080.9-0\MsMpEng.exe,,0,0,7,0,0,9,4,0,0,0,20,0,Goodware,goodware:Goodware
2024-10-17 18:05:00,End-user\C:\Windows\SystemApps\ShellExperienceHost_cw5n1h2txyewy\ShellExperienceHost.exe,,0,0,0,0,0,0,1,0,0,0,1,0,Goodware,goodware:Goodware
2024-10-17 18:05:00,LOCAL SERVICE\C:\ProgramData\Microsoft\Windows Defender\Platform\4.18.24080.9-0\NisSrv.exe,,0,0,0,0,0,0,2,0,0,0,2,0,Goodware,goodware:Goodware
2024-10-17 18:05:00,SYSTEM\\\?\C:\Windows\system32\wbem\WMIADAP.EXE,,0,10,0,0,0,11,0,0,0,0,21,0,Goodware,goodware:Goodware
2024-10-17 18:05:00,User\C:\Program Files\WindowsApps\MicrosoftTeams_24256.2502.3123.1_x64__8wekyb3d8bbwe\msteamsupdate.exe,,0,0,0,0,0,0,1,0,0,0,1,0,Goodware,goodware:Goodware
2024-10-17 18:05:00,SYSTEM\C:\Windows\System32\taskhostw.exe,,0,0,0,0,0,0,2,0,0,0,2,0,Goodware,goodware:Goodware
2024-10-17 18:05:00,User\C:\Program Files\WindowsApps\MicrosoftWindows.Client.WebExperience_524.24900.130.0_x64__cw5n1h2txyewy\Dashboard\Widgets.exe,,0,0,0,0,0,1,0,0,0,0,3,0,Goodware,goodware:Goodware
2024-10-17 18:05:00,User\C:\Windows\SystemApps\ShellExperienceHost_cw5n1h2txyewy\ShellExperienceHost.exe,,0,0,0,0,0,0,1,0,0,0,1,0,Goodware,goodware:Goodware
2024-10-17 18:05:00,SYSTEM\C:\Windows\System32\sc.exe,,1,0,0,0,0,0,0,0,0,0,1,0,Goodware,goodware:Goodware
2024-10-17 18:05:00,End-user\C:\Users\End-user\AppData\Local\Microsoft\OneDrive\OneDriveStandaloneUpdater.exe,,1,0,0,0,0,0,3,0,0,0,5,0,Goodware,goodware:Goodware
2024-10-17 18:05:00,User\C:\Users\User\AppData\Local\Microsoft\OneDrive\OneDriveStandaloneUpdater.exe,,1,0,0,0,0,0,3,0,0,0,5,0,Goodware,goodware:Goodware
2024-10-17 18:05:00,User\C:\Windows\System32\svchost.exe,,1,0,0,0,0,0,0,0,0,0,1,0,Goodware,goodware:Goodware
2024-10-17 18:10:00,-\C:\Windows\Explorer.EXE,,0,0,0,0,0,0,0,0,0,0,50,0,Goodware,goodware:Goodware
2024-10-17 18:10:00,End-user\C:\Program Files (x86)\Microsoft\Edge\Application\msedge.exe,,0,0,0,0,0,1,0,0,0,0,1,0,Goodware,goodware:Goodware
2024-10-17 18:10:00,SYSTEM\C:\Windows\System32\sc.exe,,2,0,0,0,0,0,0,0,0,0,2,0,Goodware,goodware:Goodware
2024-10-17 18:10:00,-\C:\Program Files (x86)\Microsoft\EdgeWebView\Application\129.0.2792.89\msedgewebview2.exe,,0,0,0,0,0,0,0,0,0,0,5,0,Goodware,goodware:Goodware
2024-10-17 18:10:00,User\C:\Program Files (x86)\Microsoft\EdgeWebView\Application\129.0.2792.89\msedgewebview2.exe,,2,0,3,0,0,4,3,0,0,0,16,0,Goodware,goodware:Goodware
2024-10-17 18:10:00,End-user\C:\Users\End-user\Desktop\goodware\2048Portable_2.2_English.paf.exe,,1,204,4,0,0,1,7,0,0,0,222,0,Goodware,goodware:Goodware
2024-10-17 18:10:00,-\C:\Windows\system32\csrss.exe,,0,0,0,0,0,0,0,0,0,0,8,0,Goodware,goodware:Goodware
2024-10-17 18:10:00,-\C:\Windows\system32\svchost.exe,,0,0,0,0,0,0,0,0,0,0,22,0,Goodware,goodware:Goodware
2024-10-17 18:10:00,-\C:\Windows\System32\svchost.exe,,0,0,0,0,0,0,0,0,0,0,7,0,Goodware,goodware:Goodware
2024-10-17 18:10:00,NETWORK SERVICE\C:\Windows\System32\sppsvc.exe,,0,0,0,0,0,0,1,0,0,0,1,0,Goodware,goodware:Goodware
2024-10-17 18:10:00,SYSTEM\C:\Windows\system32\svchost.exe,,0,0,0,0,0,3,0,0,0,0,3,0,Goodware,goodware:Goodware
2024-10-17 18:10:00,End-user\C:\Users\End-user\Desktop\goodware\2048Portable\App\2048\2048-portable-nw.exe,,6,66,0,0,2,4,1,0,0,0,97,0,Goodware,goodware:Goodware
2024-10-17 18:10:00,-\C:\Users\End-user\Desktop\goodware\2048Portable_2.2_English.paf.exe,,0,0,0,0,0,0,0,0,0,0,1,0,Goodware,goodware:Goodware
2024-10-17 18:10:00,End-user\C:\Users\End-user\Desktop\goodware\2048Portable\2048Portable.exe,,1,3,0,0,0,0,3,0,0,0,9,0,Goodware,goodware:Goodware
2024-10-17 18:10:00,-\C:\Windows\system32\lsass.exe,,0,0,0,0,0,0,0,0,0,0,3,0,Goodware,goodware:Goodware
2024-10-17 18:10:00,-\C:\Users\End-user\Desktop\goodware\2048Portable\2048Portable.exe,,0,0,0,0,0,0,0,0,0,0,1,0,Goodware,goodware:Goodware
2024-10-17 18:10:00,-\C:\Users\End-user\Desktop\goodware\2048Portable\App\2048\2048-portable-nw.exe,,0,0,0,0,0,0,0,0,0,0,70,0,Goodware,goodware:Goodware
2024-10-17 18:10:00,-\C:\Windows\Sysmon.exe,,0,0,0,0,0,0,0,0,0,0,2,0,Goodware,goodware:Goodware
2024-10-17 18:10:00,SYSTEM\C:\ProgramData\Microsoft\Windows Defender\Platform\4.18.24080.9-0\MpDefenderCoreService.exe,,0,0,0,0,1,0,0,0,0,0,1,0,Goodware,goodware:Goodware
2024-10-17 18:10:00,End-user\C:\Users\End-user\AppData\Local\Microsoft\OneDrive\OneDriveStandaloneUpdater.exe,,0,0,0,0,0,0,0,0,0,0,1,0,Goodware,goodware:Goodware
2024-10-17 18:10:00,User\C:\Users\User\AppData\Local\Microsoft\OneDrive\OneDriveStandaloneUpdater.exe,,0,0,0,0,0,0,0,0,0,0,1,0,Goodware,goodware:Goodware
2024-10-17 18:10:00,SYSTEM\C:\Windows\System32\svchost.exe,,0,0,0,0,0,12,0,0,0,0,13,0,Goodware,goodware:Goodware
2024-10-17 18:10:00,End-user\C:\Program Files\WindowsApps\MicrosoftWindows.Client.WebExperience_524.24900.130.0_x64__cw5n1h2txyewy\Dashboard\Widgets.exe,,0,0,0,0,0,2,0,0,0,0,3,0,Goodware,goodware:Goodware
2024-10-17 18:10:00,End-user\C:\Program Files (x86)\Microsoft\EdgeWebView\Application\129.0.2792.89\msedgewebview2.exe,,10,0,1,0,0,11,4,0,0,0,44,0,Goodware,goodware:Goodware
2024-10-17 18:10:00,LOCAL SERVICE\C:\Windows\System32\svchost.exe,,2,0,0,0,0,0,0,0,0,0,2,0,Goodware,goodware:Goodware
2024-10-17 18:10:00,End-user\C:\Windows\ImmersiveControlPanel\SystemSettings.exe,,0,0,0,0,0,0,1,0,0,0,1,0,Goodware,goodware:Goodware
2024-10-17 18:10:00,End-user\C:\Windows\System32\SecurityHealth\1.0.2402.27001-0\SecurityHealthHost.exe,,0,0,0,0,0,0,0,0,0,0,1,0,Goodware,goodware:Goodware
2024-10-17 18:10:00,NETWORK SERVICE\C:\Windows\System32\wbem\WmiPrvSE.exe,,1,0,0,0,0,0,1,0,0,0,2,0,Goodware,goodware:Goodware
2024-10-17 18:10:00,SYSTEM\C:\Windows\System32\taskhostw.exe,,0,0,0,0,0,0,1,0,0,0,1,0,Goodware,goodware:Goodware
2024-10-17 18:15:00,SYSTEM\C:\Windows\System32\svchost.exe,,1,1,0,0,0,12,2,0,0,0,16,0,Goodware,goodware:Goodware
2024-10-17 18:15:00,SYSTEM\C:\ProgramData\Microsoft\Windows Defender\Platform\4.18.24080.9-0\MpDefenderCoreService.exe,,0,0,0,0,1,0,0,0,0,0,1,0,Goodware,goodware:Goodware
2024-10-17 18:15:00,SYSTEM\C:\Windows\System32\taskhostw.exe,,0,0,0,0,0,0,7,0,0,0,7,0,Goodware,goodware:Goodware
2024-10-17 18:15:00,SYSTEM\C:\Windows\system32\svchost.exe,,0,8,3,0,0,1,0,0,0,0,12,0,Goodware,goodware:Goodware
2024-10-17 18:15:00,SYSTEM\C:\Windows\System32\provtool.exe,,0,0,0,0,0,0,3,0,0,0,3,0,Goodware,goodware:Goodware
2024-10-17 18:15:00,SYSTEM\C:\ProgramData\Microsoft\Windows Defender\Platform\4.18.24080.9-0\MpCmdRun.exe,,0,2,0,0,0,0,13,0,0,0,15,0,Goodware,goodware:Goodware
2024-10-17 18:15:00,SYSTEM\C:\Windows\system32\services.exe,,0,0,0,0,0,19,0,0,0,0,19,0,Goodware,goodware:Goodware
2024-10-17 18:15:00,End-user\C:\Program Files (x86)\Microsoft\Edge\Application\msedge.exe,,0,0,0,0,0,2,0,0,0,0,2,0,Goodware,goodware:Goodware
2024-10-17 18:15:00,SYSTEM\C:\ProgramData\Microsoft\Windows Defender\Platform\4.18.24080.9-0\MsMpEng.exe,,0,1,11,0,0,2,4,0,0,0,18,0,Goodware,goodware:Goodware
2024-10-17 18:15:00,LOCAL SERVICE\C:\Windows\System32\svchost.exe,,0,1,0,0,0,0,0,0,0,0,1,0,Goodware,goodware:Goodware
2024-10-17 18:15:00,-\C:\Windows\system32\taskhostw.exe,,0,0,0,0,0,0,0,0,0,0,2,0,Goodware,goodware:Goodware
2024-10-17 18:15:00,SYSTEM\C:\Windows\Microsoft.NET\Framework64\v4.0.30319\NGenTask.exe,,0,2,0,0,0,0,0,0,0,0,2,0,Goodware,goodware:Goodware
2024-10-17 18:15:00,-\C:\Windows\Microsoft.NET\Framework64\v4.0.30319\NGenTask.exe,,0,0,0,0,0,0,0,0,0,0,2,0,Goodware,goodware:Goodware
2024-10-17 18:15:00,SYSTEM\C:\Windows\Microsoft.NET\Framework64\v4.0.30319\ngen.exe,,0,4,0,0,0,0,1,0,0,0,5,0,Goodware,goodware:Goodware
2024-10-17 18:15:00,SYSTEM\C:\Windows\Microsoft.NET\Framework\v4.0.30319\NGenTask.exe,,0,2,0,0,0,0,0,0,0,0,2,0,Goodware,goodware:Goodware
2024-10-17 18:15:00,-\C:\Windows\Microsoft.NET\Framework\v4.0.30319\NGenTask.exe,,0,0,0,0,0,0,0,0,0,0,2,0,Goodware,goodware:Goodware
2024-10-17 18:15:00,SYSTEM\C:\Windows\Microsoft.NET\Framework\v4.0.30319\ngen.exe,,0,3,0,0,0,0,1,0,0,0,4,0,Goodware,goodware:Goodware
2024-10-17 18:15:00,SYSTEM\C:\Windows\Microsoft.NET\Framework64\v4.0.30319\mscorsvw.exe,,0,28,0,0,0,0,0,0,0,0,28,0,Goodware,goodware:Goodware
2024-10-17 18:15:00,NETWORK SERVICE\C:\Windows\System32\wbem\WmiPrvSE.exe,,1,0,0,0,0,0,1,0,0,0,2,0,Goodware,goodware:Goodware
2024-10-17 18:15:00,SYSTEM\System,,0,1,0,0,0,0,0,0,0,0,1,0,Goodware,goodware:Goodware
2024-10-17 18:15:00,NETWORK SERVICE\C:\Windows\System32\svchost.exe,,0,4,0,0,2,0,1,0,0,0,7,0,Goodware,goodware:Goodware
2024-10-17 18:15:00,LOCAL SERVICE\C:\Windows\System32\wbem\WmiPrvSE.exe,,1,0,0,0,0,0,1,0,0,0,2,0,Goodware,goodware:Goodware
2024-10-17 18:15:00,SYSTEM\C:\Windows\System32\MpSigStub.exe,,0,0,0,0,0,0,1,0,0,0,1,0,Goodware,goodware:Goodware
2024-10-17 18:15:00,SYSTEM\C:\Windows\system32\MpSigStub.exe,,0,4,2,0,0,0,0,0,0,0,7,0,Goodware,goodware:Goodware
2024-10-17 18:15:00,LOCAL SERVICE\C:\Windows\system32\svchost.exe,,0,0,0,0,0,2,0,0,0,0,2,0,Goodware,goodware:Goodware
2024-10-17 18:15:00,-\C:\Windows\Explorer.EXE,,0,0,0,0,0,0,0,0,0,0,3,0,Goodware,goodware:Goodware
2024-10-17 18:20:00,SYSTEM\C:\Program Files (x86)\Microsoft\EdgeUpdate\MicrosoftEdgeUpdate.exe,,1,0,0,0,0,0,1,0,0,0,2,0,Goodware,goodware:Goodware
2024-10-17 18:20:00,NETWORK SERVICE\C:\Windows\System32\wbem\WmiPrvSE.exe,,1,0,0,0,0,0,1,0,0,0,2,0,Goodware,goodware:Goodware
2024-10-17 18:20:00,SYSTEM\C:\Windows\System32\taskhostw.exe,,0,0,0,0,0,0,7,0,0,0,7,0,Goodware,goodware:Goodware
2024-10-17 18:20:00,SYSTEM\C:\ProgramData\Microsoft\Windows Defender\Platform\4.18.24080.9-0\MpDefenderCoreService.exe,,0,0,0,0,1,0,0,0,0,0,1,0,Goodware,goodware:Goodware
2024-10-17 18:20:00,SYSTEM\System,,0,1,0,0,0,0,0,0,0,0,1,0,Goodware,goodware:Goodware
2024-10-17 18:20:00,-\C:\Windows\Explorer.EXE,,0,0,0,0,0,0,0,0,0,0,3,0,Goodware,goodware:Goodware
2024-10-17 18:20:00,NETWORK SERVICE\C:\Windows\System32\svchost.exe,,0,0,0,0,4,0,0,0,0,0,4,0,Goodware,goodware:Goodware
2024-10-17 18:20:00,SYSTEM\C:\Windows\System32\svchost.exe,,0,0,0,0,0,6,0,0,0,0,6,0,Goodware,goodware:Goodware
2024-10-17 18:20:00,End-user\C:\Program Files (x86)\Microsoft\EdgeWebView\Application\129.0.2792.89\msedgewebview2.exe,,0,0,3,0,0,0,0,0,0,0,3,0,Goodware,goodware:Goodware
2024-10-17 18:20:00,-\C:\Windows\system32\taskhostw.exe,,0,0,0,0,0,0,0,0,0,0,2,0,Goodware,goodware:Goodware
2024-10-17 18:20:00,SYSTEM\C:\Windows\Microsoft.NET\Framework64\v4.0.30319\NGenTask.exe,,0,2,0,0,0,0,0,0,0,0,2,0,Goodware,goodware:Goodware
2024-10-17 18:20:00,-\C:\Windows\Microsoft.NET\Framework64\v4.0.30319\NGenTask.exe,,0,0,0,0,0,0,0,0,0,0,2,0,Goodware,goodware:Goodware
2024-10-17 18:20:00,SYSTEM\C:\Windows\Microsoft.NET\Framework64\v4.0.30319\ngen.exe,,0,4,0,0,0,0,1,0,0,0,5,0,Goodware,goodware:Goodware
2024-10-17 18:20:00,SYSTEM\C:\Windows\Microsoft.NET\Framework\v4.0.30319\NGenTask.exe,,0,2,0,0,0,0,0,0,0,0,2,0,Goodware,goodware:Goodware
2024-10-17 18:20:00,-\C:\Windows\Microsoft.NET\Framework\v4.0.30319\NGenTask.exe,,0,0,0,0,0,0,0,0,0,0,2,0,Goodware,goodware:Goodware
2024-10-17 18:20:00,SYSTEM\C:\Windows\Microsoft.NET\Framework\v4.0.30319\ngen.exe,,0,3,0,0,0,0,1,0,0,0,4,0,Goodware,goodware:Goodware
2024-10-17 18:25:00,SYSTEM\C:\Windows\Microsoft.NET\Framework64\v4.0.30319\mscorsvw.exe,,0,295,0,0,0,0,0,0,0,0,295,0,Goodware,goodware:Goodware
2024-10-17 18:25:00,SYSTEM\C:\Windows\System32\svchost.exe,,0,0,0,0,0,18,0,0,0,0,18,0,Goodware,goodware:Goodware
2024-10-17 18:25:00,SYSTEM\C:\Windows\system32\svchost.exe,,0,1,1,0,0,0,0,0,0,0,2,0,Goodware,goodware:Goodware
2024-10-17 18:30:00,SYSTEM\C:\Windows\Microsoft.NET\Framework64\v4.0.30319\mscorsvw.exe,,0,656,0,0,0,0,0,0,0,0,656,0,Goodware,goodware:Goodware
2024-10-17 18:30:00,SYSTEM\C:\Windows\System32\svchost.exe,,0,0,0,0,0,6,0,0,0,0,6,0,Goodware,goodware:Goodware
2024-10-17 18:30:00,SYSTEM\C:\Windows\system32\svchost.exe,,0,0,0,0,0,3,0,0,0,0,3,0,Goodware,goodware:Goodware
2024-10-17 18:30:00,End-user\C:\Windows\System32\RuntimeBroker.exe,,0,0,0,0,0,0,1,0,0,0,1,0,Goodware,goodware:Goodware
2024-10-17 18:30:00,User\C:\Windows\System32\RuntimeBroker.exe,,0,0,0,0,0,0,1,0,0,0,1,0,Goodware,goodware:Goodware
2024-10-17 18:30:00,NETWORK SERVICE\C:\Windows\system32\sppsvc.exe,,0,1,0,0,0,0,0,0,0,0,1,0,Goodware,goodware:Goodware
2024-10-17 18:30:00,NETWORK SERVICE\C:\Windows\System32\sppsvc.exe,,0,0,0,0,0,0,1,0,0,0,1,0,Goodware,goodware:Goodware
2024-10-17 18:30:00,SYSTEM\C:\ProgramData\Microsoft\Windows Defender\Platform\4.18.24080.9-0\MpDefenderCoreService.exe,,0,0,0,0,1,0,0,0,0,0,1,0,Goodware,goodware:Goodware
2024-10-17 18:35:00,SYSTEM\C:\Windows\Microsoft.NET\Framework64\v4.0.30319\mscorsvw.exe,,0,568,0,0,0,0,0,0,0,0,568,0,Goodware,goodware:Goodware
2024-10-17 18:35:00,-\C:\Users\User\AppData\Local\Microsoft\OneDrive\OneDrive.exe,,0,0,0,0,0,0,0,0,0,0,45,0,Goodware,goodware:Goodware
2024-10-17 18:35:00,-\C:\Users\End-user\AppData\Local\Microsoft\OneDrive\OneDrive.exe,,0,0,0,0,0,0,0,0,0,0,58,0,Goodware,goodware:Goodware
2024-10-17 18:35:00,SYSTEM\C:\Windows\system32\svchost.exe,,0,6,1,0,0,7,0,0,0,0,14,0,Goodware,goodware:Goodware
2024-10-17 18:35:00,SYSTEM\C:\Windows\Microsoft.NET\Framework\v4.0.30319\ngen.exe,,0,1,0,0,0,0,0,0,0,0,1,0,Goodware,goodware:Goodware
2024-10-17 18:35:00,SYSTEM\C:\Windows\System32\svchost.exe,,0,0,0,0,0,6,2,0,0,0,8,0,Goodware,goodware:Goodware
2024-10-17 18:35:00,NETWORK SERVICE\C:\Windows\System32\wbem\WmiPrvSE.exe,,2,0,0,0,0,0,2,0,0,0,4,0,Goodware,goodware:Goodware
2024-10-17 18:35:00,SYSTEM\C:\Windows\UUS\Packages\Preview\amd64\MoUsoCoreWorker.exe,,0,0,0,0,0,0,1,0,0,0,1,0,Goodware,goodware:Goodware
2024-10-17 18:35:00,End-user\C:\Program Files (x86)\Microsoft\EdgeWebView\Application\129.0.2792.89\msedgewebview2.exe,,0,0,0,0,0,0,1,0,0,0,1,0,Goodware,goodware:Goodware
2024-10-17 18:35:00,NETWORK SERVICE\C:\Windows\System32\svchost.exe,,0,0,0,0,4,0,0,0,0,0,4,0,Goodware,goodware:Goodware
2024-10-17 18:35:00,End-user\C:\Users\End-user\Desktop\goodware\2048Portable\App\2048\2048-portable-nw.exe,,0,5,60,0,0,2,0,0,0,0,69,0,Goodware,goodware:Goodware
2024-10-17 18:35:00,-\C:\Windows\Explorer.EXE,,0,0,0,0,0,0,0,0,0,0,33,0,Goodware,goodware:Goodware
2024-10-17 18:35:00,-\C:\Users\End-user\Desktop\goodware\2048Portable\2048Portable.exe,,0,0,0,0,0,0,0,0,0,0,1,0,Goodware,goodware:Goodware
2024-10-17 18:35:00,End-user\C:\Users\End-user\Desktop\goodware\BraveBrowserStandaloneSetup.exe,,1,8,0,0,0,0,0,0,0,0,78,0,Goodware,goodware:Goodware
2024-10-17 18:35:00,-\C:\Windows\system32\csrss.exe,,0,0,0,0,0,0,0,0,0,0,1,0,Goodware,goodware:Goodware
2024-10-17 18:35:00,-\C:\Windows\system32\svchost.exe,,0,0,0,0,0,0,0,0,0,0,2,0,Goodware,goodware:Goodware
2024-10-17 18:35:00,-\C:\Windows\System32\svchost.exe,,0,0,0,0,0,0,0,0,0,0,1,0,Goodware,goodware:Goodware
2024-10-17 18:35:00,End-user\C:\Users\End-user\AppData\Local\Temp\GUMD70F.tmp\BraveUpdate.exe,,1,0,0,0,0,0,3,0,0,0,4,0,Goodware,goodware:Goodware
2024-10-17 18:35:00,SYSTEM\C:\Windows\System32\consent.exe,,0,0,0,0,0,0,2,0,0,0,2,0,Goodware,goodware:Goodware
2024-10-17 18:35:00,User\C:\Users\End-user\AppData\Local\Temp\GUMD70F.tmp\BraveUpdateSetup.exe,,1,8,0,0,0,0,1,0,0,0,10,0,Goodware,goodware:Goodware
2024-10-17 18:35:00,User\C:\Program Files (x86)\BraveSoftware\Temp\GUM1C27.tmp\BraveUpdate.exe,,1,10,0,0,0,1,4,0,0,0,16,0,Goodware,goodware:Goodware
2024-10-17 18:35:00,-\C:\Users\End-user\AppData\Local\Temp\GUMD70F.tmp\BraveUpdateSetup.exe,,0,0,0,0,0,0,0,0,0,0,1,0,Goodware,goodware:Goodware
2024-10-17 18:35:00,-\C:\Program Files (x86)\BraveSoftware\Temp\GUM1C27.tmp\BraveUpdate.exe,,0,0,0,0,0,0,0,0,0,0,605,0,Goodware,goodware:Goodware
2024-10-17 18:35:00,SYSTEM\C:\Windows\system32\services.exe,,0,0,0,0,0,27,0,0,0,0,27,0,Goodware,goodware:Goodware
2024-10-17 18:35:00,User\C:\Program Files (x86)\BraveSoftware\Update\BraveUpdate.exe,,1,0,0,0,0,0,0,0,0,0,1,0,Goodware,goodware:Goodware
2024-10-17 18:35:00,SYSTEM\C:\Program Files (x86)\BraveSoftware\Update\BraveUpdate.exe,,0,2,1,0,0,0,1,0,0,0,4,0,Goodware,goodware:Goodware
2024-10-17 18:35:00,User\C:\Program Files (x86)\BraveSoftware\Update\Install\{23BD8D2A-7B0A-48E1-A123-FCFBE320C57F}\brave_installer_108_1_46_138.exe,,0,2,2,0,0,0,0,0,0,0,4,0,Goodware,goodware:Goodware
2024-10-17 18:35:00,User\C:\Program Files (x86)\BraveSoftware\Update\Install\{23BD8D2A-7B0A-48E1-A123-FCFBE320C57F}\CR_81F4E.tmp\setup.exe,,2,16,2,0,0,8,4,0,0,0,34,0,Goodware,goodware:Goodware
2024-10-17 18:35:00,LOCAL SERVICE\C:\Windows\system32\svchost.exe,,0,0,0,0,0,2,0,0,0,0,2,0,Goodware,goodware:Goodware
2024-10-17 18:35:00,User\<unknown process>,,0,0,0,0,0,0,0,0,0,0,1,0,Goodware,goodware:Goodware
2024-10-17 18:35:00,LOCAL SERVICE\C:\Windows\System32\svchost.exe,,0,0,0,0,0,4,0,0,0,0,4,0,Goodware,goodware:Goodware
2024-10-17 18:35:00,-\C:\Program Files (x86)\BraveSoftware\Update\BraveUpdate.exe,,0,0,0,0,0,0,0,0,0,0,12,0,Goodware,goodware:Goodware
2024-10-17 18:35:00,End-user\C:\Program Files\BraveSoftware\Brave-Browser\Application\brave.exe,,1,0,0,0,0,9,2,0,0,0,34,0,Goodware,goodware:Goodware
2024-10-17 18:35:00,User\C:\Windows\system32\DllHost.exe,,0,0,0,0,0,1,0,0,0,0,1,0,Goodware,goodware:Goodware
2024-10-17 18:35:00,SYSTEM\<unknown process>,,0,0,0,0,0,0,0,0,0,0,1,0,Goodware,goodware:Goodware
2024-10-17 18:40:00,End-user\C:\Program Files\BraveSoftware\Brave-Browser\Application\brave.exe,,0,24,6,0,0,51,2,0,0,0,149,0,Goodware,goodware:Goodware
2024-10-17 18:40:00,SYSTEM\C:\Windows\System32\svchost.exe,,0,0,0,0,0,18,0,0,0,0,20,0,Goodware,goodware:Goodware
2024-10-17 18:40:00,-\C:\Windows\Explorer.EXE,,0,0,0,0,0,0,0,0,0,0,16,0,Goodware,goodware:Goodware
2024-10-17 18:40:00,User\C:\Program Files (x86)\BraveSoftware\Update\BraveUpdate.exe,,0,0,0,0,0,1,0,0,0,0,1,0,Goodware,goodware:Goodware
2024-10-17 18:40:00,-\C:\Program Files (x86)\BraveSoftware\Temp\GUM1C27.tmp\BraveUpdate.exe,,0,0,0,0,0,0,0,0,0,0,205,0,Goodware,goodware:Goodware
2024-10-17 18:40:00,User\C:\Program Files (x86)\BraveSoftware\Temp\GUM1C27.tmp\BraveUpdate.exe,,0,0,0,0,0,1,0,0,0,0,1,0,Goodware,goodware:Goodware
2024-10-17 18:40:00,User\C:\Users\End-user\AppData\Local\Temp\GUMD70F.tmp\BraveUpdateSetup.exe,,0,0,69,0,0,0,0,0,0,0,70,0,Goodware,goodware:Goodware
2024-10-17 18:40:00,End-user\C:\Program Files\BraveSoftware\Brave-Browser\Application\108.1.46.138\Installer\chrmstp.exe,,2,1,0,0,0,0,4,0,0,0,9,0,Goodware,goodware:Goodware
2024-10-17 18:40:00,End-user\C:\Users\End-user\AppData\Local\Temp\GUMD70F.tmp\BraveUpdate.exe,,0,0,0,0,0,0,0,0,0,0,1,0,Goodware,goodware:Goodware
2024-10-17 18:40:00,End-user\C:\Users\End-user\Desktop\goodware\BraveBrowserStandaloneSetup.exe,,0,0,69,0,0,0,0,0,0,0,70,0,Goodware,goodware:Goodware
2024-10-17 18:40:00,SYSTEM\C:\Windows\system32\svchost.exe,,0,2,0,0,0,2,0,0,0,0,4,0,Goodware,goodware:Goodware
2024-10-17 18:40:00,SYSTEM\C:\Program Files (x86)\BraveSoftware\Update\BraveUpdate.exe,,2,8,2,0,0,0,3,0,0,0,16,0,Goodware,goodware:Goodware
2024-10-17 18:40:00,-\C:\Program Files (x86)\BraveSoftware\Update\BraveUpdate.exe,,0,0,0,0,0,0,0,0,0,0,25,0,Goodware,goodware:Goodware
2024-10-17 18:40:00,SYSTEM\C:\Program Files (x86)\BraveSoftware\Update\Install\{0CEDA9C8-5499-4878-9D20-ED20242F18BC}\BraveBrowserUntaggedNightlySetup_127_1_69_107.exe,,0,76,72,0,0,0,0,0,0,0,148,0,Goodware,goodware:Goodware
2024-10-17 18:40:00,SYSTEM\C:\Windows\SystemTemp\GUM8181.tmp\BraveUpdate.exe,,0,10,68,0,0,1,1,0,0,0,80,0,Goodware,goodware:Goodware
2024-10-17 18:40:00,-\C:\Windows\SystemTemp\GUM8181.tmp\BraveUpdate.exe,,0,0,0,0,0,0,0,0,0,0,25,0,Goodware,goodware:Goodware
2024-10-17 18:40:00,SYSTEM\<unknown process>,,0,0,0,0,0,0,0,0,0,0,1,0,Goodware,goodware:Goodware
2024-10-17 18:45:00,SYSTEM\<unknown process>,,0,0,0,0,0,0,0,0,0,0,2,0,Goodware,goodware:Goodware
2024-10-17 18:45:00,LOCAL SERVICE\C:\Windows\System32\svchost.exe,,0,1,0,0,0,0,0,0,0,0,1,0,Goodware,goodware:Goodware
2024-10-17 18:45:00,SYSTEM\C:\Windows\System32\rundll32.exe,,1,0,0,0,0,0,0,0,0,0,1,0,Goodware,goodware:Goodware
2024-10-17 18:45:00,SYSTEM\C:\Windows\System32\svchost.exe,,0,0,0,0,0,18,0,0,0,0,18,0,Goodware,goodware:Goodware
2024-10-17 18:45:00,-\C:\Windows\Explorer.EXE,,0,0,0,0,0,0,0,0,0,0,2,0,Goodware,goodware:Goodware
2024-10-17 18:45:00,SYSTEM\C:\Windows\System32\taskhostw.exe,,0,0,0,0,0,0,5,0,0,0,5,0,Goodware,goodware:Goodware
2024-10-17 18:45:00,-\C:\Windows\system32\taskhostw.exe,,0,0,0,0,0,0,0,0,0,0,2,0,Goodware,goodware:Goodware
2024-10-17 18:45:00,SYSTEM\C:\Windows\Microsoft.NET\Framework64\v4.0.30319\NGenTask.exe,,0,2,0,0,0,0,0,0,0,0,2,0,Goodware,goodware:Goodware
2024-10-17 18:45:00,-\C:\Windows\Microsoft.NET\Framework64\v4.0.30319\NGenTask.exe,,0,0,0,0,0,0,0,0,0,0,2,0,Goodware,goodware:Goodware
2024-10-17 18:45:00,SYSTEM\C:\Windows\Microsoft.NET\Framework64\v4.0.30319\ngen.exe,,0,4,0,0,0,0,1,0,0,0,5,0,Goodware,goodware:Goodware
2024-10-17 18:45:00,SYSTEM\C:\Windows\Microsoft.NET\Framework\v4.0.30319\NGenTask.exe,,0,2,0,0,0,0,0,0,0,0,2,0,Goodware,goodware:Goodware
2024-10-17 18:45:00,-\C:\Windows\Microsoft.NET\Framework\v4.0.30319\NGenTask.exe,,0,0,0,0,0,0,0,0,0,0,2,0,Goodware,goodware:Goodware
2024-10-17 18:45:00,SYSTEM\C:\Windows\Microsoft.NET\Framework\v4.0.30319\ngen.exe,,0,3,0,0,0,0,1,0,0,0,4,0,Goodware,goodware:Goodware
2024-10-17 18:45:00,SYSTEM\C:\Windows\Microsoft.NET\Framework64\v4.0.30319\mscorsvw.exe,,0,896,0,0,0,0,0,0,0,0,896,0,Goodware,goodware:Goodware
2024-10-17 18:45:00,SYSTEM\C:\Program Files (x86)\BraveSoftware\Update\BraveUpdate.exe,,2,8,0,0,0,0,2,0,0,0,12,0,Goodware,goodware:Goodware
2024-10-17 18:45:00,-\C:\Program Files (x86)\BraveSoftware\Update\BraveUpdate.exe,,0,0,0,0,0,0,0,0,0,0,5,0,Goodware,goodware:Goodware
2024-10-17 18:45:00,SYSTEM\C:\Program Files (x86)\BraveSoftware\Update\1.3.361.151\BraveCrashHandler.exe,,0,1,0,0,0,0,0,0,0,0,1,0,Goodware,goodware:Goodware
2024-10-17 18:45:00,SYSTEM\C:\Program Files (x86)\BraveSoftware\Update\1.3.361.151\BraveCrashHandler64.exe,,0,1,0,0,0,0,0,0,0,0,1,0,Goodware,goodware:Goodware
2024-10-17 18:45:00,SYSTEM\C:\Windows\system32\svchost.exe,,0,0,0,0,0,1,0,0,0,0,1,0,Goodware,goodware:Goodware
2024-10-17 18:50:00,SYSTEM\C:\Windows\Microsoft.NET\Framework64\v4.0.30319\mscorsvw.exe,,0,731,677,0,0,0,1,0,0,0,1410,0,Goodware,goodware:Goodware
2024-10-17 18:50:00,SYSTEM\<unknown process>,,0,0,0,0,0,0,0,0,0,0,1,0,Goodware,goodware:Goodware
2024-10-17 18:50:00,SYSTEM\C:\Program Files (x86)\BraveSoftware\Update\BraveUpdate.exe,,0,6,3,0,0,0,1,0,0,0,11,0,Goodware,goodware:Goodware
2024-10-17 18:50:00,-\C:\Program Files (x86)\BraveSoftware\Update\BraveUpdate.exe,,0,0,0,0,0,0,0,0,0,0,15,0,Goodware,goodware:Goodware
2024-10-17 18:50:00,SYSTEM\C:\Windows\System32\svchost.exe,,0,0,0,0,0,18,0,0,0,0,20,0,Goodware,goodware:Goodware
2024-10-17 18:50:00,SYSTEM\C:\Program Files (x86)\BraveSoftware\Update\Install\{480AF5D3-2276-4F1B-B2DA-41CA83EC6D67}\brave_installer-x64.exe,,0,2,2,0,0,0,0,0,0,0,4,0,Goodware,goodware:Goodware
2024-10-17 18:50:00,SYSTEM\C:\Program Files (x86)\BraveSoftware\Update\Install\{480AF5D3-2276-4F1B-B2DA-41CA83EC6D67}\CR_759F5.tmp\setup.exe,,2,19,5,0,0,5,4,0,0,0,37,0,Goodware,goodware:Goodware
2024-10-17 18:50:00,LOCAL SERVICE\C:\Windows\system32\svchost.exe,,0,0,0,0,0,6,0,0,0,0,6,0,Goodware,goodware:Goodware
2024-10-17 18:50:00,SYSTEM\C:\Windows\system32\services.exe,,0,0,0,0,0,1,0,0,0,0,1,0,Goodware,goodware:Goodware
2024-10-17 18:50:00,LOCAL SERVICE\C:\Windows\System32\svchost.exe,,0,0,0,0,0,4,0,0,0,0,4,0,Goodware,goodware:Goodware
2024-10-17 18:50:00,SYSTEM\C:\Windows\system32\svchost.exe,,0,0,0,0,0,1,0,0,0,0,1,0,Goodware,goodware:Goodware
2024-10-17 18:50:00,User\C:\Windows\system32\DllHost.exe,,0,0,0,0,0,1,0,0,0,0,1,0,Goodware,goodware:Goodware
2024-10-17 18:50:00,SYSTEM\C:\Windows\Microsoft.NET\Framework64\v4.0.30319\ngentask.exe,,0,0,0,0,0,0,3,0,0,0,3,0,Goodware,goodware:Goodware
2024-10-17 18:50:00,SYSTEM\C:\Windows\Microsoft.NET\Framework\v4.0.30319\ngen.exe,,0,1,0,0,0,0,0,0,0,0,1,0,Goodware,goodware:Goodware
2024-10-17 18:50:00,NETWORK SERVICE\C:\Windows\System32\wbem\WmiPrvSE.exe,,1,0,0,0,0,0,1,0,0,0,2,0,Goodware,goodware:Goodware
2024-10-17 18:50:00,-\C:\Windows\Microsoft.NET\Framework64\v4.0.30319\NGenTask.exe,,0,0,0,0,0,0,0,0,0,0,1,0,Goodware,goodware:Goodware
2024-10-17 18:50:00,SYSTEM\C:\Windows\Microsoft.NET\Framework64\v4.0.30319\ngen.exe,,0,1,0,0,0,0,0,0,0,0,1,0,Goodware,goodware:Goodware
2024-10-17 18:50:00,SYSTEM\C:\Windows\Microsoft.NET\Framework\v4.0.30319\mscorsvw.exe,,0,476,0,0,0,0,4672,0,0,0,5148,0,Goodware,goodware:Goodware
2024-10-17 18:50:00,NETWORK SERVICE\C:\Windows\System32\svchost.exe,,0,0,0,0,4,0,0,0,0,0,4,0,Goodware,goodware:Goodware
2024-10-17 18:55:00,SYSTEM\C:\Windows\Microsoft.NET\Framework\v4.0.30319\mscorsvw.exe,,0,841,437,0,0,0,296,0,0,0,1574,0,Goodware,goodware:Goodware
2024-10-17 18:55:00,SYSTEM\C:\Windows\Microsoft.NET\Framework64\v4.0.30319\ngen.exe,,0,1,0,0,0,0,0,0,0,0,1,0,Goodware,goodware:Goodware
2024-10-17 18:55:00,SYSTEM\C:\Windows\Microsoft.NET\Framework\v4.0.30319\ngentask.exe,,0,0,0,0,0,0,3,0,0,0,3,0,Goodware,goodware:Goodware
2024-10-17 18:55:00,-\C:\Windows\Microsoft.NET\Framework\v4.0.30319\NGenTask.exe,,0,0,0,0,0,0,0,0,0,0,3,0,Goodware,goodware:Goodware
2024-10-17 18:55:00,SYSTEM\C:\Windows\Microsoft.NET\Framework\v4.0.30319\ngen.exe,,0,2,0,0,0,0,0,0,0,0,2,0,Goodware,goodware:Goodware
2024-10-17 18:55:00,-\C:\Windows\Microsoft.NET\Framework64\v4.0.30319\NGenTask.exe,,0,0,0,0,0,0,0,0,0,0,2,0,Goodware,goodware:Goodware
2024-10-17 18:55:00,SYSTEM\C:\Windows\System32\svchost.exe,,0,0,0,0,0,12,0,0,0,0,12,0,Goodware,goodware:Goodware
2024-10-17 19:00:00,SYSTEM\C:\Windows\System32\svchost.exe,,0,0,0,0,0,12,0,0,0,0,12,0,Goodware,goodware:Goodware
2024-10-17 19:00:00,LOCAL SERVICE\C:\Windows\System32\svchost.exe,,0,82,0,0,0,2,0,0,0,0,84,0,Goodware,goodware:Goodware
2024-10-17 19:00:00,User\C:\Program Files\WindowsApps\MicrosoftWindows.Client.WebExperience_524.24900.130.0_x64__cw5n1h2txyewy\Dashboard\Widgets.exe,,0,0,0,0,0,1,0,0,0,0,1,0,Goodware,goodware:Goodware
2024-10-17 19:00:00,User\C:\Program Files (x86)\Microsoft\EdgeWebView\Application\129.0.2792.89\msedgewebview2.exe,,0,0,0,0,0,6,0,0,0,0,6,0,Goodware,goodware:Goodware
2024-10-17 19:00:00,SYSTEM\C:\Windows\System32\LogonUI.exe,,0,0,0,0,0,0,1,0,0,0,1,0,Goodware,goodware:Goodware
2024-10-17 19:00:00,User\C:\Windows\system32\DllHost.exe,,0,0,0,0,0,1,0,0,0,0,1,0,Goodware,goodware:Goodware
2024-10-17 19:00:00,User\C:\Users\User\AppData\Local\Microsoft\OneDrive\OneDrive.exe,,0,0,0,0,0,0,0,0,0,0,1,0,Goodware,goodware:Goodware
2024-10-17 19:00:00,User\C:\Windows\SystemApps\Microsoft.Windows.StartMenuExperienceHost_cw5n1h2txyewy\StartMenuExperienceHost.exe,,0,0,0,0,0,1,0,0,0,0,1,0,Goodware,goodware:Goodware
2024-10-17 19:00:00,User\C:\Windows\SystemApps\ShellExperienceHost_cw5n1h2txyewy\ShellExperienceHost.exe,,0,0,0,0,0,1,0,0,0,0,1,0,Goodware,goodware:Goodware
2024-10-17 19:00:00,End-user\C:\Users\End-user\Desktop\goodware\2048Portable\2048Portable.exe,,0,0,0,0,0,1,0,0,0,0,2,0,Goodware,goodware:Goodware
2024-10-17 19:00:00,End-user\C:\Program Files\WindowsApps\MicrosoftWindows.Client.WebExperience_524.24900.130.0_x64__cw5n1h2txyewy\Dashboard\Widgets.exe,,0,0,0,0,0,1,0,0,0,0,1,0,Goodware,goodware:Goodware
2024-10-17 19:00:00,End-user\C:\Windows\System32\VBoxTray.exe,,0,0,0,0,0,1,0,0,0,0,1,0,Goodware,goodware:Goodware
2024-10-17 19:00:00,User\C:\Windows\SystemApps\MicrosoftWindows.Client.CBS_cw5n1h2txyewy\SearchHost.exe,,0,0,0,0,0,1,0,0,0,0,1,0,Goodware,goodware:Goodware
2024-10-17 19:00:00,End-user\C:\Program Files\BraveSoftware\Brave-Browser\Application\brave.exe,,0,0,0,0,0,7,0,0,0,0,7,0,Goodware,goodware:Goodware
2024-10-17 19:00:00,End-user\C:\Program Files (x86)\Microsoft\EdgeWebView\Application\129.0.2792.89\msedgewebview2.exe,,0,0,0,0,0,7,0,0,0,0,7,0,Goodware,goodware:Goodware
2024-10-17 19:00:00,End-user\C:\Program Files (x86)\Microsoft\Edge\Application\msedge.exe,,0,0,0,0,0,7,0,0,0,0,7,0,Goodware,goodware:Goodware
2024-10-17 19:00:00,End-user\C:\Users\End-user\Desktop\goodware\2048Portable\App\2048\2048-portable-nw.exe,,0,0,0,0,0,2,0,0,0,0,4,0,Goodware,goodware:Goodware
2024-10-17 19:00:00,End-user\C:\Users\End-user\Downloads\TelegramDesktopPortable\TelegramDesktopPortable.exe,,0,0,0,0,0,1,0,0,0,0,2,0,Goodware,goodware:Goodware
2024-10-17 19:00:00,End-user\C:\Users\End-user\AppData\Local\Microsoft\OneDrive\24.186.0915.0004\FileCoAuth.exe,,0,0,0,0,0,0,0,0,0,0,1,0,Goodware,goodware:Goodware
2024-10-17 19:00:00,End-user\C:\Users\End-user\Downloads\TelegramDesktopPortable\App\Telegram\Telegram.exe,,0,0,0,0,0,1,0,0,0,0,2,0,Goodware,goodware:Goodware
2024-10-17 19:00:00,User\C:\Windows\Explorer.EXE,,0,0,0,0,0,1,0,0,0,0,1,0,Goodware,goodware:Goodware
2024-10-17 19:00:00,End-user\C:\Users\End-user\AppData\Local\Microsoft\OneDrive\OneDrive.exe,,0,0,0,0,0,0,0,0,0,0,1,0,Goodware,goodware:Goodware
2024-10-17 19:00:00,User\C:\Windows\System32\RuntimeBroker.exe,,0,0,0,0,0,2,0,0,0,0,2,0,Goodware,goodware:Goodware
2024-10-17 19:00:00,SYSTEM\C:\Windows\system32\services.exe,,0,0,0,0,0,122,0,0,0,0,122,0,Goodware,goodware:Goodware
2024-10-17 19:00:00,End-user\C:\Windows\SystemApps\Microsoft.Windows.StartMenuExperienceHost_cw5n1h2txyewy\StartMenuExperienceHost.exe,,0,0,0,0,0,1,0,0,0,0,1,0,Goodware,goodware:Goodware
2024-10-17 19:00:00,End-user\C:\Windows\ImmersiveControlPanel\SystemSettings.exe,,0,0,0,0,0,1,0,0,0,0,1,0,Goodware,goodware:Goodware
2024-10-17 19:00:00,End-user\C:\Windows\SystemApps\ShellExperienceHost_cw5n1h2txyewy\ShellExperienceHost.exe,,0,0,0,0,0,1,0,0,0,0,1,0,Goodware,goodware:Goodware
2024-10-17 19:00:00,End-user\C:\Windows\SystemApps\MicrosoftWindows.Client.CBS_cw5n1h2txyewy\SearchHost.exe,,0,0,0,0,0,1,0,0,0,0,1,0,Goodware,goodware:Goodware
2024-10-17 19:00:00,SYSTEM\C:\Windows\system32\svchost.exe,,0,5,1,0,0,3,0,0,0,0,9,0,Goodware,goodware:Goodware
2024-10-17 19:00:00,NETWORK SERVICE\C:\Windows\System32\svchost.exe,,0,3,0,0,0,4,0,0,0,0,7,0,Goodware,goodware:Goodware
2024-10-17 19:00:00,DWM-1\C:\Windows\system32\dwm.exe,,0,0,0,0,0,1,0,0,0,0,1,0,Goodware,goodware:Goodware
2024-10-17 19:00:00,SYSTEM\C:\Windows\system32\csrss.exe,,0,0,0,0,0,1,0,0,0,0,1,0,Goodware,goodware:Goodware
2024-10-17 19:00:00,End-user\C:\Windows\system32\ApplicationFrameHost.exe,,0,0,0,0,0,1,0,0,0,0,1,0,Goodware,goodware:Goodware
2024-10-17 19:00:00,End-user\C:\Windows\Explorer.EXE,,0,0,0,0,0,1,0,0,0,0,1,0,Goodware,goodware:Goodware
2024-10-17 19:00:00,End-user\C:\Windows\System32\RuntimeBroker.exe,,0,0,0,0,0,3,0,0,0,0,3,0,Goodware,goodware:Goodware
2024-10-17 19:00:00,SYSTEM\C:\ProgramData\Microsoft\Windows Defender\Platform\4.18.24080.9-0\MsMpEng.exe,,0,0,0,0,0,3,0,0,0,0,3,0,Goodware,goodware:Goodware
2024-10-17 19:00:00,-\-,,0,0,0,0,0,0,0,0,0,0,2,0,Goodware,goodware:Goodware
2024-10-17 19:00:00,SYSTEM\C:\ProgramData\Microsoft\Windows Defender\Platform\4.18.24080.9-0\MpDefenderCoreService.exe,,0,0,0,0,1,0,0,0,0,0,1,0,Goodware,goodware:Goodware
2024-10-18 11:40:00,SYSTEM\System,,0,19,0,0,0,0,0,0,0,0,19,0,Goodware,goodware:Goodware
2024-10-18 11:40:00,-\-,,0,0,0,0,0,0,0,0,0,0,4,0,Goodware,goodware:Goodware
2024-10-18 11:40:00,SYSTEM\C:\Windows\System32\smss.exe,,0,0,0,0,0,9,0,0,0,0,9,0,Goodware,goodware:Goodware
2024-10-18 11:40:00,SYSTEM\C:\Windows\System32\csrss.exe,,2,0,0,0,0,0,0,0,0,0,2,0,Goodware,goodware:Goodware
2024-10-18 11:40:00,SYSTEM\C:\Windows\system32\csrss.exe,,0,0,0,0,0,2,0,0,0,0,2,0,Goodware,goodware:Goodware
2024-10-18 11:40:00,SYSTEM\C:\Windows\system32\wininit.exe,,0,0,0,0,0,4,0,0,0,0,6,0,Goodware,goodware:Goodware
2024-10-18 11:40:00,-\C:\Windows\system32\wininit.exe,,0,0,0,0,0,0,0,0,0,0,1,0,Goodware,goodware:Goodware
2024-10-18 11:40:00,-\C:\Windows\system32\csrss.exe,,0,0,0,0,0,0,0,0,0,0,1,0,Goodware,goodware:Goodware
2024-10-18 11:40:00,SYSTEM\C:\Windows\System32\lsass.exe,,1,0,0,0,0,0,0,0,0,0,1,0,Goodware,goodware:Goodware
2024-10-18 11:40:00,SYSTEM\C:\Windows\system32\lsass.exe,,0,1,0,0,0,3,0,0,0,0,5,0,Goodware,goodware:Goodware
2024-10-18 11:40:00,SYSTEM\C:\Windows\system32\services.exe,,0,0,0,0,0,179,0,0,0,0,181,0,Goodware,goodware:Goodware
2024-10-18 11:40:00,SYSTEM\C:\Windows\system32\svchost.exe,,0,5,0,0,0,16,0,0,0,0,26,0,Goodware,goodware:Goodware
2024-10-18 11:40:00,NETWORK SERVICE\C:\Windows\system32\svchost.exe,,0,0,0,0,0,2,0,0,0,0,4,0,Goodware,goodware:Goodware
2024-10-18 11:40:00,SYSTEM\C:\Windows\System32\svchost.exe,,6,0,0,0,0,0,2,0,0,0,9,0,Goodware,goodware:Goodware
2024-10-18 11:40:00,SYSTEM\C:\Windows\system32\winlogon.exe,,0,2,0,0,0,1,0,0,0,0,3,0,Goodware,goodware:Goodware
2024-10-18 11:40:00,LOCAL SERVICE\C:\Windows\System32\svchost.exe,,17,4,0,0,0,5,1,0,0,0,30,0,Goodware,goodware:Goodware
2024-10-18 11:40:00,LOCAL SERVICE\C:\Windows\system32\svchost.exe,,0,0,0,0,0,9,0,0,0,0,9,0,Goodware,goodware:Goodware
2024-10-18 11:40:00,SYSTEM\C:\Windows\System32\spoolsv.exe,,1,0,0,0,0,0,0,0,0,0,5,0,Goodware,goodware:Goodware
2024-10-18 11:40:00,NETWORK SERVICE\C:\Windows\System32\svchost.exe,,0,0,0,0,0,0,1,0,0,0,1,0,Goodware,goodware:Goodware
2024-10-18 11:40:00,NETWORK SERVICE\C:\Windows\System32\wbem\WmiPrvSE.exe,,1,0,0,0,0,0,0,0,0,0,1,0,Goodware,goodware:Goodware
2024-10-18 11:40:00,SYSTEM\C:\Windows\System32\wbem\WmiPrvSE.exe,,1,0,0,0,0,0,0,0,0,0,1,0,Goodware,goodware:Goodware
2024-10-18 11:40:00,SYSTEM\C:\Windows\System32\wevtutil.exe,,1,0,0,0,0,0,0,0,0,0,1,0,Goodware,goodware:Goodware
2024-10-18 11:40:00,NETWORK SERVICE\C:\Windows\system32\SppExtComObj.exe,,0,0,0,0,0,0,0,0,0,0,1,0,Goodware,goodware:Goodware
2024-10-18 11:40:00,NETWORK SERVICE\C:\Windows\System32\SppExtComObj.Exe,,0,0,0,0,0,0,0,0,0,0,1,0,Goodware,goodware:Goodware
2024-10-18 12:00:00,SYSTEM\System,,0,17,0,0,0,0,0,0,0,0,17,0,Goodware,goodware:Goodware
2024-10-18 12:00:00,-\-,,0,0,0,0,0,0,0,0,0,0,4,0,Goodware,goodware:Goodware
2024-10-18 12:00:00,SYSTEM\C:\Windows\System32\smss.exe,,0,0,0,0,0,10,0,0,0,0,10,0,Goodware,goodware:Goodware
2024-10-18 12:00:00,SYSTEM\C:\Windows\System32\csrss.exe,,3,0,0,0,0,0,0,0,0,0,3,0,Goodware,goodware:Goodware
2024-10-18 12:00:00,SYSTEM\C:\Windows\system32\csrss.exe,,0,0,0,0,0,2,0,0,0,0,2,0,Goodware,goodware:Goodware
2024-10-18 12:00:00,SYSTEM\C:\Windows\system32\wininit.exe,,0,0,0,0,0,4,0,0,0,0,6,0,Goodware,goodware:Goodware
2024-10-18 12:00:00,-\C:\Windows\system32\wininit.exe,,0,0,0,0,0,0,0,0,0,0,1,0,Goodware,goodware:Goodware
2024-10-18 12:00:00,-\C:\Windows\system32\csrss.exe,,0,0,0,0,0,0,0,0,0,0,1,0,Goodware,goodware:Goodware
2024-10-18 12:00:00,SYSTEM\C:\Windows\System32\lsass.exe,,1,0,0,0,0,0,0,0,0,0,1,0,Goodware,goodware:Goodware
2024-10-18 12:00:00,SYSTEM\C:\Windows\system32\services.exe,,0,0,0,0,0,585,0,0,0,0,587,0,Goodware,goodware:Goodware
2024-10-18 12:00:00,SYSTEM\C:\Windows\system32\lsass.exe,,0,1,1,0,0,3,0,0,0,0,6,0,Goodware,goodware:Goodware
2024-10-18 12:00:00,SYSTEM\C:\Windows\system32\svchost.exe,,0,8,0,0,0,62,0,0,0,0,75,0,Goodware,goodware:Goodware
2024-10-18 12:00:00,NETWORK SERVICE\C:\Windows\system32\svchost.exe,,0,0,0,0,0,4,0,0,0,0,7,0,Goodware,goodware:Goodware
2024-10-18 12:00:00,SYSTEM\C:\Windows\System32\svchost.exe,,10,0,0,0,0,0,13,0,0,0,24,0,Goodware,goodware:Goodware
2024-10-18 12:00:00,SYSTEM\C:\Windows\system32\winlogon.exe,,0,2,0,0,0,2,0,0,0,0,4,0,Goodware,goodware:Goodware
2024-10-18 12:00:00,LOCAL SERVICE\C:\Windows\System32\svchost.exe,,20,3,0,0,0,5,1,0,0,0,32,0,Goodware,goodware:Goodware
2024-10-18 12:00:00,NETWORK SERVICE\C:\Windows\System32\svchost.exe,,0,6,0,0,4,1,1,0,0,0,14,0,Goodware,goodware:Goodware
2024-10-18 12:00:00,LOCAL SERVICE\C:\Windows\system32\svchost.exe,,0,5,0,0,0,22,0,0,0,0,27,0,Goodware,goodware:Goodware
2024-10-18 12:00:00,SYSTEM\C:\Windows\System32\taskhostw.exe,,0,0,0,0,0,0,2,0,0,0,2,0,Goodware,goodware:Goodware
2024-10-18 12:00:00,SYSTEM\C:\Windows\System32\spoolsv.exe,,1,0,0,0,0,6,1,0,0,0,12,0,Goodware,goodware:Goodware
2024-10-18 12:00:00,SYSTEM\C:\ProgramData\Microsoft\Windows Defender\Platform\4.18.24080.9-0\MsMpEng.exe,,0,0,0,0,0,6,8,0,0,0,14,0,Goodware,goodware:Goodware
2024-10-18 12:00:00,SYSTEM\C:\ProgramData\Microsoft\Windows Defender\Platform\4.18.24080.9-0\MpDefenderCoreService.exe,,0,0,0,0,1,0,3,0,0,0,4,0,Goodware,goodware:Goodware
2024-10-18 12:00:00,SYSTEM\C:\Windows\System32\LogonUI.exe,,0,0,0,0,0,0,3,0,0,0,3,0,Goodware,goodware:Goodware
2024-10-18 12:00:00,SYSTEM\C:\Windows\Sysmon.exe,,0,0,0,0,0,0,2,0,0,0,2,0,Goodware,goodware:Goodware
2024-10-18 12:00:00,NETWORK SERVICE\C:\Windows\System32\wbem\WmiPrvSE.exe,,1,0,0,0,0,0,1,0,0,0,2,0,Goodware,goodware:Goodware
2024-10-18 12:00:00,SYSTEM\C:\Windows\System32\wbem\WmiPrvSE.exe,,1,0,0,0,0,0,1,0,0,0,2,0,Goodware,goodware:Goodware
2024-10-18 12:00:00,NETWORK SERVICE\C:\Windows\system32\sppsvc.exe,,0,6,0,0,0,0,0,0,0,0,6,0,Goodware,goodware:Goodware
2024-10-18 12:00:00,NETWORK SERVICE\C:\Windows\system32\SppExtComObj.exe,,0,0,0,0,0,0,0,0,0,0,1,0,Goodware,goodware:Goodware
2024-10-18 12:00:00,SYSTEM\C:\Windows\System32\wevtutil.exe,,12,0,0,0,0,0,0,0,0,0,12,0,Goodware,goodware:Goodware
2024-10-18 12:00:00,User\C:\Windows\System32\svchost.exe,,2,0,0,0,0,0,0,0,0,0,2,0,Goodware,goodware:Goodware
2024-10-18 12:00:00,NETWORK SERVICE\C:\Windows\System32\SppExtComObj.Exe,,0,0,0,0,0,0,0,0,0,0,1,0,Goodware,goodware:Goodware
2024-10-18 12:00:00,-\C:\Windows\system32\sppsvc.exe,,0,0,0,0,0,0,0,0,0,0,1,0,Goodware,goodware:Goodware
2024-10-18 12:00:00,SYSTEM\C:\Windows\System32\sdbinst.exe,,1,0,0,0,0,0,0,0,0,0,1,0,Goodware,goodware:Goodware
2024-10-18 12:00:00,SYSTEM\C:\Program Files (x86)\Microsoft\EdgeUpdate\MicrosoftEdgeUpdate.exe,,1,0,0,0,0,0,2,0,0,0,3,0,Goodware,goodware:Goodware
2024-10-18 12:00:00,User\C:\Windows\system32\userinit.exe,,0,0,0,0,0,1,0,0,0,0,1,0,Goodware,goodware:Goodware
2024-10-18 12:00:00,SYSTEM\C:\Windows\system32\wevtutil.exe,,0,0,0,0,0,16,0,0,0,0,16,0,Goodware,goodware:Goodware
2024-10-18 12:00:00,User\C:\Windows\explorer.exe,,0,0,0,0,0,0,2,0,0,0,2,0,Goodware,goodware:Goodware
2024-10-18 12:00:00,User\C:\Program Files\BraveSoftware\Brave-Browser\Application\129.1.70.126\Installer\chrmstp.exe,,3,1,1,0,0,0,4,0,0,0,11,0,Goodware,goodware:Goodware
2024-10-18 12:00:00,SYSTEM\C:\Windows\system32\sdbinst.exe,,0,2,0,0,0,0,0,0,0,0,2,0,Goodware,goodware:Goodware
2024-10-18 12:00:00,SYSTEM\C:\Program Files (x86)\BraveSoftware\Update\BraveUpdate.exe,,0,10,0,0,0,0,3,0,0,0,13,0,Goodware,goodware:Goodware
2024-10-18 12:00:00,SYSTEM\C:\Program Files (x86)\BraveSoftware\Update\1.3.361.151\BraveCrashHandler64.exe,,0,3,0,0,0,0,0,0,0,0,3,0,Goodware,goodware:Goodware
2024-10-18 12:00:00,SYSTEM\C:\Program Files (x86)\BraveSoftware\Update\1.3.361.151\BraveCrashHandler.exe,,0,3,0,0,0,0,0,0,0,0,3,0,Goodware,goodware:Goodware
2024-10-18 12:00:00,SYSTEM\C:\Windows\system32\taskhostw.exe,,0,0,0,0,0,20,0,0,0,0,20,0,Goodware,goodware:Goodware
2024-10-18 12:00:00,User\C:\Windows\SystemApps\Microsoft.Windows.StartMenuExperienceHost_cw5n1h2txyewy\StartMenuExperienceHost.exe,,0,0,0,0,0,0,1,0,0,0,1,0,Goodware,goodware:Goodware
2024-10-18 12:00:00,User\C:\Windows\SystemApps\MicrosoftWindows.Client.CBS_cw5n1h2txyewy\SearchHost.exe,,0,1,12,0,0,0,1,0,0,0,14,0,Goodware,goodware:Goodware
2024-10-18 12:00:00,User\C:\Program Files\WindowsApps\Microsoft.WidgetsPlatformRuntime_1.4.0.0_x64__8wekyb3d8bbwe\WidgetService\WidgetService.exe,,0,7,0,0,0,0,0,0,0,0,7,0,Goodware,goodware:Goodware
2024-10-18 12:00:00,User\C:\Windows\system32\DllHost.exe,,0,0,0,0,0,4,0,0,0,0,4,0,Goodware,goodware:Goodware
2024-10-18 12:00:00,User\C:\Program Files\WindowsApps\MicrosoftWindows.Client.WebExperience_524.24900.130.0_x64__cw5n1h2txyewy\Dashboard\Widgets.exe,,0,0,0,0,0,0,1,0,0,0,1,0,Goodware,goodware:Goodware
2024-10-18 12:00:00,LOCAL SERVICE\C:\ProgramData\Microsoft\Windows Defender\Platform\4.18.24080.9-0\NisSrv.exe,,0,0,0,0,0,0,2,0,0,0,2,0,Goodware,goodware:Goodware
2024-10-18 12:00:00,End-user\C:\Windows\System32\svchost.exe,,2,0,0,0,0,0,0,0,0,0,2,0,Goodware,goodware:Goodware
2024-10-18 12:00:00,SYSTEM\C:\Windows\System32\sihclient.exe,,0,1,0,0,0,0,0,0,0,0,1,0,Goodware,goodware:Goodware
2024-10-18 12:00:00,End-user\C:\Windows\system32\userinit.exe,,0,0,0,0,0,1,0,0,0,0,1,0,Goodware,goodware:Goodware
2024-10-18 12:00:00,SYSTEM\C:\Windows\System32\SIHClient.exe,,0,0,0,0,0,0,2,0,0,0,2,0,Goodware,goodware:Goodware
2024-10-18 12:00:00,End-user\C:\Windows\explorer.exe,,0,0,0,0,0,0,2,0,0,0,2,0,Goodware,goodware:Goodware
2024-10-18 12:00:00,End-user\C:\Program Files\BraveSoftware\Brave-Browser\Application\129.1.70.126\Installer\chrmstp.exe,,3,1,1,0,0,0,4,0,0,0,11,0,Goodware,goodware:Goodware
2024-10-18 12:00:00,End-user\C:\Windows\SystemApps\Microsoft.Windows.StartMenuExperienceHost_cw5n1h2txyewy\StartMenuExperienceHost.exe,,0,0,0,0,0,0,1,0,0,0,1,0,Goodware,goodware:Goodware
2024-10-18 12:00:00,End-user\C:\Windows\SystemApps\MicrosoftWindows.Client.CBS_cw5n1h2txyewy\SearchHost.exe,,0,1,11,0,0,0,1,0,0,0,13,0,Goodware,goodware:Goodware
2024-10-18 12:00:00,End-user\C:\Program Files\WindowsApps\Microsoft.WidgetsPlatformRuntime_1.4.0.0_x64__8wekyb3d8bbwe\WidgetService\WidgetService.exe,,0,7,0,0,0,0,0,0,0,0,7,0,Goodware,goodware:Goodware
2024-10-18 12:00:00,End-user\C:\Program Files\WindowsApps\MicrosoftWindows.Client.WebExperience_524.24900.130.0_x64__cw5n1h2txyewy\Dashboard\Widgets.exe,,0,0,0,0,0,0,1,0,0,0,1,0,Goodware,goodware:Goodware
2024-10-18 12:00:00,User\C:\Windows\System32\taskhostw.exe,,0,0,0,0,0,0,1,0,0,0,1,0,Goodware,goodware:Goodware
2024-10-18 12:00:00,User\C:\Windows\System32\SecurityHealthSystray.exe,,1,0,0,0,0,0,0,0,0,0,1,0,Goodware,goodware:Goodware
2024-10-18 12:00:00,SYSTEM\C:\Windows\System32\SecurityHealthService.exe,,0,0,0,0,0,0,4,0,0,0,4,0,Goodware,goodware:Goodware
2024-10-18 12:00:00,SYSTEM\C:\Windows\system32\SecurityHealthService.exe,,0,4,0,0,0,1,0,0,0,0,5,0,Goodware,goodware:Goodware
2024-10-18 12:00:00,SYSTEM\C:\Windows\system32\SearchIndexer.exe,,0,0,0,0,0,0,0,0,0,0,1,0,Goodware,goodware:Goodware
2024-10-18 12:00:00,User\C:\Users\User\AppData\Local\Microsoft\OneDrive\OneDrive.exe,,1,0,0,0,0,17,63,0,0,0,83,0,Goodware,goodware:Goodware
2024-10-18 12:00:00,End-user\C:\Users\End-user\AppData\Local\Microsoft\OneDrive\OneDrive.exe,,1,0,0,0,0,17,64,0,0,0,84,0,Goodware,goodware:Goodware
2024-10-18 12:00:00,End-user\C:\Program Files (x86)\Microsoft\Edge\Application\msedge.exe,,2,0,1,0,0,36,4,0,0,0,51,0,Goodware,goodware:Goodware
2024-10-18 12:00:00,NETWORK SERVICE\C:\Windows\System32\sppsvc.exe,,0,0,0,0,0,0,1,0,0,0,1,0,Goodware,goodware:Goodware
2024-10-18 12:00:00,End-user\C:\Windows\System32\SecurityHealthSystray.exe,,1,0,0,0,0,0,0,0,0,0,1,0,Goodware,goodware:Goodware
2024-10-18 12:00:00,End-user\C:\Program Files\BraveSoftware\Brave-Browser\Application\brave.exe,,4,12,6,0,0,34,4,0,0,0,100,0,Goodware,goodware:Goodware
2024-10-18 12:00:00,End-user\C:\Windows\Explorer.EXE,,0,0,1,0,0,3,0,0,0,0,4,0,Goodware,goodware:Goodware
2024-10-18 12:00:00,User\C:\Windows\System32\VBoxTray.exe,,1,0,0,0,0,0,0,0,0,0,2,0,Goodware,goodware:Goodware
2024-10-18 12:00:00,End-user\C:\Windows\System32\VBoxTray.exe,,1,0,0,0,0,0,0,0,0,0,2,0,Goodware,goodware:Goodware
2024-10-18 12:00:00,End-user\C:\Windows\System32\SecurityHealth\1.0.2402.27001-0\SecurityHealthHost.exe,,0,0,0,0,0,0,0,0,0,0,1,0,Goodware,goodware:Goodware
2024-10-18 12:00:00,User\C:\Users\User\AppData\Local\Microsoft\OneDrive\24.186.0915.0004\FileCoAuth.exe,,1,0,0,0,0,0,17,0,0,0,19,0,Goodware,goodware:Goodware
2024-10-18 12:00:00,End-user\C:\Users\End-user\AppData\Local\Microsoft\OneDrive\24.186.0915.0004\FileCoAuth.exe,,2,0,0,0,0,0,32,0,0,0,35,0,Goodware,goodware:Goodware
2024-10-18 12:00:00,-\C:\Users\User\AppData\Local\Microsoft\OneDrive\OneDrive.exe,,0,0,0,0,0,0,0,0,0,0,1,0,Goodware,goodware:Goodware
2024-10-18 12:00:00,-\C:\Users\End-user\AppData\Local\Microsoft\OneDrive\OneDrive.exe,,0,0,0,0,0,0,0,0,0,0,2,0,Goodware,goodware:Goodware
2024-10-18 12:00:00,-\C:\Windows\Explorer.EXE,,0,0,0,0,0,0,0,0,0,0,5,0,Goodware,goodware:Goodware
2024-10-18 12:00:00,User\C:\Program Files (x86)\Microsoft\Edge\Application\msedge.exe,,2,0,1,0,0,0,4,0,0,0,8,0,Goodware,goodware:Goodware
2024-10-18 12:00:00,End-user\C:\Program Files (x86)\Microsoft\EdgeWebView\Application\129.0.2792.89\msedgewebview2.exe,,9,0,4,0,0,0,5,0,0,0,40,0,Goodware,goodware:Goodware
2024-10-18 12:00:00,End-user\C:\Program Files\WindowsApps\MicrosoftWindows.CrossDevice_1.24091.30.0_x64__cw5n1h2txyewy\CrossDeviceService.exe,,0,0,0,0,0,0,1,0,0,0,3,0,Goodware,goodware:Goodware
2024-10-18 12:00:00,SYSTEM\C:\Program Files\BraveSoftware\Brave-Browser\Application\129.1.70.126\Installer\setup.exe,,2,0,16,0,0,0,4,0,0,0,24,0,Goodware,goodware:Goodware
2024-10-18 12:00:00,User\C:\Program Files\WindowsApps\MicrosoftWindows.CrossDevice_1.24091.30.0_x64__cw5n1h2txyewy\CrossDeviceService.exe,,0,0,0,0,0,0,0,0,0,0,1,0,Goodware,goodware:Goodware
2024-10-18 12:00:00,SYSTEM\C:\Program Files\Winlogbeat\winlogbeat.exe,,1,0,0,0,0,0,0,0,0,0,5,0,Goodware,goodware:Goodware
2024-10-18 12:00:00,User\C:\Windows\System32\sihost.exe,,0,0,0,0,0,0,1,0,0,0,1,0,Goodware,goodware:Goodware
2024-10-18 12:00:00,User\C:\Program Files\WindowsApps\MicrosoftTeams_24256.2502.3123.1_x64__8wekyb3d8bbwe\msteams_autostarter.exe,,0,0,0,0,0,0,1,0,0,0,1,0,Goodware,goodware:Goodware
2024-10-18 12:00:00,User\C:\Windows\Explorer.EXE,,0,0,1,0,0,0,0,0,0,0,1,0,Goodware,goodware:Goodware
2024-10-18 12:00:00,User\C:\Program Files\WindowsApps\MicrosoftTeams_24256.2502.3123.1_x64__8wekyb3d8bbwe\msteams.exe,,0,0,0,0,0,0,1,0,0,0,3,0,Goodware,goodware:Goodware
2024-10-18 12:00:00,End-user\C:\Windows\System32\sihost.exe,,0,0,0,0,0,0,1,0,0,0,1,0,Goodware,goodware:Goodware
2024-10-18 12:00:00,End-user\C:\Program Files\WindowsApps\MicrosoftTeams_24256.2502.3123.1_x64__8wekyb3d8bbwe\msteams_autostarter.exe,,0,0,0,0,0,0,1,0,0,0,1,0,Goodware,goodware:Goodware
2024-10-18 12:00:00,User\C:\Program Files (x86)\Microsoft\EdgeWebView\Application\129.0.2792.89\msedgewebview2.exe,,7,0,1,0,0,0,2,0,0,0,22,0,Goodware,goodware:Goodware
2024-10-18 12:00:00,User\C:\Program Files\WindowsApps\MicrosoftTeams_24256.2502.3123.1_x64__8wekyb3d8bbwe\msteamsupdate.exe,,0,0,0,0,0,0,1,0,0,0,1,0,Goodware,goodware:Goodware
2024-10-18 12:00:00,End-user\C:\Program Files\WindowsApps\MicrosoftTeams_24256.2502.3123.1_x64__8wekyb3d8bbwe\msteams.exe,,0,0,0,0,0,0,1,0,0,0,3,0,Goodware,goodware:Goodware
2024-10-18 12:00:00,End-user\C:\Program Files\WindowsApps\MicrosoftTeams_24256.2502.3123.1_x64__8wekyb3d8bbwe\msteamsupdate.exe,,0,0,0,0,0,0,1,0,0,0,1,0,Goodware,goodware:Goodware
2024-10-18 12:00:00,-\C:\Program Files (x86)\Microsoft\EdgeWebView\Application\129.0.2792.89\msedgewebview2.exe,,0,0,0,0,0,0,0,0,0,0,4,0,Goodware,goodware:Goodware
2024-10-18 12:00:00,End-user\C:\Windows\System32\rundll32.exe,,1,0,0,0,0,0,0,0,0,0,1,0,Goodware,goodware:Goodware
2024-10-18 12:00:00,SYSTEM\C:\Program Files\Microsoft Update Health Tools\uhssvc.exe,,1,0,0,0,0,0,0,0,0,0,1,0,Goodware,goodware:Goodware
2024-10-18 12:00:00,SYSTEM\C:\Windows\UUS\Packages\Preview\amd64\MoUsoCoreWorker.exe,,0,0,0,0,0,0,1,0,0,0,1,0,Goodware,goodware:Goodware
2024-10-18 12:05:00,User\C:\Program Files (x86)\Microsoft\EdgeWebView\Application\129.0.2792.89\msedgewebview2.exe,,12,0,7,0,0,11,7,0,0,0,58,0,Goodware,goodware:Goodware
2024-10-18 12:05:00,SYSTEM\C:\Windows\system32\svchost.exe,,0,7,0,0,0,35,0,0,0,0,42,0,Goodware,goodware:Goodware
2024-10-18 12:05:00,User\C:\Program Files\WindowsApps\MicrosoftWindows.CrossDevice_1.24091.30.0_x64__cw5n1h2txyewy\CrossDeviceService.exe,,0,0,0,0,0,0,1,0,0,0,2,0,Goodware,goodware:Goodware
2024-10-18 12:05:00,LOCAL SERVICE\C:\Windows\System32\svchost.exe,,3,0,0,0,0,0,2,0,0,0,5,0,Goodware,goodware:Goodware
2024-10-18 12:05:00,-\C:\Program Files (x86)\Microsoft\EdgeWebView\Application\129.0.2792.89\msedgewebview2.exe,,0,0,0,0,0,0,0,0,0,0,8,0,Goodware,goodware:Goodware
2024-10-18 12:05:00,SYSTEM\C:\Program Files\Winlogbeat\winlogbeat.exe,,0,0,0,0,0,0,0,0,0,0,6,0,Goodware,goodware:Goodware
2024-10-18 12:05:00,SYSTEM\C:\Windows\System32\svchost.exe,,1,0,0,0,0,6,6,0,0,0,14,0,Goodware,goodware:Goodware
2024-10-18 12:05:00,End-user\C:\Program Files (x86)\Microsoft\Edge\Application\msedge.exe,,0,0,0,0,0,10,2,0,0,0,14,0,Goodware,goodware:Goodware
2024-10-18 12:05:00,User\C:\Program Files (x86)\Microsoft\Edge\Application\msedge.exe,,0,0,0,0,0,0,2,0,0,0,2,0,Goodware,goodware:Goodware
2024-10-18 12:05:00,End-user\C:\Program Files\BraveSoftware\Brave-Browser\Application\brave.exe,,0,24,12,0,0,13,0,0,0,0,56,0,Goodware,goodware:Goodware
2024-10-18 12:05:00,NETWORK SERVICE\C:\Windows\System32\svchost.exe,,0,1,0,0,0,0,2,0,0,0,3,0,Goodware,goodware:Goodware
2024-10-18 12:05:00,NETWORK SERVICE\C:\Windows\System32\sppsvc.exe,,0,0,0,0,0,0,3,0,0,0,3,0,Goodware,goodware:Goodware
2024-10-18 12:05:00,NETWORK SERVICE\C:\Windows\system32\sppsvc.exe,,0,1,0,0,0,0,0,0,0,0,1,0,Goodware,goodware:Goodware
2024-10-18 12:05:00,End-user\C:\Users\End-user\Desktop\goodware\CelestiaPortable_1.6.2.2.paf.exe,,1,1450,4,0,0,1,5,0,0,0,1466,0,Goodware,goodware:Goodware
2024-10-18 12:05:00,-\C:\Windows\Explorer.EXE,,0,0,0,0,0,0,0,0,0,0,45,0,Goodware,goodware:Goodware
2024-10-18 12:05:00,-\C:\Windows\system32\csrss.exe,,0,0,0,0,0,0,0,0,0,0,3,0,Goodware,goodware:Goodware
2024-10-18 12:05:00,-\C:\Windows\system32\svchost.exe,,0,0,0,0,0,0,0,0,0,0,12,0,Goodware,goodware:Goodware
2024-10-18 12:05:00,-\C:\Windows\System32\svchost.exe,,0,0,0,0,0,0,0,0,0,0,3,0,Goodware,goodware:Goodware
2024-10-18 12:05:00,SYSTEM\C:\Windows\System32\wbem\WMIADAP.exe,,0,0,0,0,0,0,2,0,0,0,2,0,Goodware,goodware:Goodware
2024-10-18 12:05:00,NETWORK SERVICE\C:\Windows\System32\wbem\WmiPrvSE.exe,,1,0,0,0,0,0,6,0,0,0,7,0,Goodware,goodware:Goodware
2024-10-18 12:05:00,End-user\C:\Users\End-user\Desktop\goodware\CelestiaPortable\CelestiaPortable.exe,,1,3,0,0,0,0,3,0,0,0,9,0,Goodware,goodware:Goodware
2024-10-18 12:05:00,-\C:\Users\End-user\Desktop\goodware\CelestiaPortable_1.6.2.2.paf.exe,,0,0,0,0,0,0,0,0,0,0,1,0,Goodware,goodware:Goodware
2024-10-18 12:05:00,-\C:\Windows\system32\lsass.exe,,0,0,0,0,0,0,0,0,0,0,1,0,Goodware,goodware:Goodware
2024-10-18 12:05:00,End-user\C:\Users\End-user\Desktop\goodware\CelestiaPortable\App\Celestia\celestia.exe,,1,0,0,0,0,0,0,0,0,0,1,0,Goodware,goodware:Goodware
2024-10-18 12:05:00,-\C:\Users\End-user\Desktop\goodware\CelestiaPortable\CelestiaPortable.exe,,0,0,0,0,0,0,0,0,0,0,1,0,Goodware,goodware:Goodware
2024-10-18 12:05:00,End-user\C:\Windows\System32\SecurityHealth\1.0.2402.27001-0\SecurityHealthHost.exe,,0,0,0,0,0,0,0,0,0,0,1,0,Goodware,goodware:Goodware
2024-10-18 12:05:00,End-user\C:\Windows\SystemApps\ShellExperienceHost_cw5n1h2txyewy\ShellExperienceHost.exe,,0,0,0,0,0,0,1,0,0,0,1,0,Goodware,goodware:Goodware
2024-10-18 12:05:00,-\C:\Users\End-user\Desktop\goodware\CelestiaPortable\App\Celestia\celestia.exe,,0,0,0,0,0,0,0,0,0,0,2,0,Goodware,goodware:Goodware
2024-10-18 12:05:00,SYSTEM\C:\Windows\System32\sc.exe,,4,0,0,0,0,0,0,0,0,0,4,0,Goodware,goodware:Goodware
2024-10-18 12:05:00,SYSTEM\C:\Program Files (x86)\Microsoft\EdgeUpdate\MicrosoftEdgeUpdate.exe,,1,0,0,0,0,0,1,0,0,0,2,0,Goodware,goodware:Goodware
2024-10-18 12:05:00,End-user\C:\Windows\System32\rundll32.exe,,1,0,0,0,0,0,0,0,0,0,1,0,Goodware,goodware:Goodware
2024-10-18 12:05:00,SYSTEM\C:\Windows\System32\rundll32.exe,,1,0,0,0,0,0,0,0,0,0,1,0,Goodware,goodware:Goodware
2024-10-18 12:05:00,SYSTEM\C:\Windows\System32\taskhostw.exe,,0,0,0,0,0,0,4,0,0,0,4,0,Goodware,goodware:Goodware
2024-10-18 12:05:00,SYSTEM\C:\Windows\System32\DeviceCensus.exe,,0,0,0,0,0,0,5,0,0,0,5,0,Goodware,goodware:Goodware
2024-10-18 12:05:00,NETWORK SERVICE\C:\Windows\system32\wbem\wmiprvse.exe,,0,1,0,0,0,0,0,0,0,0,1,0,Goodware,goodware:Goodware
2024-10-18 12:05:00,End-user\C:\Program Files (x86)\Microsoft\EdgeWebView\Application\129.0.2792.89\msedgewebview2.exe,,10,0,4,0,0,12,4,0,0,0,52,0,Goodware,goodware:Goodware
2024-10-18 12:05:00,User\C:\Program Files\WindowsApps\MicrosoftWindows.Client.WebExperience_524.24900.130.0_x64__cw5n1h2txyewy\Dashboard\Widgets.exe,,0,0,0,0,0,2,0,0,0,0,4,0,Goodware,goodware:Goodware
2024-10-18 12:05:00,User\C:\Windows\SystemApps\ShellExperienceHost_cw5n1h2txyewy\ShellExperienceHost.exe,,0,0,0,0,0,0,1,0,0,0,1,0,Goodware,goodware:Goodware
2024-10-18 12:05:00,User\C:\Windows\System32\svchost.exe,,1,0,0,0,0,0,0,0,0,0,1,0,Goodware,goodware:Goodware
2024-10-18 12:05:00,SYSTEM\System,,0,1,0,0,0,0,0,0,0,0,1,0,Goodware,goodware:Goodware
2024-10-18 12:05:00,End-user\C:\Program Files\WindowsApps\MicrosoftWindows.Client.WebExperience_524.24900.130.0_x64__cw5n1h2txyewy\Dashboard\Widgets.exe,,0,0,0,0,0,1,0,0,0,0,2,0,Goodware,goodware:Goodware
2024-10-18 12:05:00,End-user\C:\Windows\System32\svchost.exe,,1,0,0,0,0,0,0,0,0,0,1,0,Goodware,goodware:Goodware
2024-10-18 12:05:00,End-user\C:\Program Files\WindowsApps\MicrosoftTeams_24256.2502.3123.1_x64__8wekyb3d8bbwe\msteamsupdate.exe,,0,0,0,0,0,0,1,0,0,0,1,0,Goodware,goodware:Goodware
2024-10-18 12:05:00,End-user\C:\Windows\SystemApps\MicrosoftWindows.Client.CBS_cw5n1h2txyewy\SearchHost.exe,,0,0,3,0,0,0,0,0,0,0,3,0,Goodware,goodware:Goodware
2024-10-18 12:05:00,SYSTEM\C:\Windows\System32\SearchProtocolHost.exe,,0,0,0,0,0,0,1,0,0,0,1,0,Goodware,goodware:Goodware
2024-10-18 12:10:00,-\C:\Windows\Explorer.EXE,,0,0,0,0,0,0,0,0,0,0,68,0,Goodware,goodware:Goodware
2024-10-18 12:10:00,End-user\C:\Users\End-user\Desktop\goodware\CelestiaPortable\App\Celestia\celestia.exe,,0,0,0,0,0,1,0,0,0,0,2,0,Goodware,goodware:Goodware
2024-10-18 12:10:00,End-user\C:\Users\End-user\Desktop\goodware\CelestiaPortable\CelestiaPortable.exe,,0,1,3,0,0,0,1,0,0,0,7,0,Goodware,goodware:Goodware
2024-10-18 12:10:00,SYSTEM\\\?\C:\Windows\system32\wbem\WMIADAP.EXE,,0,10,0,0,0,11,0,0,0,0,21,0,Goodware,goodware:Goodware
2024-10-18 12:10:00,End-user\C:\Windows\Explorer.EXE,,0,3,1,0,0,0,0,0,0,0,5,0,Goodware,goodware:Goodware
2024-10-18 12:10:00,End-user\C:\Windows\explorer.exe,,0,0,0,0,0,0,2,0,0,0,2,0,Goodware,goodware:Goodware
2024-10-18 12:10:00,End-user\C:\Users\End-user\AppData\Local\Temp\692913df-c73c-452d-aa7c-8f09016a58de_DesktopSnowOK_x64.zip.8de\DesktopSnowOK_x64.exe,,1,3,0,0,0,0,1,0,0,0,5,0,Goodware,goodware:Goodware
2024-10-18 12:10:00,-\C:\Windows\system32\csrss.exe,,0,0,0,0,0,0,0,0,0,0,4,0,Goodware,goodware:Goodware
2024-10-18 12:10:00,-\C:\Windows\system32\svchost.exe,,0,0,0,0,0,0,0,0,0,0,16,0,Goodware,goodware:Goodware
2024-10-18 12:10:00,-\C:\Windows\System32\svchost.exe,,0,0,0,0,0,0,0,0,0,0,4,0,Goodware,goodware:Goodware
2024-10-18 12:10:00,SYSTEM\C:\Windows\System32\svchost.exe,,0,0,0,0,0,6,2,0,0,0,8,0,Goodware,goodware:Goodware
2024-10-18 12:10:00,NETWORK SERVICE\C:\Windows\System32\svchost.exe,,0,3,0,0,2,0,1,0,0,0,6,0,Goodware,goodware:Goodware
2024-10-18 12:10:00,SYSTEM\C:\Windows\system32\svchost.exe,,0,7,3,0,0,6,0,0,0,0,16,0,Goodware,goodware:Goodware
2024-10-18 12:10:00,SYSTEM\C:\ProgramData\Microsoft\Windows Defender\Platform\4.18.24080.9-0\MsMpEng.exe,,0,0,11,0,0,1,2,0,0,0,14,0,Goodware,goodware:Goodware
2024-10-18 12:10:00,SYSTEM\C:\ProgramData\Microsoft\Windows Defender\Platform\4.18.24080.9-0\MpCmdRun.exe,,0,1,0,0,0,0,5,0,0,0,6,0,Goodware,goodware:Goodware
2024-10-18 12:10:00,SYSTEM\System,,0,2,0,0,0,0,0,0,0,0,2,0,Goodware,goodware:Goodware
2024-10-18 12:10:00,NETWORK SERVICE\C:\Windows\System32\wbem\WmiPrvSE.exe,,1,0,0,0,0,0,1,0,0,0,2,0,Goodware,goodware:Goodware
2024-10-18 12:10:00,LOCAL SERVICE\C:\Windows\System32\wbem\WmiPrvSE.exe,,1,0,0,0,0,0,1,0,0,0,2,0,Goodware,goodware:Goodware
2024-10-18 12:10:00,SYSTEM\C:\Windows\System32\MpSigStub.exe,,0,0,0,0,0,0,1,0,0,0,1,0,Goodware,goodware:Goodware
2024-10-18 12:10:00,SYSTEM\C:\Windows\system32\MpSigStub.exe,,0,6,2,0,0,0,0,0,0,0,9,0,Goodware,goodware:Goodware
2024-10-18 12:10:00,End-user\C:\Users\End-user\Desktop\goodware\ProcessHackerPortable\App\ProcessHacker\x64\ProcessHacker.exe,,1,0,0,0,5,0,0,0,0,0,9,0,Goodware,goodware:Goodware
2024-10-18 12:10:00,SYSTEM\C:\Windows\System32\taskhostw.exe,,0,0,0,0,0,0,1,0,0,0,1,0,Goodware,goodware:Goodware
2024-10-18 12:10:00,End-user\C:\Windows\System32\smartscreen.exe,,0,0,0,0,0,0,1,0,0,0,1,0,Goodware,goodware:Goodware
2024-10-18 12:10:00,End-user\C:\Users\End-user\Desktop\goodware\ProcessHackerPortable_2.39_English.paf.exe,,1,132,4,0,0,1,7,0,0,0,150,0,Goodware,goodware:Goodware
2024-10-18 12:10:00,End-user\C:\Users\End-user\Desktop\goodware\ProcessHackerPortable\ProcessHackerPortable.exe,,1,5,0,0,0,0,7,0,0,0,17,0,Goodware,goodware:Goodware
2024-10-18 12:10:00,-\C:\Users\End-user\Desktop\goodware\ProcessHackerPortable_2.39_English.paf.exe,,0,0,0,0,0,0,0,0,0,0,1,0,Goodware,goodware:Goodware
2024-10-18 12:10:00,-\C:\Windows\system32\lsass.exe,,0,0,0,0,0,0,0,0,0,0,2,0,Goodware,goodware:Goodware
2024-10-18 12:10:00,-\C:\Users\End-user\Desktop\goodware\ProcessHackerPortable\ProcessHackerPortable.exe,,0,0,0,0,0,0,0,0,0,0,1,0,Goodware,goodware:Goodware
2024-10-18 12:10:00,-\C:\Users\End-user\Desktop\goodware\ProcessHackerPortable\App\ProcessHacker\x64\ProcessHacker.exe,,0,0,0,0,0,0,0,0,0,0,2,0,Goodware,goodware:Goodware
2024-10-18 12:10:00,-\C:\Windows\Sysmon.exe,,0,0,0,0,0,0,0,0,0,0,8,0,Goodware,goodware:Goodware
2024-10-18 12:10:00,SYSTEM\C:\Windows\system32\services.exe,,0,0,0,0,0,9,0,0,0,0,9,0,Goodware,goodware:Goodware
2024-10-18 12:10:00,End-user\C:\Program Files (x86)\Microsoft\Edge\Application\msedge.exe,,0,0,0,0,0,2,0,0,0,0,2,0,Goodware,goodware:Goodware
2024-10-18 12:15:00,-\C:\Users\End-user\Desktop\goodware\ProcessHackerPortable\App\ProcessHacker\x64\ProcessHacker.exe,,0,0,0,0,0,0,0,0,0,0,8,0,Goodware,goodware:Goodware
2024-10-18 12:15:00,-\C:\Windows\Explorer.EXE,,0,0,0,0,0,0,0,0,0,0,190,0,Goodware,goodware:Goodware
2024-10-18 12:15:00,End-user\C:\Windows\System32\RuntimeBroker.exe,,0,0,0,0,0,0,1,0,0,0,1,0,Goodware,goodware:Goodware
2024-10-18 12:15:00,End-user\C:\Windows\System32\backgroundTaskHost.exe,,0,0,0,0,0,0,1,0,0,0,1,0,Goodware,goodware:Goodware
2024-10-18 12:15:00,End-user\C:\Users\End-user\Desktop\goodware\ProcessHackerPortable\App\ProcessHacker\x64\ProcessHacker.exe,,0,1,0,0,0,0,2,0,0,0,3,0,Goodware,goodware:Goodware
2024-10-18 12:15:00,-\C:\Windows\system32\svchost.exe,,0,0,0,0,0,0,0,0,0,0,24,0,Goodware,goodware:Goodware
2024-10-18 12:15:00,End-user\C:\Users\End-user\AppData\Local\Temp\692913df-c73c-452d-aa7c-8f09016a58de_DesktopSnowOK_x64.zip.8de\DesktopSnowOK_x64.exe,,0,0,0,0,0,1,0,0,0,0,2,0,Goodware,goodware:Goodware
2024-10-18 12:15:00,End-user\C:\Users\End-user\Desktop\goodware\Scorched3DPortable_44.paf.exe,,1,3791,5,0,0,1,8,0,0,0,3812,0,Goodware,goodware:Goodware
2024-10-18 12:15:00,-\C:\Windows\system32\csrss.exe,,0,0,0,0,0,0,0,0,0,0,6,0,Goodware,goodware:Goodware
2024-10-18 12:15:00,-\C:\Windows\System32\svchost.exe,,0,0,0,0,0,0,0,0,0,0,6,0,Goodware,goodware:Goodware
2024-10-18 12:15:00,SYSTEM\C:\Windows\System32\svchost.exe,,0,0,0,0,0,12,1,0,0,0,13,0,Goodware,goodware:Goodware
2024-10-18 12:15:00,-\C:\Users\End-user\Desktop\goodware\Scorched3DPortable_44.paf.exe,,0,0,0,0,0,0,0,0,0,0,1,0,Goodware,goodware:Goodware
2024-10-18 12:15:00,End-user\C:\Users\End-user\Desktop\goodware\Scorched3DPortable\Scorched3DPortable.exe,,1,5,2,0,0,0,3,0,0,0,14,0,Goodware,goodware:Goodware
2024-10-18 12:15:00,-\C:\Windows\system32\lsass.exe,,0,0,0,0,0,0,0,0,0,0,1,0,Goodware,goodware:Goodware
2024-10-18 12:15:00,End-user\C:\Users\End-user\Desktop\goodware\Scorched3DPortable\App\Scorched3D\scorched.exe,,1,10,0,0,0,3,0,0,0,0,15,0,Goodware,goodware:Goodware
2024-10-18 12:15:00,-\C:\Users\End-user\Desktop\goodware\Scorched3DPortable\Scorched3DPortable.exe,,0,0,0,0,0,0,0,0,0,0,1,0,Goodware,goodware:Goodware
2024-10-18 12:15:00,SYSTEM\C:\Windows\System32\taskhostw.exe,,0,0,0,0,0,0,2,0,0,0,2,0,Goodware,goodware:Goodware
2024-10-18 12:15:00,NETWORK SERVICE\C:\Windows\System32\wbem\WmiPrvSE.exe,,1,0,0,0,0,0,1,0,0,0,2,0,Goodware,goodware:Goodware
2024-10-18 12:15:00,SYSTEM\C:\Windows\system32\svchost.exe,,0,1,0,0,0,23,0,0,0,0,24,0,Goodware,goodware:Goodware
2024-10-18 12:15:00,SYSTEM\C:\Windows\System32\SearchProtocolHost.exe,,0,0,0,0,0,0,1,0,0,0,1,0,Goodware,goodware:Goodware
2024-10-18 12:15:00,End-user\C:\Users\End-user\Desktop\goodware\Scorched3DPortable\App\Scorched3D\scorchedc.exe,,3,18,0,0,0,3,0,0,0,0,27,0,Goodware,goodware:Goodware
2024-10-18 12:15:00,-\C:\Users\End-user\Desktop\goodware\Scorched3DPortable\App\Scorched3D\scorched.exe,,0,0,0,0,0,0,0,0,0,0,3,0,Goodware,goodware:Goodware
2024-10-18 12:15:00,-\C:\Users\End-user\Desktop\goodware\Scorched3DPortable\App\Scorched3D\scorchedc.exe,,0,0,0,0,0,0,0,0,0,0,3,0,Goodware,goodware:Goodware
2024-10-18 12:15:00,LOCAL SERVICE\C:\Windows\system32\svchost.exe,,0,0,0,0,0,2,0,0,0,0,2,0,Goodware,goodware:Goodware
2024-10-18 12:15:00,SYSTEM\System,,0,1,0,0,0,0,0,0,0,0,1,0,Goodware,goodware:Goodware
2024-10-18 12:15:00,NETWORK SERVICE\C:\Windows\system32\sppsvc.exe,,0,1,0,0,0,0,0,0,0,0,1,0,Goodware,goodware:Goodware
2024-10-18 12:15:00,NETWORK SERVICE\C:\Windows\System32\sppsvc.exe,,0,0,0,0,0,0,1,0,0,0,1,0,Goodware,goodware:Goodware
2024-10-18 12:15:00,SYSTEM\C:\Program Files (x86)\Microsoft\EdgeUpdate\MicrosoftEdgeUpdate.exe,,1,0,0,0,0,0,1,0,0,0,2,0,Goodware,goodware:Goodware
2024-10-18 12:20:00,-\C:\Windows\Explorer.EXE,,0,0,0,0,0,0,0,0,0,0,42,0,Goodware,goodware:Goodware
2024-10-18 12:20:00,SYSTEM\C:\Windows\system32\svchost.exe,,0,0,0,0,0,1,0,0,0,0,1,0,Goodware,goodware:Goodware
2024-10-18 12:20:00,End-user\C:\Windows\Explorer.EXE,,0,0,1,0,0,1,0,0,0,0,2,0,Goodware,goodware:Goodware
2024-10-18 12:20:00,End-user\C:\Windows\System32\OpenWith.exe,,0,0,0,0,0,0,1,0,0,0,1,0,Goodware,goodware:Goodware
2024-10-18 12:20:00,End-user\C:\Windows\system32\OpenWith.exe,,0,0,0,0,0,2,0,0,0,0,2,0,Goodware,goodware:Goodware
2024-10-18 12:20:00,End-user\C:\Program Files (x86)\Microsoft\Edge\Application\msedge.exe,,1,0,1,0,4,60,7,0,0,0,82,0,Goodware,goodware:Goodware
2024-10-18 12:20:00,NETWORK SERVICE\C:\Windows\System32\svchost.exe,,0,0,0,0,4,0,0,0,0,0,4,0,Goodware,goodware:Goodware
2024-10-18 12:20:00,-\C:\Program Files (x86)\Microsoft\Edge\Application\msedge.exe,,0,0,0,0,0,0,0,0,0,0,3,0,Goodware,goodware:Goodware
2024-10-18 12:20:00,End-user\C:\Windows\System32\RuntimeBroker.exe,,0,0,0,0,0,0,1,0,0,0,1,0,Goodware,goodware:Goodware
2024-10-18 12:20:00,SYSTEM\C:\Windows\System32\svchost.exe,,0,0,0,0,0,12,0,0,0,0,12,0,Goodware,goodware:Goodware
2024-10-18 12:20:00,End-user\C:\Program Files (x86)\Microsoft\EdgeWebView\Application\129.0.2792.89\msedgewebview2.exe,,0,0,0,0,0,0,1,0,0,0,3,0,Goodware,goodware:Goodware
2024-10-18 12:20:00,-\C:\Windows\system32\svchost.exe,,0,0,0,0,0,0,0,0,0,0,5,0,Goodware,goodware:Goodware
2024-10-18 12:20:00,End-user\C:\Users\End-user\Desktop\goodware\ProcessHackerPortable\App\ProcessHacker\x64\ProcessHacker.exe,,0,2,0,0,0,1,0,0,0,0,4,0,Goodware,goodware:Goodware
2024-10-18 12:20:00,End-user\C:\Users\End-user\Desktop\goodware\ProcessHackerPortable\ProcessHackerPortable.exe,,0,0,4,0,0,1,0,0,0,0,6,0,Goodware,goodware:Goodware
2024-10-18 12:20:00,End-user\C:\Users\End-user\Desktop\goodware\OpenOfficePortable_4.1.15_MultilingualStandard.paf.exe,,1,3514,0,0,0,0,5,0,0,0,3524,0,Goodware,goodware:Goodware
2024-10-18 12:20:00,-\C:\Windows\system32\csrss.exe,,0,0,0,0,0,0,0,0,0,0,1,0,Goodware,goodware:Goodware
2024-10-18 12:20:00,-\C:\Windows\System32\svchost.exe,,0,0,0,0,0,0,0,0,0,0,1,0,Goodware,goodware:Goodware
2024-10-18 12:25:00,End-user\C:\Users\End-user\Desktop\goodware\OpenOfficePortable_4.1.15_MultilingualStandard.paf.exe,,0,10984,4,0,0,1,1,0,0,0,10991,0,Goodware,goodware:Goodware
2024-10-18 12:25:00,-\C:\Program Files (x86)\Microsoft\Edge\Application\msedge.exe,,0,0,0,0,0,0,0,0,0,0,1,0,Goodware,goodware:Goodware
2024-10-18 12:25:00,SYSTEM\C:\Windows\System32\svchost.exe,,0,0,0,0,0,12,2,0,0,0,14,0,Goodware,goodware:Goodware
2024-10-18 12:25:00,-\C:\Windows\Explorer.EXE,,0,0,0,0,0,0,0,0,0,0,108,0,Goodware,goodware:Goodware
2024-10-18 12:25:00,End-user\C:\Program Files (x86)\Microsoft\Edge\Application\msedge.exe,,0,0,0,0,0,6,2,0,0,0,9,0,Goodware,goodware:Goodware
2024-10-18 12:25:00,-\C:\Windows\system32\svchost.exe,,0,0,0,0,0,0,0,0,0,0,28,0,Goodware,goodware:Goodware
2024-10-18 12:25:00,SYSTEM\C:\Windows\system32\svchost.exe,,0,1,1,0,0,0,0,0,0,0,2,0,Goodware,goodware:Goodware
2024-10-18 12:25:00,-\C:\Windows\system32\lsass.exe,,0,0,0,0,0,0,0,0,0,0,5,0,Goodware,goodware:Goodware
2024-10-18 12:25:00,End-user\C:\Users\End-user\Desktop\goodware\OpenOfficePortable\OpenOfficePortable.exe,,1,4,5,0,0,0,9,0,0,0,25,0,Goodware,goodware:Goodware
2024-10-18 12:25:00,-\C:\Users\End-user\Desktop\goodware\OpenOfficePortable_4.1.15_MultilingualStandard.paf.exe,,0,0,0,0,0,0,0,0,0,0,1,0,Goodware,goodware:Goodware
2024-10-18 12:25:00,-\C:\Windows\system32\csrss.exe,,0,0,0,0,0,0,0,0,0,0,6,0,Goodware,goodware:Goodware
2024-10-18 12:25:00,-\C:\Windows\System32\svchost.exe,,0,0,0,0,0,0,0,0,0,0,5,0,Goodware,goodware:Goodware
2024-10-18 12:25:00,End-user\C:\Users\End-user\Desktop\goodware\OpenOfficePortable\App\openoffice\program\soffice.exe,,1,0,0,0,0,0,1,0,0,0,3,0,Goodware,goodware:Goodware
2024-10-18 12:25:00,-\C:\Users\End-user\Desktop\goodware\OpenOfficePortable\OpenOfficePortable.exe,,0,0,0,0,0,0,0,0,0,0,1,0,Goodware,goodware:Goodware
2024-10-18 12:25:00,-\C:\Users\End-user\Desktop\goodware\OpenOfficePortable\App\openoffice\program\soffice.exe,,0,0,0,0,0,0,0,0,0,0,1,0,Goodware,goodware:Goodware
2024-10-18 12:25:00,End-user\C:\Users\End-user\Desktop\goodware\OpenOfficePortable\App\openoffice\program\soffice.bin,,1,122,1,0,3,1,2,0,0,0,136,0,Goodware,goodware:Goodware
2024-10-18 12:25:00,End-user\C:\Users\End-user\Desktop\goodware\IceBreakerPortable_2.2.1_English.paf.exe,,1,159,3,0,0,1,4,0,0,0,172,0,Goodware,goodware:Goodware
2024-10-18 12:25:00,-\C:\Users\End-user\Desktop\goodware\IceBreakerPortable_2.2.1_English.paf.exe,,0,0,0,0,0,0,0,0,0,0,1,0,Goodware,goodware:Goodware
2024-10-18 12:25:00,End-user\C:\Users\End-user\Desktop\goodware\IceBreakerPortable\IceBreakerPortable.exe,,1,5,0,0,0,0,3,0,0,0,11,0,Goodware,goodware:Goodware
2024-10-18 12:25:00,End-user\C:\Users\End-user\Desktop\goodware\IceBreakerPortable\App\IceBreaker\icebreaker.exe,,1,3,0,0,0,0,0,0,0,0,4,0,Goodware,goodware:Goodware
2024-10-18 12:25:00,-\C:\Users\End-user\Desktop\goodware\IceBreakerPortable\IceBreakerPortable.exe,,0,0,0,0,0,0,0,0,0,0,1,0,Goodware,goodware:Goodware
2024-10-18 12:25:00,SYSTEM\System,,0,1,0,0,0,0,0,0,0,0,1,0,Goodware,goodware:Goodware
2024-10-18 12:30:00,-\C:\Windows\Explorer.EXE,,0,0,0,0,0,0,0,0,0,0,17,0,Goodware,goodware:Goodware
2024-10-18 12:30:00,End-user\C:\Users\End-user\AppData\Local\Temp\2FJTLYiDqMxMYtQHwPdI2hXSEpP\Insomnia.exe,,6,2,0,0,7,9,18,0,0,0,66,0,Goodware,goodware:Goodware
2024-10-18 12:30:00,End-user\C:\Users\End-user\Desktop\goodware\IceBreakerPortable\App\IceBreaker\icebreaker.exe,,0,1,0,0,0,1,0,0,0,0,3,0,Goodware,goodware:Goodware
2024-10-18 12:30:00,End-user\C:\Users\End-user\Desktop\goodware\IceBreakerPortable\IceBreakerPortable.exe,,0,0,2,0,0,1,0,0,0,0,4,0,Goodware,goodware:Goodware
2024-10-18 12:30:00,End-user\C:\Users\End-user\Desktop\goodware\Insomnia.Core-2022.6.0-portable.exe,,1,7,26,0,0,0,4,0,0,0,58,0,Goodware,goodware:Goodware
2024-10-18 12:30:00,-\C:\Windows\system32\csrss.exe,,0,0,0,0,0,0,0,0,0,0,2,0,Goodware,goodware:Goodware
2024-10-18 12:30:00,-\C:\Windows\system32\svchost.exe,,0,0,0,0,0,0,0,0,0,0,6,0,Goodware,goodware:Goodware
2024-10-18 12:30:00,-\C:\Windows\System32\svchost.exe,,0,0,0,0,0,0,0,0,0,0,2,0,Goodware,goodware:Goodware
2024-10-18 12:30:00,-\C:\Windows\system32\lsass.exe,,0,0,0,0,0,0,0,0,0,0,1,0,Goodware,goodware:Goodware
2024-10-18 12:30:00,-\C:\Users\End-user\AppData\Local\Temp\2FJTLYiDqMxMYtQHwPdI2hXSEpP\Insomnia.exe,,0,0,0,0,0,0,0,0,0,0,18,0,Goodware,goodware:Goodware
2024-10-18 12:30:00,SYSTEM\C:\ProgramData\Microsoft\Windows Defender\Platform\4.18.24080.9-0\MpDefenderCoreService.exe,,0,0,0,0,1,0,0,0,0,0,1,0,Goodware,goodware:Goodware
2024-10-18 12:30:00,SYSTEM\C:\Windows\system32\svchost.exe,,0,3,1,0,0,8,0,0,0,0,12,0,Goodware,goodware:Goodware
2024-10-18 12:30:00,End-user\C:\Windows\System32\RuntimeBroker.exe,,0,0,0,0,0,0,1,0,0,0,1,0,Goodware,goodware:Goodware
2024-10-18 12:30:00,User\C:\Windows\System32\RuntimeBroker.exe,,0,0,0,0,0,0,1,0,0,0,1,0,Goodware,goodware:Goodware
2024-10-18 12:30:00,NETWORK SERVICE\C:\Windows\System32\sppsvc.exe,,0,0,0,0,0,0,1,0,0,0,1,0,Goodware,goodware:Goodware
2024-10-18 12:30:00,-\C:\Users\User\AppData\Local\Microsoft\OneDrive\OneDrive.exe,,0,0,0,0,0,0,0,0,0,0,47,0,Goodware,goodware:Goodware
2024-10-18 12:30:00,-\C:\Users\End-user\AppData\Local\Microsoft\OneDrive\OneDrive.exe,,0,0,0,0,0,0,0,0,0,0,64,0,Goodware,goodware:Goodware
2024-10-18 12:30:00,End-user\C:\Program Files (x86)\Microsoft\Edge\Application\msedge.exe,,0,0,3,0,0,2,0,0,0,0,5,0,Goodware,goodware:Goodware
2024-10-18 12:30:00,SYSTEM\C:\Windows\System32\svchost.exe,,0,0,0,0,0,12,3,0,0,0,15,0,Goodware,goodware:Goodware
2024-10-18 12:30:00,End-user\C:\Windows\ImmersiveControlPanel\SystemSettings.exe,,0,0,0,0,0,0,1,0,0,0,1,0,Goodware,goodware:Goodware
2024-10-18 12:30:00,NETWORK SERVICE\C:\Windows\System32\wbem\WmiPrvSE.exe,,1,0,0,0,0,0,1,0,0,0,2,0,Goodware,goodware:Goodware
2024-10-18 12:30:00,SYSTEM\C:\Windows\UUS\Packages\Preview\amd64\MoUsoCoreWorker.exe,,0,0,0,0,0,0,1,0,0,0,1,0,Goodware,goodware:Goodware
2024-10-18 12:30:00,End-user\C:\Users\End-user\Desktop\goodware\KoboDeluxePortable_0.5.1_Rev_2_English.paf.exe,,1,301,0,0,0,0,5,0,0,0,311,0,Goodware,goodware:Goodware
2024-10-18 12:35:00,-\C:\Windows\system32\svchost.exe,,0,0,0,0,0,0,0,0,0,0,13,0,Goodware,goodware:Goodware
2024-10-18 12:35:00,-\C:\Users\End-user\Desktop\goodware\KoboDeluxePortable_0.5.1_Rev_2_English.paf.exe,,0,0,0,0,0,0,0,0,0,0,1,0,Goodware,goodware:Goodware
2024-10-18 12:35:00,-\C:\Windows\system32\csrss.exe,,0,0,0,0,0,0,0,0,0,0,5,0,Goodware,goodware:Goodware
2024-10-18 12:35:00,End-user\C:\Users\End-user\Desktop\goodware\KoboDeluxePortable\KoboDeluxePortable.exe,,1,4,2,0,0,0,3,0,0,0,13,0,Goodware,goodware:Goodware
2024-10-18 12:35:00,-\C:\Windows\System32\svchost.exe,,0,0,0,0,0,0,0,0,0,0,3,0,Goodware,goodware:Goodware
2024-10-18 12:35:00,-\C:\Windows\Explorer.EXE,,0,0,0,0,0,0,0,0,0,0,31,0,Goodware,goodware:Goodware
2024-10-18 12:35:00,End-user\C:\Users\End-user\Desktop\goodware\KoboDeluxePortable_0.5.1_Rev_2_English.paf.exe,,0,0,4,0,0,1,0,0,0,0,6,0,Goodware,goodware:Goodware
2024-10-18 12:35:00,-\C:\Windows\system32\lsass.exe,,0,0,0,0,0,0,0,0,0,0,2,0,Goodware,goodware:Goodware
2024-10-18 12:35:00,End-user\C:\Users\End-user\Desktop\goodware\KoboDeluxePortable\App\kobo\kobodl.exe,,1,7,0,0,0,1,0,0,0,0,10,0,Goodware,goodware:Goodware
2024-10-18 12:35:00,-\C:\Users\End-user\Desktop\goodware\KoboDeluxePortable\KoboDeluxePortable.exe,,0,0,0,0,0,0,0,0,0,0,1,0,Goodware,goodware:Goodware
2024-10-18 12:35:00,NETWORK SERVICE\C:\Windows\System32\svchost.exe,,0,0,0,0,4,0,0,0,0,0,4,0,Goodware,goodware:Goodware
2024-10-18 12:35:00,SYSTEM\C:\Windows\System32\svchost.exe,,0,0,0,0,0,6,0,0,0,0,6,0,Goodware,goodware:Goodware
2024-10-18 12:35:00,SYSTEM\C:\Windows\system32\svchost.exe,,0,4,0,0,0,0,0,0,0,0,4,0,Goodware,goodware:Goodware
2024-10-18 12:35:00,End-user\C:\Users\End-user\Desktop\goodware\GoogleChromePortable_108.0.5359.99_online.paf.exe,,1,78,2,0,4,0,11,0,0,0,105,0,Goodware,goodware:Goodware
2024-10-18 12:35:00,-\C:\Windows\Sysmon.exe,,0,0,0,0,0,0,0,0,0,0,8,0,Goodware,goodware:Goodware
2024-10-18 12:35:00,-\C:\Users\End-user\Desktop\goodware\GoogleChromePortable_108.0.5359.99_online.paf.exe,,0,0,0,0,0,0,0,0,0,0,2,0,Goodware,goodware:Goodware
2024-10-18 12:35:00,End-user\C:\Users\End-user\Desktop\goodware\GoogleChromePortable\7zTemp\7z.exe,,2,109,0,0,0,0,0,0,0,0,113,0,Goodware,goodware:Goodware
2024-10-18 12:35:00,-\C:\Windows\system32\conhost.exe,,0,0,0,0,0,0,0,0,0,0,2,0,Goodware,goodware:Goodware
2024-10-18 12:40:00,End-user\C:\Users\End-user\Desktop\goodware\GoogleChromePortable\App\Chrome-bin\chrome.exe,,95,416,2,0,458,150,15,0,0,0,1549,0,Goodware,goodware:Goodware
2024-10-18 12:40:00,SYSTEM\C:\Windows\System32\svchost.exe,,0,0,0,0,0,12,2,0,0,0,15,0,Goodware,goodware:Goodware
2024-10-18 12:40:00,-\C:\Windows\system32\svchost.exe,,0,0,0,0,0,0,0,0,0,0,748,0,Goodware,goodware:Goodware
2024-10-18 12:40:00,-\C:\Users\End-user\Desktop\goodware\GoogleChromePortable_108.0.5359.99_online.paf.exe,,0,0,0,0,0,0,0,0,0,0,1,0,Goodware,goodware:Goodware
2024-10-18 12:40:00,-\C:\Windows\system32\csrss.exe,,0,0,0,0,0,0,0,0,0,0,97,0,Goodware,goodware:Goodware
2024-10-18 12:40:00,End-user\C:\Users\End-user\Desktop\goodware\GoogleChromePortable\GoogleChromePortable.exe,,1,10,0,0,0,0,4,0,0,0,17,0,Goodware,goodware:Goodware
2024-10-18 12:40:00,-\C:\Windows\Explorer.EXE,,0,0,0,0,0,0,0,0,0,0,26,0,Goodware,goodware:Goodware
2024-10-18 12:40:00,-\C:\Windows\System32\svchost.exe,,0,0,0,0,0,0,0,0,0,0,9,0,Goodware,goodware:Goodware
2024-10-18 12:40:00,-\C:\Windows\system32\lsass.exe,,0,0,0,0,0,0,0,0,0,0,5,0,Goodware,goodware:Goodware
2024-10-18 12:40:00,-\C:\Users\End-user\Desktop\goodware\GoogleChromePortable\GoogleChromePortable.exe,,0,0,0,0,0,0,0,0,0,0,2,0,Goodware,goodware:Goodware
2024-10-18 12:40:00,-\C:\Users\End-user\Desktop\goodware\GoogleChromePortable\App\Chrome-bin\chrome.exe,,0,0,0,0,0,0,0,0,0,0,563,0,Goodware,goodware:Goodware
2024-10-18 12:40:00,End-user\C:\Users\End-user\Desktop\goodware\GoogleChromePortable_108.0.5359.99_online.paf.exe,,0,0,9,0,0,1,0,0,0,0,11,0,Goodware,goodware:Goodware
2024-10-18 12:40:00,NETWORK SERVICE\C:\Windows\System32\wbem\WmiPrvSE.exe,,1,0,0,0,0,0,1,0,0,0,2,0,Goodware,goodware:Goodware
2024-10-18 12:40:00,-\C:\Windows\Sysmon.exe,,0,0,0,0,0,0,0,0,0,0,36,0,Goodware,goodware:Goodware
2024-10-18 12:40:00,End-user\C:\Users\End-user\AppData\Local\Temp\7148_1230881396\ChromeRecovery.exe,,1,0,0,0,0,0,1,0,0,0,3,0,Goodware,goodware:Goodware
2024-10-18 12:40:00,End-user\C:\Users\End-user\AppData\Local\Temp\7148_1230881396\GoogleUpdateSetup.exe,,1,8,68,0,0,0,1,0,0,0,147,0,Goodware,goodware:Goodware
2024-10-18 12:40:00,-\C:\Users\End-user\AppData\Local\Temp\7148_1230881396\ChromeRecovery.exe,,0,0,0,0,0,0,0,0,0,0,2,0,Goodware,goodware:Goodware
2024-10-18 12:40:00,End-user\C:\Users\End-user\AppData\Local\Temp\GUM5A07.tmp\GoogleUpdate.exe,,1,8,0,0,0,1,3,0,0,0,14,0,Goodware,goodware:Goodware
2024-10-18 12:40:00,-\C:\Users\End-user\AppData\Local\Temp\7148_1230881396\GoogleUpdateSetup.exe,,0,0,0,0,0,0,0,0,0,0,1,0,Goodware,goodware:Goodware
2024-10-18 12:40:00,SYSTEM\C:\Windows\system32\svchost.exe,,0,5,0,0,0,11,0,0,0,0,16,0,Goodware,goodware:Goodware
2024-10-18 12:40:00,End-user\C:\Users\End-user\AppData\Local\Google\Update\GoogleUpdate.exe,,5,2,1,0,1,0,16,0,0,0,30,0,Goodware,goodware:Goodware
2024-10-18 12:40:00,End-user\C:\Users\End-user\AppData\Local\Google\Update\1.3.36.371\GoogleUpdateComRegisterShell64.exe,,3,0,0,0,0,0,6,0,0,0,12,0,Goodware,goodware:Goodware
2024-10-18 12:40:00,End-user\C:\Windows\system32\sihost.exe,,0,0,0,0,0,2,0,0,0,0,2,0,Goodware,goodware:Goodware
2024-10-18 12:40:00,End-user\C:\Users\End-user\AppData\Local\Google\Update\Install\{999E2415-6570-4428-B875-657CB7E5355C}\UpdaterSetup.exe,,1,2,4,0,0,1,1,0,0,0,11,0,Goodware,goodware:Goodware
2024-10-18 12:40:00,End-user\C:\Users\End-user\AppData\Local\Temp\Google2756_47656136\bin\updater.exe,,2,2,0,0,0,1,3,0,0,0,11,0,Goodware,goodware:Goodware
2024-10-18 12:40:00,-\C:\Users\End-user\AppData\Local\Google\Update\Install\{999E2415-6570-4428-B875-657CB7E5355C}\UpdaterSetup.exe,,0,0,0,0,0,0,0,0,0,0,1,0,Goodware,goodware:Goodware
2024-10-18 12:40:00,-\C:\Users\End-user\AppData\Local\Temp\Google2756_47656136\bin\updater.exe,,0,0,0,0,0,0,0,0,0,0,1,0,Goodware,goodware:Goodware
2024-10-18 12:40:00,End-user\C:\Users\End-user\Desktop\goodware\GoogleChromePortable\Data\profile\SwReporter\112.300.200\software_reporter_tool.exe,,1,0,0,0,0,0,0,0,0,0,2,0,Goodware,goodware:Goodware
2024-10-18 12:45:00,End-user\C:\Users\End-user\Desktop\goodware\GoogleChromePortable\App\Chrome-bin\chrome.exe,,27,109,0,0,105,53,0,0,0,0,411,0,Goodware,goodware:Goodware
2024-10-18 12:45:00,-\C:\Windows\Explorer.EXE,,0,0,0,0,0,0,0,0,0,0,80,0,Goodware,goodware:Goodware
2024-10-18 12:45:00,-\C:\Windows\system32\svchost.exe,,0,0,0,0,0,0,0,0,0,0,448,0,Goodware,goodware:Goodware
2024-10-18 12:45:00,-\C:\Users\End-user\Desktop\goodware\GoogleChromePortable\App\Chrome-bin\chrome.exe,,0,0,0,0,0,0,0,0,0,0,131,0,Goodware,goodware:Goodware
2024-10-18 12:45:00,-\C:\Windows\system32\csrss.exe,,0,0,0,0,0,0,0,0,0,0,34,0,Goodware,goodware:Goodware
2024-10-18 12:45:00,SYSTEM\C:\Windows\System32\svchost.exe,,0,0,0,0,0,12,0,0,0,0,14,0,Goodware,goodware:Goodware
2024-10-18 12:45:00,LOCAL SERVICE\C:\Windows\System32\svchost.exe,,1,0,0,0,0,0,0,0,0,0,1,0,Goodware,goodware:Goodware
2024-10-18 12:45:00,-\C:\Windows\Sysmon.exe,,0,0,0,0,0,0,0,0,0,0,11,0,Goodware,goodware:Goodware
2024-10-18 12:45:00,End-user\C:\Users\End-user\AppData\Local\Google\Update\GoogleUpdate.exe,,3,0,0,0,0,0,8,0,0,0,14,0,Goodware,goodware:Goodware
2024-10-18 12:45:00,End-user\C:\Users\End-user\AppData\Local\Google\Update\1.3.36.371\GoogleCrashHandler.exe,,1,0,0,0,0,0,1,0,0,0,3,0,Goodware,goodware:Goodware
2024-10-18 12:45:00,End-user\C:\Users\End-user\AppData\Local\Google\Update\1.3.36.371\GoogleCrashHandler64.exe,,1,0,0,0,0,0,1,0,0,0,3,0,Goodware,goodware:Goodware
2024-10-18 12:45:00,End-user\C:\Users\End-user\AppData\Local\Google\GoogleUpdater\131.0.6776.0\updater.exe,,6,7,71,0,2,1,7,0,0,0,104,0,Goodware,goodware:Goodware
2024-10-18 12:45:00,End-user\C:\Users\End-user\Desktop\goodware\zmPortable_6.2.3_online.paf.exe,,1,200,10,0,2,1,11,0,0,0,236,0,Goodware,goodware:Goodware
2024-10-18 12:45:00,-\C:\Users\End-user\AppData\Local\Google\GoogleUpdater\131.0.6776.0\updater.exe,,0,0,0,0,0,0,0,0,0,0,4,0,Goodware,goodware:Goodware
2024-10-18 12:45:00,SYSTEM\C:\Windows\system32\svchost.exe,,0,0,0,0,0,3,0,0,0,0,3,0,Goodware,goodware:Goodware
2024-10-18 12:45:00,End-user\C:\Windows\System32\smartscreen.exe,,0,0,0,0,0,0,1,0,0,0,1,0,Goodware,goodware:Goodware
2024-10-18 12:45:00,-\C:\Windows\System32\svchost.exe,,0,0,0,0,0,0,0,0,0,0,5,0,Goodware,goodware:Goodware
2024-10-18 12:45:00,End-user\C:\Users\End-user\Desktop\goodware\zmPortable\App\Zoom\Zoom.exe,,3,0,0,0,2,4,9,0,0,0,28,0,Goodware,goodware:Goodware
2024-10-18 12:45:00,End-user\C:\Users\End-user\AppData\Local\Temp\chrome_Unpacker_BeginUnzipping12452_798800191\129.0.6668.101_chrome_installer.exe,,1,2,2,0,0,0,1,0,0,0,8,0,Goodware,goodware:Goodware
2024-10-18 12:45:00,-\C:\Windows\system32\lsass.exe,,0,0,0,0,0,0,0,0,0,0,5,0,Goodware,goodware:Goodware
2024-10-18 12:45:00,End-user\C:\Users\End-user\AppData\Local\Temp\chrome_Unpacker_BeginUnzipping12452_798800191\CR_543D1.tmp\setup.exe,,4,9,2,0,0,2,8,0,0,0,31,0,Goodware,goodware:Goodware
2024-10-18 12:45:00,-\C:\Users\End-user\AppData\Local\Temp\chrome_Unpacker_BeginUnzipping12452_798800191\129.0.6668.101_chrome_installer.exe,,0,0,0,0,0,0,0,0,0,0,1,0,Goodware,goodware:Goodware
2024-10-18 12:45:00,-\C:\Users\End-user\AppData\Local\Temp\chrome_Unpacker_BeginUnzipping12452_798800191\CR_543D1.tmp\setup.exe,,0,0,0,0,0,0,0,0,0,0,10,0,Goodware,goodware:Goodware
2024-10-18 12:45:00,End-user\<unknown process>,,0,0,0,0,0,0,0,0,0,0,1,0,Goodware,goodware:Goodware
2024-10-18 12:45:00,-\C:\Users\End-user\Desktop\goodware\zmPortable_6.2.3_online.paf.exe,,0,0,0,0,0,0,0,0,0,0,3,0,Goodware,goodware:Goodware
2024-10-18 12:45:00,End-user\C:\Users\End-user\Desktop\goodware\zmPortable\7zTemp\7z.exe,,2,242,0,0,0,0,0,0,0,0,246,0,Goodware,goodware:Goodware
2024-10-18 12:45:00,-\C:\Windows\system32\conhost.exe,,0,0,0,0,0,0,0,0,0,0,2,0,Goodware,goodware:Goodware
2024-10-18 12:45:00,SYSTEM\C:\Program Files (x86)\BraveSoftware\Update\BraveUpdate.exe,,1,6,2,0,0,0,1,0,0,0,11,0,Goodware,goodware:Goodware
2024-10-18 12:45:00,End-user\C:\Users\End-user\Desktop\goodware\zmPortable\zmPortable.exe,,1,7,4,0,0,1,4,0,0,0,21,0,Goodware,goodware:Goodware
2024-10-18 12:45:00,End-user\C:\Program Files (x86)\Microsoft\Edge\Application\msedge.exe,,0,0,0,0,4,11,3,0,0,0,19,0,Goodware,goodware:Goodware
2024-10-18 12:45:00,-\C:\Users\End-user\Desktop\goodware\zmPortable\zmPortable.exe,,0,0,0,0,0,0,0,0,0,0,2,0,Goodware,goodware:Goodware
2024-10-18 12:45:00,NETWORK SERVICE\C:\Windows\System32\wbem\WmiPrvSE.exe,,1,0,0,0,0,0,1,0,0,0,2,0,Goodware,goodware:Goodware
2024-10-18 12:45:00,-\C:\Users\End-user\Desktop\goodware\zmPortable\App\Zoom\Zoom.exe,,0,0,0,0,0,0,0,0,0,0,4,0,Goodware,goodware:Goodware
2024-10-18 12:45:00,NETWORK SERVICE\C:\Windows\SysWOW64\wbem\WmiPrvSE.exe,,1,0,0,0,0,0,3,0,0,0,4,0,Goodware,goodware:Goodware
2024-10-18 12:45:00,-\C:\Program Files (x86)\BraveSoftware\Update\BraveUpdate.exe,,0,0,0,0,0,0,0,0,0,0,39,0,Goodware,goodware:Goodware
2024-10-18 12:45:00,End-user\C:\Windows\Explorer.EXE,,0,0,1,0,0,0,0,0,0,0,1,0,Goodware,goodware:Goodware
2024-10-18 12:45:00,End-user\C:\Windows\System32\OpenWith.exe,,0,0,0,0,0,0,1,0,0,0,1,0,Goodware,goodware:Goodware
2024-10-18 12:45:00,End-user\C:\Windows\system32\OpenWith.exe,,0,0,0,0,0,2,0,0,0,0,2,0,Goodware,goodware:Goodware
2024-10-18 12:45:00,-\C:\Program Files (x86)\Microsoft\Edge\Application\msedge.exe,,0,0,0,0,0,0,0,0,0,0,3,0,Goodware,goodware:Goodware
2024-10-18 12:45:00,SYSTEM\<unknown process>,,0,0,0,0,0,0,0,0,0,0,1,0,Goodware,goodware:Goodware
2024-10-18 12:45:00,SYSTEM\C:\Program Files\BraveSoftware\Brave-Browser\Application\129.1.70.126\Installer\setup.exe,,1,1,0,0,0,0,2,0,0,0,5,0,Goodware,goodware:Goodware
2024-10-18 12:45:00,SYSTEM\C:\Program Files (x86)\BraveSoftware\Update\Install\{41A69D82-E68A-48F2-A10E-3C5768D81A5D}\brave_installer-delta-x64.exe,,0,0,1,0,0,0,0,0,0,0,1,0,Goodware,goodware:Goodware
2024-10-18 12:45:00,SYSTEM\C:\Program Files (x86)\BraveSoftware\Update\Install\{41A69D82-E68A-48F2-A10E-3C5768D81A5D}\CR_DD065.tmp\setup.exe,,1,0,0,0,0,0,2,0,0,0,4,0,Goodware,goodware:Goodware
2024-10-18 12:50:00,End-user\C:\Users\End-user\Desktop\goodware\GoogleChromePortable\App\Chrome-bin\chrome.exe,,0,3,0,0,7,1,0,0,0,0,12,0,Goodware,goodware:Goodware
2024-10-18 12:50:00,End-user\C:\Program Files (x86)\Microsoft\Edge\Application\msedge.exe,,0,0,0,0,0,2,0,0,0,0,3,0,Goodware,goodware:Goodware
2024-10-18 12:50:00,SYSTEM\C:\Program Files (x86)\BraveSoftware\Update\Install\{41A69D82-E68A-48F2-A10E-3C5768D81A5D}\CR_DD065.tmp\setup.exe,,1,13,6,0,0,9,2,0,0,0,32,0,Goodware,goodware:Goodware
2024-10-18 12:50:00,LOCAL SERVICE\C:\Windows\system32\svchost.exe,,0,0,0,0,0,6,0,0,0,0,6,0,Goodware,goodware:Goodware
2024-10-18 12:50:00,SYSTEM\C:\Windows\system32\services.exe,,0,0,0,0,0,1,0,0,0,0,1,0,Goodware,goodware:Goodware
2024-10-18 12:50:00,LOCAL SERVICE\C:\Windows\System32\svchost.exe,,0,0,0,0,0,4,0,0,0,0,4,0,Goodware,goodware:Goodware
2024-10-18 12:50:00,SYSTEM\C:\Program Files (x86)\BraveSoftware\Update\Install\{41A69D82-E68A-48F2-A10E-3C5768D81A5D}\brave_installer-delta-x64.exe,,0,0,2,0,0,0,0,0,0,0,2,0,Goodware,goodware:Goodware
2024-10-18 12:50:00,SYSTEM\C:\Windows\system32\svchost.exe,,0,0,0,0,0,1,0,0,0,0,1,0,Goodware,goodware:Goodware
2024-10-18 12:50:00,SYSTEM\C:\Program Files (x86)\BraveSoftware\Update\BraveUpdate.exe,,0,2,1,0,0,0,0,0,0,0,3,0,Goodware,goodware:Goodware
2024-10-18 12:50:00,-\C:\Program Files (x86)\BraveSoftware\Update\BraveUpdate.exe,,0,0,0,0,0,0,0,0,0,0,78,0,Goodware,goodware:Goodware
2024-10-18 12:50:00,SYSTEM\C:\Windows\System32\svchost.exe,,0,0,0,0,0,18,0,0,0,0,18,0,Goodware,goodware:Goodware
2024-10-18 12:50:00,End-user\C:\Windows\System32\RuntimeBroker.exe,,0,0,0,0,0,0,1,0,0,0,1,0,Goodware,goodware:Goodware
2024-10-18 12:50:00,User\C:\Windows\system32\DllHost.exe,,0,0,0,0,0,1,0,0,0,0,1,0,Goodware,goodware:Goodware
2024-10-18 12:50:00,-\C:\Windows\system32\svchost.exe,,0,0,0,0,0,0,0,0,0,0,106,0,Goodware,goodware:Goodware
2024-10-18 12:50:00,NETWORK SERVICE\C:\Windows\System32\svchost.exe,,0,0,0,0,4,0,0,0,0,0,4,0,Goodware,goodware:Goodware
2024-10-18 12:50:00,End-user\C:\Windows\system32\sihost.exe,,0,0,0,0,0,1,0,0,0,0,1,0,Goodware,goodware:Goodware
2024-10-18 12:55:00,End-user\C:\Users\End-user\Desktop\goodware\GoogleChromePortable\App\Chrome-bin\chrome.exe,,0,0,0,0,7,0,0,0,0,0,7,0,Goodware,goodware:Goodware
2024-10-18 12:55:00,NETWORK SERVICE\C:\Windows\System32\svchost.exe,,0,3,0,0,2,0,0,0,0,0,5,0,Goodware,goodware:Goodware
2024-10-18 12:55:00,-\C:\Windows\system32\svchost.exe,,0,0,0,0,0,0,0,0,0,0,279,0,Goodware,goodware:Goodware
2024-10-18 12:55:00,SYSTEM\C:\Windows\system32\svchost.exe,,0,26,6,0,0,8,0,0,0,0,40,0,Goodware,goodware:Goodware
2024-10-18 12:55:00,SYSTEM\C:\Windows\System32\svchost.exe,,1,0,0,0,0,12,11,0,0,0,24,0,Goodware,goodware:Goodware
2024-10-18 12:55:00,SYSTEM\C:\Windows\UUS\Packages\Preview\amd64\MoUsoCoreWorker.exe,,0,0,0,0,0,0,1,0,0,0,1,0,Goodware,goodware:Goodware
2024-10-18 12:55:00,SYSTEM\C:\Windows\System32\provtool.exe,,0,0,0,0,0,0,3,0,0,0,3,0,Goodware,goodware:Goodware
2024-10-18 12:55:00,LOCAL SERVICE\C:\Windows\System32\wbem\WmiPrvSE.exe,,1,0,0,0,0,0,1,0,0,0,2,0,Goodware,goodware:Goodware
2024-10-18 12:55:00,SYSTEM\C:\Windows\System32\rundll32.exe,,3,0,0,0,0,0,0,0,0,0,3,0,Goodware,goodware:Goodware
2024-10-18 12:55:00,SYSTEM\C:\Windows\System32\tzsync.exe,,0,0,0,0,0,0,5,0,0,0,5,0,Goodware,goodware:Goodware
2024-10-18 12:55:00,LOCAL SERVICE\C:\Windows\System32\sc.exe,,1,0,0,0,0,0,0,0,0,0,1,0,Goodware,goodware:Goodware
2024-10-18 12:55:00,SYSTEM\C:\Windows\System32\taskhostw.exe,,0,0,0,0,0,0,6,0,0,0,6,0,Goodware,goodware:Goodware
2024-10-18 12:55:00,LOCAL SERVICE\C:\Windows\system32\svchost.exe,,0,0,0,0,0,0,0,0,0,0,1,0,Goodware,goodware:Goodware
2024-10-18 12:55:00,-\C:\Windows\system32\taskhostw.exe,,0,0,0,0,0,0,0,0,0,0,2,0,Goodware,goodware:Goodware
2024-10-18 12:55:00,SYSTEM\C:\Windows\Microsoft.NET\Framework64\v4.0.30319\NGenTask.exe,,0,2,0,0,0,0,0,0,0,0,2,0,Goodware,goodware:Goodware
2024-10-18 12:55:00,-\C:\Windows\Microsoft.NET\Framework64\v4.0.30319\NGenTask.exe,,0,0,0,0,0,0,0,0,0,0,5,0,Goodware,goodware:Goodware
2024-10-18 12:55:00,SYSTEM\C:\Windows\Microsoft.NET\Framework64\v4.0.30319\ngen.exe,,0,6,0,0,0,0,1,0,0,0,7,0,Goodware,goodware:Goodware
2024-10-18 12:55:00,SYSTEM\System,,0,3,0,0,0,0,0,0,0,0,3,0,Goodware,goodware:Goodware
2024-10-18 12:55:00,SYSTEM\C:\Windows\Microsoft.NET\Framework64\v4.0.30319\ngentask.exe,,0,0,0,0,0,0,3,0,0,0,3,0,Goodware,goodware:Goodware
2024-10-18 12:55:00,SYSTEM\C:\Windows\Microsoft.NET\Framework\v4.0.30319\NGenTask.exe,,0,2,0,0,0,0,0,0,0,0,2,0,Goodware,goodware:Goodware
2024-10-18 12:55:00,-\C:\Windows\Microsoft.NET\Framework\v4.0.30319\NGenTask.exe,,0,0,0,0,0,0,0,0,0,0,5,0,Goodware,goodware:Goodware
2024-10-18 12:55:00,SYSTEM\C:\Windows\Microsoft.NET\Framework\v4.0.30319\ngen.exe,,0,6,0,0,0,0,1,0,0,0,7,0,Goodware,goodware:Goodware
2024-10-18 12:55:00,SYSTEM\C:\Windows\Microsoft.NET\Framework\v4.0.30319\ngentask.exe,,0,0,0,0,0,0,3,0,0,0,3,0,Goodware,goodware:Goodware
2024-10-18 12:55:00,-\C:\Windows\Explorer.EXE,,0,0,0,0,0,0,0,0,0,0,31,0,Goodware,goodware:Goodware
2024-10-18 12:55:00,End-user\C:\Windows\system32\taskhostw.exe,,0,0,44,0,0,0,0,0,0,0,44,0,Goodware,goodware:Goodware
2024-10-18 12:55:00,End-user\C:\Program Files (x86)\Microsoft\Edge\Application\msedge.exe,,1,0,1,0,0,53,6,0,0,0,69,0,Goodware,goodware:Goodware
2024-10-18 12:55:00,LOCAL SERVICE\C:\Windows\System32\svchost.exe,,0,18,0,0,0,0,0,0,0,0,18,0,Goodware,goodware:Goodware
2024-10-18 12:55:00,SYSTEM\C:\Windows\System32\SrTasks.exe,,0,0,0,0,0,0,1,0,0,0,1,0,Goodware,goodware:Goodware
2024-10-18 12:55:00,SYSTEM\C:\Windows\system32\srtasks.exe,,0,1,0,0,0,20,0,0,0,0,21,0,Goodware,goodware:Goodware
2024-10-18 12:55:00,SYSTEM\C:\Windows\System32\VSSVC.exe,,0,0,0,0,0,0,2,0,0,0,2,0,Goodware,goodware:Goodware
2024-10-18 12:55:00,NETWORK SERVICE\C:\Windows\System32\sppsvc.exe,,0,0,0,0,0,0,1,0,0,0,1,0,Goodware,goodware:Goodware
2024-10-18 12:55:00,End-user\C:\Users\End-user\Desktop\goodware\gVimPortable_9.0.paf.exe,,1,3870,0,0,0,0,5,0,0,0,3880,0,Goodware,goodware:Goodware
2024-10-18 12:55:00,-\C:\Windows\system32\csrss.exe,,0,0,0,0,0,0,0,0,0,0,1,0,Goodware,goodware:Goodware
2024-10-18 12:55:00,-\C:\Windows\System32\svchost.exe,,0,0,0,0,0,0,0,0,0,0,1,0,Goodware,goodware:Goodware
2024-10-18 12:55:00,-\C:\Program Files (x86)\Microsoft\Edge\Application\msedge.exe,,0,0,0,0,0,0,0,0,0,0,39,0,Goodware,goodware:Goodware
2024-10-18 13:00:00,End-user\C:\Users\End-user\Desktop\goodware\GoogleChromePortable\App\Chrome-bin\chrome.exe,,0,10,0,0,3,37,0,0,0,0,87,0,Goodware,goodware:Goodware
2024-10-18 13:00:00,-\C:\Windows\Explorer.EXE,,0,0,0,0,0,0,0,0,0,0,140,0,Goodware,goodware:Goodware
2024-10-18 13:00:00,-\C:\Windows\system32\svchost.exe,,0,0,0,0,0,0,0,0,0,0,17,0,Goodware,goodware:Goodware
2024-10-18 13:00:00,End-user\C:\Users\End-user\Desktop\goodware\gVimPortable\gVimPortable.exe,,1,16,2,0,0,1,3,0,0,0,26,0,Goodware,goodware:Goodware
2024-10-18 13:00:00,-\C:\Users\End-user\Desktop\goodware\gVimPortable_9.0.paf.exe,,0,0,0,0,0,0,0,0,0,0,1,0,Goodware,goodware:Goodware
2024-10-18 13:00:00,-\C:\Windows\system32\csrss.exe,,0,0,0,0,0,0,0,0,0,0,3,0,Goodware,goodware:Goodware
2024-10-18 13:00:00,-\C:\Windows\System32\svchost.exe,,0,0,0,0,0,0,0,0,0,0,2,0,Goodware,goodware:Goodware
2024-10-18 13:00:00,End-user\C:\Users\End-user\Desktop\goodware\gVimPortable_9.0.paf.exe,,0,0,4,0,0,1,0,0,0,0,6,0,Goodware,goodware:Goodware
2024-10-18 13:00:00,-\C:\Windows\system32\lsass.exe,,0,0,0,0,0,0,0,0,0,0,2,0,Goodware,goodware:Goodware
2024-10-18 13:00:00,End-user\C:\Users\End-user\Desktop\goodware\gVimPortable\App\vim\gvim.exe,,1,0,0,0,0,1,2,0,0,0,5,0,Goodware,goodware:Goodware
2024-10-18 13:00:00,-\C:\Users\End-user\Desktop\goodware\gVimPortable\gVimPortable.exe,,0,0,0,0,0,0,0,0,0,0,1,0,Goodware,goodware:Goodware
2024-10-18 13:00:00,End-user\C:\Program Files (x86)\Microsoft\Edge\Application\msedge.exe,,0,0,0,0,0,9,0,0,0,0,10,0,Goodware,goodware:Goodware
2024-10-18 13:00:00,SYSTEM\C:\ProgramData\Microsoft\Windows Defender\Platform\4.18.24080.9-0\MpDefenderCoreService.exe,,0,0,0,0,4,0,3,0,0,0,9,0,Goodware,goodware:Goodware
2024-10-18 13:00:00,End-user\C:\Windows\Explorer.EXE,,0,0,2,0,0,2,0,0,0,0,4,0,Goodware,goodware:Goodware
2024-10-18 13:00:00,SYSTEM\C:\Windows\System32\svchost.exe,,7,0,0,0,0,6,9,0,0,0,23,0,Goodware,goodware:Goodware
2024-10-18 13:00:00,User\C:\Program Files\WindowsApps\MicrosoftWindows.Client.WebExperience_524.24900.130.0_x64__cw5n1h2txyewy\Dashboard\Widgets.exe,,0,0,0,0,0,1,1,0,0,0,2,0,Goodware,goodware:Goodware
2024-10-18 13:00:00,User\C:\Program Files (x86)\Microsoft\EdgeWebView\Application\129.0.2792.89\msedgewebview2.exe,,0,0,0,0,0,7,0,0,0,0,7,0,Goodware,goodware:Goodware
2024-10-18 13:00:00,SYSTEM\C:\Windows\System32\LogonUI.exe,,0,0,0,0,0,0,2,0,0,0,2,0,Goodware,goodware:Goodware
2024-10-18 13:00:00,User\C:\Windows\system32\DllHost.exe,,0,0,1,0,0,5,0,0,0,0,6,0,Goodware,goodware:Goodware
2024-10-18 13:00:00,End-user\C:\Windows\System32\VBoxTray.exe,,0,0,0,0,0,1,0,0,0,0,1,0,Goodware,goodware:Goodware
2024-10-18 13:00:00,End-user\C:\Program Files\WindowsApps\MicrosoftWindows.Client.WebExperience_524.24900.130.0_x64__cw5n1h2txyewy\Dashboard\Widgets.exe,,0,0,0,0,0,1,0,0,0,0,1,0,Goodware,goodware:Goodware
2024-10-18 13:00:00,End-user\C:\Program Files\BraveSoftware\Brave-Browser\Application\brave.exe,,0,0,0,0,0,8,0,0,0,0,8,0,Goodware,goodware:Goodware
2024-10-18 13:00:00,User\C:\Users\User\AppData\Local\Microsoft\OneDrive\OneDrive.exe,,1,0,0,0,0,17,64,0,0,0,84,0,Goodware,goodware:Goodware
2024-10-18 13:00:00,End-user\C:\Program Files (x86)\Microsoft\EdgeWebView\Application\129.0.2792.89\msedgewebview2.exe,,0,0,0,0,0,7,0,0,0,0,7,0,Goodware,goodware:Goodware
2024-10-18 13:00:00,User\C:\Windows\SystemApps\Microsoft.Windows.StartMenuExperienceHost_cw5n1h2txyewy\StartMenuExperienceHost.exe,,0,0,0,0,0,1,1,0,0,0,2,0,Goodware,goodware:Goodware
2024-10-18 13:00:00,User\C:\Windows\SystemApps\ShellExperienceHost_cw5n1h2txyewy\ShellExperienceHost.exe,,0,0,0,0,0,1,0,0,0,0,1,0,Goodware,goodware:Goodware
2024-10-18 13:00:00,User\C:\Windows\SystemApps\MicrosoftWindows.Client.CBS_cw5n1h2txyewy\SearchHost.exe,,0,1,9,0,0,1,1,0,0,0,12,0,Goodware,goodware:Goodware
2024-10-18 13:00:00,User\C:\Windows\Explorer.EXE,,0,0,0,0,0,1,0,0,0,0,1,0,Goodware,goodware:Goodware
2024-10-18 13:00:00,User\C:\Windows\System32\RuntimeBroker.exe,,0,0,0,0,0,2,0,0,0,0,2,0,Goodware,goodware:Goodware
2024-10-18 13:00:00,SYSTEM\C:\Windows\system32\services.exe,,0,0,0,0,0,410,0,0,0,0,412,0,Goodware,goodware:Goodware
2024-10-18 13:00:00,SYSTEM\C:\Windows\system32\svchost.exe,,0,6,1,0,0,35,0,0,0,0,47,0,Goodware,goodware:Goodware
2024-10-18 13:00:00,NETWORK SERVICE\C:\Windows\System32\svchost.exe,,0,3,0,0,0,5,1,0,0,0,9,0,Goodware,goodware:Goodware
2024-10-18 13:00:00,DWM-1\C:\Windows\system32\dwm.exe,,0,0,0,0,0,1,0,0,0,0,1,0,Goodware,goodware:Goodware
2024-10-18 13:00:00,End-user\C:\Users\End-user\Desktop\goodware\GoogleChromePortable\GoogleChromePortable.exe,,0,0,3,0,0,0,1,0,0,0,6,0,Goodware,goodware:Goodware
2024-10-18 13:00:00,SYSTEM\C:\Windows\system32\csrss.exe,,0,0,0,0,0,3,0,0,0,0,3,0,Goodware,goodware:Goodware
2024-10-18 13:00:00,End-user\C:\Users\End-user\AppData\Local\Microsoft\OneDrive\24.186.0915.0004\FileCoAuth.exe,,0,0,0,0,0,0,0,0,0,0,1,0,Goodware,goodware:Goodware
2024-10-18 13:00:00,End-user\C:\Users\End-user\AppData\Local\Microsoft\OneDrive\OneDrive.exe,,0,0,0,0,0,0,0,0,0,0,1,0,Goodware,goodware:Goodware
2024-10-18 13:00:00,End-user\C:\Windows\SystemApps\ShellExperienceHost_cw5n1h2txyewy\ShellExperienceHost.exe,,0,0,0,0,0,1,0,0,0,0,1,0,Goodware,goodware:Goodware
2024-10-18 13:00:00,End-user\C:\Windows\ImmersiveControlPanel\SystemSettings.exe,,0,0,0,0,0,1,0,0,0,0,1,0,Goodware,goodware:Goodware
2024-10-18 13:00:00,End-user\C:\Windows\SystemApps\Microsoft.Windows.StartMenuExperienceHost_cw5n1h2txyewy\StartMenuExperienceHost.exe,,0,0,0,0,0,1,0,0,0,0,1,0,Goodware,goodware:Goodware
2024-10-18 13:00:00,End-user\C:\Windows\SystemApps\MicrosoftWindows.Client.CBS_cw5n1h2txyewy\SearchHost.exe,,0,0,0,0,0,1,0,0,0,0,1,0,Goodware,goodware:Goodware
2024-10-18 13:00:00,End-user\C:\Windows\system32\ApplicationFrameHost.exe,,0,0,0,0,0,1,0,0,0,0,1,0,Goodware,goodware:Goodware
2024-10-18 13:00:00,End-user\C:\Windows\System32\RuntimeBroker.exe,,0,0,0,0,0,3,0,0,0,0,3,0,Goodware,goodware:Goodware
2024-10-18 13:00:00,LOCAL SERVICE\C:\Windows\System32\svchost.exe,,18,7,0,0,0,7,1,0,0,0,36,0,Goodware,goodware:Goodware
2024-10-18 13:00:00,LOCAL SERVICE\C:\Windows\system32\svchost.exe,,0,1,0,0,0,14,0,0,0,0,15,0,Goodware,goodware:Goodware
2024-10-18 13:00:00,SYSTEM\C:\ProgramData\Microsoft\Windows Defender\Platform\4.18.24080.9-0\MsMpEng.exe,,0,0,0,0,0,9,8,0,0,0,17,0,Goodware,goodware:Goodware
2024-10-18 13:00:00,-\-,,0,0,0,0,0,0,0,0,0,0,6,0,Goodware,goodware:Goodware
2024-10-18 13:00:00,SYSTEM\System,,0,19,0,0,0,0,0,0,0,0,19,0,Goodware,goodware:Goodware
2024-10-18 13:00:00,SYSTEM\C:\Windows\System32\smss.exe,,0,0,0,0,0,9,0,0,0,0,9,0,Goodware,goodware:Goodware
2024-10-18 13:00:00,SYSTEM\C:\Windows\System32\csrss.exe,,2,0,0,0,0,0,0,0,0,0,2,0,Goodware,goodware:Goodware
2024-10-18 13:00:00,SYSTEM\C:\Windows\system32\wininit.exe,,0,0,0,0,0,4,0,0,0,0,6,0,Goodware,goodware:Goodware
2024-10-18 13:00:00,-\C:\Windows\system32\wininit.exe,,0,0,0,0,0,0,0,0,0,0,1,0,Goodware,goodware:Goodware
2024-10-18 13:00:00,SYSTEM\C:\Windows\System32\lsass.exe,,1,0,0,0,0,0,0,0,0,0,1,0,Goodware,goodware:Goodware
2024-10-18 13:00:00,SYSTEM\C:\Windows\system32\lsass.exe,,0,1,0,0,0,3,0,0,0,0,5,0,Goodware,goodware:Goodware
2024-10-18 13:00:00,NETWORK SERVICE\C:\Windows\system32\svchost.exe,,0,0,0,0,0,2,0,0,0,0,5,0,Goodware,goodware:Goodware
2024-10-18 13:00:00,SYSTEM\C:\Windows\system32\winlogon.exe,,0,2,0,0,0,1,0,0,0,0,3,0,Goodware,goodware:Goodware
2024-10-18 13:00:00,SYSTEM\C:\Windows\System32\spoolsv.exe,,1,0,0,0,0,5,1,0,0,0,11,0,Goodware,goodware:Goodware
2024-10-18 13:00:00,SYSTEM\C:\Windows\Sysmon.exe,,0,0,0,0,0,0,2,0,0,0,2,0,Goodware,goodware:Goodware
2024-10-18 13:00:00,NETWORK SERVICE\C:\Windows\System32\wbem\WmiPrvSE.exe,,1,0,0,0,0,0,1,0,0,0,2,0,Goodware,goodware:Goodware
2024-10-18 13:00:00,SYSTEM\C:\Windows\System32\taskhostw.exe,,0,0,0,0,0,0,2,0,0,0,2,0,Goodware,goodware:Goodware
2024-10-18 13:00:00,SYSTEM\C:\Windows\System32\wbem\WmiPrvSE.exe,,1,0,0,0,0,0,1,0,0,0,2,0,Goodware,goodware:Goodware
2024-10-18 13:00:00,SYSTEM\C:\Windows\System32\wevtutil.exe,,12,0,0,0,0,0,0,0,0,0,12,0,Goodware,goodware:Goodware
2024-10-18 13:00:00,SYSTEM\C:\Windows\System32\sdbinst.exe,,1,0,0,0,0,0,0,0,0,0,1,0,Goodware,goodware:Goodware
2024-10-18 13:00:00,User\C:\Windows\System32\svchost.exe,,2,0,0,0,0,0,0,0,0,0,2,0,Goodware,goodware:Goodware
2024-10-18 13:00:00,SYSTEM\C:\Program Files (x86)\Microsoft\EdgeUpdate\MicrosoftEdgeUpdate.exe,,1,0,0,0,0,0,2,0,0,0,3,0,Goodware,goodware:Goodware
2024-10-18 13:00:00,SYSTEM\C:\Windows\system32\wevtutil.exe,,0,0,0,0,0,16,0,0,0,0,16,0,Goodware,goodware:Goodware
2024-10-18 13:00:00,User\C:\Windows\system32\userinit.exe,,0,0,0,0,0,1,0,0,0,0,1,0,Goodware,goodware:Goodware
2024-10-18 13:00:00,NETWORK SERVICE\C:\Windows\system32\SppExtComObj.exe,,0,0,0,0,0,0,0,0,0,0,1,0,Goodware,goodware:Goodware
2024-10-18 13:00:00,NETWORK SERVICE\C:\Windows\system32\sppsvc.exe,,0,5,0,0,0,0,0,0,0,0,5,0,Goodware,goodware:Goodware
2024-10-18 13:00:00,User\C:\Windows\explorer.exe,,0,0,0,0,0,0,2,0,0,0,2,0,Goodware,goodware:Goodware
2024-10-18 13:00:00,NETWORK SERVICE\C:\Windows\System32\SppExtComObj.Exe,,0,0,0,0,0,0,0,0,0,0,1,0,Goodware,goodware:Goodware
2024-10-18 13:00:00,-\C:\Windows\system32\sppsvc.exe,,0,0,0,0,0,0,0,0,0,0,1,0,Goodware,goodware:Goodware
2024-10-18 13:00:00,User\C:\Program Files\WindowsApps\Microsoft.WidgetsPlatformRuntime_1.4.0.0_x64__8wekyb3d8bbwe\WidgetService\WidgetService.exe,,0,7,0,0,0,0,0,0,0,0,7,0,Goodware,goodware:Goodware
2024-10-18 13:00:00,SYSTEM\C:\Windows\system32\sdbinst.exe,,0,2,0,0,0,0,0,0,0,0,2,0,Goodware,goodware:Goodware
2024-10-18 13:00:00,SYSTEM\C:\Windows\system32\taskhostw.exe,,0,0,0,0,0,20,0,0,0,0,20,0,Goodware,goodware:Goodware
2024-10-18 13:00:00,SYSTEM\C:\Program Files (x86)\BraveSoftware\Update\BraveUpdate.exe,,0,2,0,0,0,0,1,0,0,0,3,0,Goodware,goodware:Goodware
2024-10-18 13:00:00,LOCAL SERVICE\C:\ProgramData\Microsoft\Windows Defender\Platform\4.18.24080.9-0\NisSrv.exe,,0,0,0,0,0,0,2,0,0,0,2,0,Goodware,goodware:Goodware
2024-10-18 13:00:00,SYSTEM\C:\Program Files (x86)\BraveSoftware\Update\1.3.361.151\BraveCrashHandler64.exe,,0,1,0,0,0,0,0,0,0,0,1,0,Goodware,goodware:Goodware
2024-10-18 13:00:00,SYSTEM\C:\Program Files (x86)\BraveSoftware\Update\1.3.361.151\BraveCrashHandler.exe,,0,1,0,0,0,0,0,0,0,0,1,0,Goodware,goodware:Goodware
2024-10-18 13:00:00,SYSTEM\C:\Windows\system32\SearchIndexer.exe,,0,0,0,0,0,0,0,0,0,0,1,0,Goodware,goodware:Goodware
2024-10-18 13:00:00,User\C:\Windows\System32\SecurityHealthSystray.exe,,1,0,0,0,0,0,0,0,0,0,1,0,Goodware,goodware:Goodware
2024-10-18 13:00:00,SYSTEM\C:\Windows\System32\SecurityHealthService.exe,,0,0,0,0,0,0,4,0,0,0,4,0,Goodware,goodware:Goodware
2024-10-18 13:00:00,SYSTEM\C:\Windows\system32\SecurityHealthService.exe,,0,0,0,0,0,1,0,0,0,0,1,0,Goodware,goodware:Goodware
2024-10-18 13:00:00,User\C:\Windows\System32\VBoxTray.exe,,1,0,0,0,0,0,0,0,0,0,2,0,Goodware,goodware:Goodware
2024-10-18 13:00:00,User\C:\Windows\System32\taskhostw.exe,,0,0,0,0,0,0,1,0,0,0,1,0,Goodware,goodware:Goodware
2024-10-18 13:00:00,User\C:\Users\User\AppData\Local\Microsoft\OneDrive\24.186.0915.0004\FileCoAuth.exe,,1,0,0,0,0,0,16,0,0,0,18,0,Goodware,goodware:Goodware
2024-10-18 13:00:00,-\C:\Users\User\AppData\Local\Microsoft\OneDrive\OneDrive.exe,,0,0,0,0,0,0,0,0,0,0,1,0,Goodware,goodware:Goodware
2024-10-18 13:00:00,NETWORK SERVICE\C:\Windows\System32\sppsvc.exe,,0,0,0,0,0,0,1,0,0,0,1,0,Goodware,goodware:Goodware
2024-10-18 13:00:00,User\C:\Program Files (x86)\Microsoft\Edge\Application\msedge.exe,,2,0,1,0,0,0,2,0,0,0,6,0,Goodware,goodware:Goodware
2024-10-18 13:05:00,SYSTEM\C:\Windows\system32\SecurityHealthService.exe,,0,4,0,0,0,0,0,0,0,0,4,0,Goodware,goodware:Goodware
2024-10-18 13:05:00,User\C:\Windows\System32\SecurityHealth\1.0.2402.27001-0\SecurityHealthHost.exe,,0,0,0,0,0,0,0,0,0,0,1,0,Goodware,goodware:Goodware
2024-10-18 13:05:00,SYSTEM\C:\Windows\system32\svchost.exe,,0,2,0,0,0,14,0,0,0,0,16,0,Goodware,goodware:Goodware
2024-10-18 13:05:00,SYSTEM\C:\ProgramData\Microsoft\Windows Defender\Platform\4.18.24080.9-0\MpDefenderCoreService.exe,,0,0,0,0,1,0,0,0,0,0,1,0,Goodware,goodware:Goodware
2024-10-18 13:05:00,User\C:\Windows\System32\sihost.exe,,0,0,0,0,0,0,1,0,0,0,1,0,Goodware,goodware:Goodware
2024-10-18 13:05:00,User\C:\Program Files\WindowsApps\MicrosoftTeams_24256.2502.3123.1_x64__8wekyb3d8bbwe\msteams_autostarter.exe,,0,0,0,0,0,0,1,0,0,0,1,0,Goodware,goodware:Goodware
2024-10-18 13:05:00,SYSTEM\C:\Windows\System32\svchost.exe,,2,0,0,0,0,18,5,0,0,0,26,0,Goodware,goodware:Goodware
2024-10-18 13:05:00,User\C:\Program Files\WindowsApps\MicrosoftWindows.CrossDevice_1.24091.30.0_x64__cw5n1h2txyewy\CrossDeviceService.exe,,0,0,0,0,0,0,1,0,0,0,2,0,Goodware,goodware:Goodware
2024-10-18 13:05:00,User\C:\Windows\Explorer.EXE,,0,0,1,0,0,0,0,0,0,0,1,0,Goodware,goodware:Goodware
2024-10-18 13:05:00,User\C:\Program Files\WindowsApps\MicrosoftTeams_24256.2502.3123.1_x64__8wekyb3d8bbwe\msteams.exe,,0,0,0,0,0,0,1,0,0,0,3,0,Goodware,goodware:Goodware
2024-10-18 13:05:00,User\C:\Program Files (x86)\Microsoft\EdgeWebView\Application\129.0.2792.89\msedgewebview2.exe,,20,0,6,0,0,12,10,0,0,0,82,0,Goodware,goodware:Goodware
2024-10-18 13:05:00,-\C:\Program Files (x86)\Microsoft\EdgeWebView\Application\129.0.2792.89\msedgewebview2.exe,,0,0,0,0,0,0,0,0,0,0,6,0,Goodware,goodware:Goodware
2024-10-18 13:05:00,User\C:\Program Files (x86)\Microsoft\Edge\Application\msedge.exe,,0,0,0,0,0,0,4,0,0,0,4,0,Goodware,goodware:Goodware
2024-10-18 13:05:00,LOCAL SERVICE\C:\Windows\System32\svchost.exe,,4,5,2,0,0,0,2,0,0,0,13,0,Goodware,goodware:Goodware
2024-10-18 13:05:00,SYSTEM\C:\Program Files (x86)\BraveSoftware\Update\BraveUpdate.exe,,0,4,0,0,0,0,1,0,0,0,5,0,Goodware,goodware:Goodware
2024-10-18 13:05:00,SYSTEM\C:\Program Files (x86)\BraveSoftware\Update\1.3.361.151\BraveCrashHandler.exe,,0,1,0,0,0,0,0,0,0,0,1,0,Goodware,goodware:Goodware
2024-10-18 13:05:00,SYSTEM\C:\Program Files (x86)\BraveSoftware\Update\1.3.361.151\BraveCrashHandler64.exe,,0,1,0,0,0,0,0,0,0,0,1,0,Goodware,goodware:Goodware
2024-10-18 13:05:00,NETWORK SERVICE\C:\Windows\System32\svchost.exe,,0,7,0,0,4,0,2,0,0,0,14,0,Goodware,goodware:Goodware
2024-10-18 13:05:00,SYSTEM\C:\Program Files\Microsoft Update Health Tools\uhssvc.exe,,1,0,0,0,0,0,0,0,0,0,1,0,Goodware,goodware:Goodware
2024-10-18 13:05:00,SYSTEM\C:\Program Files\Winlogbeat\winlogbeat.exe,,1,0,0,0,0,0,0,0,0,0,2,0,Goodware,goodware:Goodware
2024-10-18 13:05:00,SYSTEM\C:\Windows\UUS\Packages\Preview\amd64\MoUsoCoreWorker.exe,,0,0,0,0,0,0,1,0,0,0,1,0,Goodware,goodware:Goodware
2024-10-18 13:05:00,User\C:\Windows\SystemApps\MicrosoftWindows.Client.CBS_cw5n1h2txyewy\SearchHost.exe,,0,0,2,0,0,0,0,0,0,0,2,0,Goodware,goodware:Goodware
2024-10-18 13:05:00,User\C:\Windows\System32\RuntimeBroker.exe,,0,0,0,0,0,0,1,0,0,0,1,0,Goodware,goodware:Goodware
2024-10-18 13:05:00,User\C:\Windows\System32\backgroundTaskHost.exe,,0,0,0,0,0,0,1,0,0,0,1,0,Goodware,goodware:Goodware
2024-10-18 13:05:00,NETWORK SERVICE\C:\Windows\System32\wbem\WmiPrvSE.exe,,1,0,0,0,0,0,1,0,0,0,2,0,Goodware,goodware:Goodware
2024-10-18 13:05:00,NETWORK SERVICE\C:\Windows\System32\sppsvc.exe,,0,0,0,0,0,0,1,0,0,0,1,0,Goodware,goodware:Goodware
2024-10-18 13:05:00,NETWORK SERVICE\C:\Windows\system32\sppsvc.exe,,0,1,0,0,0,0,0,0,0,0,1,0,Goodware,goodware:Goodware
2024-10-18 13:05:00,User\C:\Windows\system32\DllHost.exe,,0,0,0,0,0,1,0,0,0,0,1,0,Goodware,goodware:Goodware
2024-10-18 13:05:00,SYSTEM\C:\Windows\System32\wbem\WMIADAP.exe,,0,0,0,0,0,0,2,0,0,0,2,0,Goodware,goodware:Goodware
2024-10-18 13:05:00,User\C:\Windows\SystemApps\ShellExperienceHost_cw5n1h2txyewy\ShellExperienceHost.exe,,0,0,0,0,0,0,1,0,0,0,1,0,Goodware,goodware:Goodware
2024-10-18 13:05:00,SYSTEM\\\?\C:\Windows\system32\wbem\WMIADAP.EXE,,0,10,0,0,0,11,0,0,0,0,21,0,Goodware,goodware:Goodware
2024-10-18 13:05:00,SYSTEM\C:\Windows\System32\sc.exe,,1,0,0,0,0,0,0,0,0,0,1,0,Goodware,goodware:Goodware
2024-10-18 13:05:00,User\C:\Program Files\WindowsApps\MicrosoftWindows.Client.WebExperience_524.24900.130.0_x64__cw5n1h2txyewy\Dashboard\Widgets.exe,,0,0,0,0,0,1,0,0,0,0,3,0,Goodware,goodware:Goodware
2024-10-18 13:05:00,User\C:\Windows\System32\svchost.exe,,1,0,0,0,0,0,0,0,0,0,1,0,Goodware,goodware:Goodware
2024-10-18 13:05:00,User\C:\Windows\ImmersiveControlPanel\SystemSettings.exe,,0,0,0,0,0,0,1,0,0,0,1,0,Goodware,goodware:Goodware
2024-10-18 13:10:00,SYSTEM\C:\ProgramData\Microsoft\Windows Defender\Platform\4.18.24080.9-0\MpDefenderCoreService.exe,,0,0,0,0,1,0,0,0,0,0,1,0,Goodware,goodware:Goodware
2024-10-18 13:10:00,SYSTEM\C:\Windows\System32\sc.exe,,1,0,0,0,0,0,0,0,0,0,1,0,Goodware,goodware:Goodware
2024-10-18 13:10:00,SYSTEM\C:\Windows\system32\svchost.exe,,0,3,0,0,0,3,0,0,0,0,6,0,Goodware,goodware:Goodware
2024-10-18 13:10:00,NETWORK SERVICE\C:\Windows\System32\wbem\WmiPrvSE.exe,,2,0,0,0,0,0,2,0,0,0,4,0,Goodware,goodware:Goodware
2024-10-18 13:10:00,SYSTEM\C:\Windows\System32\svchost.exe,,0,0,0,0,0,0,1,0,0,0,1,0,Goodware,goodware:Goodware
2024-10-18 13:10:00,SYSTEM\C:\Windows\System32\taskhostw.exe,,0,0,0,0,0,0,2,0,0,0,2,0,Goodware,goodware:Goodware
2024-10-18 13:10:00,NETWORK SERVICE\C:\Windows\System32\sppsvc.exe,,0,0,0,0,0,0,1,0,0,0,1,0,Goodware,goodware:Goodware
2024-10-18 13:10:00,SYSTEM\C:\Windows\System32\provtool.exe,,0,0,0,0,0,0,3,0,0,0,3,0,Goodware,goodware:Goodware
2024-10-18 13:10:00,SYSTEM\C:\ProgramData\Microsoft\Windows Defender\Platform\4.18.24080.9-0\MsMpEng.exe,,0,0,0,0,0,0,1,0,0,0,1,0,Goodware,goodware:Goodware
2024-10-18 13:10:00,SYSTEM\C:\ProgramData\Microsoft\Windows Defender\Platform\4.18.24080.9-0\MpCmdRun.exe,,0,1,0,0,0,0,5,0,0,0,6,0,Goodware,goodware:Goodware
2024-10-18 13:15:00,User\C:\Program Files (x86)\Microsoft\EdgeWebView\Application\129.0.2792.89\msedgewebview2.exe,,0,0,2,0,0,0,0,0,0,0,2,0,Goodware,goodware:Goodware
2024-10-18 13:15:00,SYSTEM\C:\ProgramData\Microsoft\Windows Defender\Platform\4.18.24080.9-0\MpDefenderCoreService.exe,,0,0,0,0,1,0,0,0,0,0,1,0,Goodware,goodware:Goodware
2024-10-18 13:15:00,SYSTEM\C:\Windows\System32\taskhostw.exe,,0,0,0,0,0,0,4,0,0,0,4,0,Goodware,goodware:Goodware
2024-10-18 13:15:00,SYSTEM\C:\Windows\system32\taskhostw.exe,,0,2,0,0,0,0,0,0,0,0,2,0,Goodware,goodware:Goodware
2024-10-18 13:15:00,User\C:\Windows\System32\WinSAT.exe,,1,0,0,0,0,0,2,0,0,0,3,0,Goodware,goodware:Goodware
2024-10-18 13:15:00,User\C:\Windows\system32\winsat.exe,,0,7,0,0,0,0,0,0,0,0,7,0,Goodware,goodware:Goodware
2024-10-18 13:15:00,User\C:\Windows\System32\DeviceCensus.exe,,0,0,0,0,0,0,1,0,0,0,1,0,Goodware,goodware:Goodware
2024-10-18 13:15:00,SYSTEM\C:\Windows\System32\svchost.exe,,0,0,0,0,0,24,0,0,0,0,24,0,Goodware,goodware:Goodware
2024-10-18 13:15:00,SYSTEM\C:\Windows\system32\svchost.exe,,0,0,0,0,0,2,0,0,0,0,2,0,Goodware,goodware:Goodware
2024-10-18 13:15:00,LOCAL SERVICE\C:\Windows\system32\svchost.exe,,0,0,0,0,0,2,0,0,0,0,2,0,Goodware,goodware:Goodware
2024-10-18 13:15:00,NETWORK SERVICE\C:\Windows\System32\sppsvc.exe,,0,0,0,0,0,0,1,0,0,0,1,0,Goodware,goodware:Goodware
2024-10-18 13:20:00,SYSTEM\C:\ProgramData\Microsoft\Windows Defender\Platform\4.18.24080.9-0\MpDefenderCoreService.exe,,0,0,0,0,1,0,0,0,0,0,1,0,Goodware,goodware:Goodware
2024-10-18 13:20:00,SYSTEM\C:\Program Files (x86)\Microsoft\EdgeUpdate\MicrosoftEdgeUpdate.exe,,1,0,0,0,0,0,1,0,0,0,2,0,Goodware,goodware:Goodware
2024-10-18 13:20:00,NETWORK SERVICE\C:\Windows\System32\wbem\WmiPrvSE.exe,,1,0,0,0,0,0,1,0,0,0,2,0,Goodware,goodware:Goodware
2024-10-18 13:20:00,SYSTEM\C:\Windows\System32\taskhostw.exe,,0,0,0,0,0,0,1,0,0,0,1,0,Goodware,goodware:Goodware
2024-10-18 13:20:00,SYSTEM\System,,0,1,0,0,0,0,0,0,0,0,1,0,Goodware,goodware:Goodware
2024-10-18 13:20:00,NETWORK SERVICE\C:\Windows\System32\svchost.exe,,0,0,0,0,4,0,0,0,0,0,4,0,Goodware,goodware:Goodware
2024-10-18 13:20:00,SYSTEM\C:\Windows\System32\svchost.exe,,0,0,0,0,0,12,0,0,0,0,12,0,Goodware,goodware:Goodware
2024-10-18 13:25:00,SYSTEM\C:\Windows\System32\svchost.exe,,0,0,0,0,0,18,0,0,0,0,18,0,Goodware,goodware:Goodware
2024-10-18 13:30:00,SYSTEM\C:\Windows\System32\svchost.exe,,0,0,0,0,0,12,0,0,0,0,12,0,Goodware,goodware:Goodware
2024-10-18 13:30:00,SYSTEM\C:\Windows\system32\svchost.exe,,0,0,0,0,0,2,0,0,0,0,2,0,Goodware,goodware:Goodware
2024-10-18 13:30:00,SYSTEM\C:\ProgramData\Microsoft\Windows Defender\Platform\4.18.24080.9-0\MpDefenderCoreService.exe,,0,0,0,0,1,0,0,0,0,0,1,0,Goodware,goodware:Goodware
2024-10-18 13:30:00,User\C:\Windows\System32\RuntimeBroker.exe,,0,0,0,0,0,0,1,0,0,0,1,0,Goodware,goodware:Goodware
2024-10-18 13:30:00,NETWORK SERVICE\C:\Windows\system32\sppsvc.exe,,0,1,0,0,0,0,0,0,0,0,1,0,Goodware,goodware:Goodware
2024-10-18 13:30:00,NETWORK SERVICE\C:\Windows\System32\sppsvc.exe,,0,0,0,0,0,0,1,0,0,0,1,0,Goodware,goodware:Goodware
2024-10-18 13:30:00,-\C:\Users\User\AppData\Local\Microsoft\OneDrive\OneDrive.exe,,0,0,0,0,0,0,0,0,0,0,51,0,Goodware,goodware:Goodware
2024-10-18 13:35:00,SYSTEM\C:\Windows\System32\svchost.exe,,1,0,0,0,0,18,4,0,0,0,23,0,Goodware,goodware:Goodware
2024-10-18 13:35:00,NETWORK SERVICE\C:\Windows\System32\svchost.exe,,0,0,0,0,4,0,0,0,0,0,4,0,Goodware,goodware:Goodware
2024-10-18 13:35:00,SYSTEM\C:\Windows\system32\svchost.exe,,0,4,0,0,0,0,0,0,0,0,4,0,Goodware,goodware:Goodware
2024-10-18 13:35:00,NETWORK SERVICE\C:\Windows\System32\wbem\WmiPrvSE.exe,,1,0,0,0,0,0,1,0,0,0,2,0,Goodware,goodware:Goodware
2024-10-18 13:35:00,SYSTEM\C:\Windows\UUS\Packages\Preview\amd64\MoUsoCoreWorker.exe,,0,0,0,0,0,0,1,0,0,0,1,0,Goodware,goodware:Goodware
2024-10-18 13:35:00,User\C:\Program Files (x86)\Microsoft\EdgeWebView\Application\129.0.2792.89\msedgewebview2.exe,,1,0,0,0,0,2,2,0,0,0,6,0,Goodware,goodware:Goodware
2024-10-18 14:00:00,SYSTEM\System,,0,32,0,0,0,0,0,0,0,0,32,0,Goodware,goodware:Goodware
2024-10-18 14:00:00,-\-,,0,0,0,0,0,0,0,0,0,0,8,0,Goodware,goodware:Goodware
2024-10-18 14:00:00,SYSTEM\C:\Windows\System32\smss.exe,,0,0,0,0,0,18,0,0,0,0,18,0,Goodware,goodware:Goodware
2024-10-18 14:00:00,SYSTEM\C:\Windows\System32\csrss.exe,,4,0,0,0,0,0,0,0,0,0,4,0,Goodware,goodware:Goodware
2024-10-18 14:00:00,SYSTEM\C:\Windows\system32\csrss.exe,,0,0,0,0,0,4,0,0,0,0,4,0,Goodware,goodware:Goodware
2024-10-18 14:00:00,SYSTEM\C:\Windows\system32\wininit.exe,,0,0,0,0,0,8,0,0,0,0,12,0,Goodware,goodware:Goodware
2024-10-18 14:00:00,-\C:\Windows\system32\wininit.exe,,0,0,0,0,0,0,0,0,0,0,2,0,Goodware,goodware:Goodware
2024-10-18 14:00:00,-\C:\Windows\system32\csrss.exe,,0,0,0,0,0,0,0,0,0,0,2,0,Goodware,goodware:Goodware
2024-10-18 14:00:00,SYSTEM\C:\Windows\System32\lsass.exe,,2,0,0,0,0,0,0,0,0,0,2,0,Goodware,goodware:Goodware
2024-10-18 14:00:00,SYSTEM\C:\Windows\system32\services.exe,,0,8,0,0,0,696,0,0,0,0,708,0,Goodware,goodware:Goodware
2024-10-18 14:00:00,SYSTEM\C:\Windows\system32\lsass.exe,,0,2,0,0,0,6,0,0,0,0,10,0,Goodware,goodware:Goodware
2024-10-18 14:00:00,SYSTEM\C:\Windows\system32\svchost.exe,,0,8,0,0,0,56,0,0,0,0,74,0,Goodware,goodware:Goodware
2024-10-18 14:00:00,NETWORK SERVICE\C:\Windows\system32\svchost.exe,,0,0,0,0,0,6,0,0,0,0,12,0,Goodware,goodware:Goodware
2024-10-18 14:00:00,SYSTEM\C:\Windows\System32\svchost.exe,,15,0,0,0,0,0,17,0,0,0,34,0,Goodware,goodware:Goodware
2024-10-18 14:00:00,SYSTEM\C:\Windows\system32\winlogon.exe,,0,4,0,0,0,2,0,0,0,0,6,0,Goodware,goodware:Goodware
2024-10-18 14:00:00,LOCAL SERVICE\C:\Windows\System32\svchost.exe,,36,7,0,0,0,10,2,0,0,0,61,0,Goodware,goodware:Goodware
2024-10-18 14:00:00,NETWORK SERVICE\C:\Windows\System32\svchost.exe,,0,0,0,0,0,2,2,0,0,0,4,0,Goodware,goodware:Goodware
2024-10-18 14:00:00,LOCAL SERVICE\C:\Windows\system32\svchost.exe,,0,10,0,0,0,26,0,0,0,0,36,0,Goodware,goodware:Goodware
2024-10-18 14:00:00,SYSTEM\C:\Windows\System32\spoolsv.exe,,2,0,0,0,0,10,1,0,0,0,21,0,Goodware,goodware:Goodware
2024-10-18 14:00:00,SYSTEM\C:\Windows\System32\LogonUI.exe,,0,0,0,0,0,0,2,0,0,0,2,0,Goodware,goodware:Goodware
2024-10-18 14:00:00,SYSTEM\C:\Windows\System32\taskhostw.exe,,0,0,0,0,0,0,4,0,0,0,4,0,Goodware,goodware:Goodware
2024-10-18 14:00:00,SYSTEM\C:\ProgramData\Microsoft\Windows Defender\Platform\4.18.24080.9-0\MpDefenderCoreService.exe,,0,0,0,0,0,0,6,0,0,0,6,0,Goodware,goodware:Goodware
2024-10-18 14:00:00,SYSTEM\C:\ProgramData\Microsoft\Windows Defender\Platform\4.18.24080.9-0\MsMpEng.exe,,0,0,0,0,0,12,12,0,0,0,24,0,Goodware,goodware:Goodware
2024-10-18 14:00:00,SYSTEM\C:\Windows\Sysmon.exe,,0,0,0,0,0,0,3,0,0,0,3,0,Goodware,goodware:Goodware
2024-10-18 14:00:00,NETWORK SERVICE\C:\Windows\System32\wbem\WmiPrvSE.exe,,2,0,0,0,0,0,2,0,0,0,4,0,Goodware,goodware:Goodware
2024-10-18 14:00:00,User\C:\Windows\System32\svchost.exe,,4,0,0,0,0,0,0,0,0,0,4,0,Goodware,goodware:Goodware
2024-10-18 14:00:00,SYSTEM\C:\Windows\System32\wevtutil.exe,,24,0,0,0,0,0,0,0,0,0,24,0,Goodware,goodware:Goodware
2024-10-18 14:00:00,User\C:\Windows\system32\userinit.exe,,0,0,0,0,0,2,0,0,0,0,2,0,Goodware,goodware:Goodware
2024-10-18 14:00:00,SYSTEM\C:\Windows\System32\wbem\WmiPrvSE.exe,,2,0,0,0,0,0,2,0,0,0,4,0,Goodware,goodware:Goodware
2024-10-18 14:00:00,SYSTEM\C:\Program Files (x86)\Microsoft\EdgeUpdate\MicrosoftEdgeUpdate.exe,,2,0,0,0,0,0,2,0,0,0,4,0,Goodware,goodware:Goodware
2024-10-18 14:00:00,User\C:\Windows\explorer.exe,,0,0,0,0,0,0,3,0,0,0,3,0,Goodware,goodware:Goodware
2024-10-18 14:00:00,SYSTEM\C:\Windows\system32\wevtutil.exe,,0,0,0,0,0,32,0,0,0,0,32,0,Goodware,goodware:Goodware
2024-10-18 14:00:00,SYSTEM\C:\Windows\System32\sdbinst.exe,,2,0,0,0,0,0,0,0,0,0,2,0,Goodware,goodware:Goodware
2024-10-18 14:00:00,User\C:\Windows\SystemApps\MicrosoftWindows.Client.CBS_cw5n1h2txyewy\SearchHost.exe,,0,0,21,0,0,0,2,0,0,0,23,0,Goodware,goodware:Goodware
2024-10-18 14:00:00,User\C:\Windows\SystemApps\Microsoft.Windows.StartMenuExperienceHost_cw5n1h2txyewy\StartMenuExperienceHost.exe,,0,0,0,0,0,0,2,0,0,0,2,0,Goodware,goodware:Goodware
2024-10-18 14:00:00,NETWORK SERVICE\C:\Windows\system32\sppsvc.exe,,0,2,0,0,0,0,0,0,0,0,2,0,Goodware,goodware:Goodware
2024-10-18 14:00:00,User\C:\Program Files\WindowsApps\Microsoft.WidgetsPlatformRuntime_1.4.0.0_x64__8wekyb3d8bbwe\WidgetService\WidgetService.exe,,0,14,0,0,0,0,0,0,0,0,14,0,Goodware,goodware:Goodware
2024-10-18 14:00:00,User\C:\Windows\system32\DllHost.exe,,0,0,1,0,0,6,0,0,0,0,7,0,Goodware,goodware:Goodware
2024-10-18 14:00:00,User\C:\Program Files\WindowsApps\MicrosoftWindows.Client.WebExperience_524.24900.130.0_x64__cw5n1h2txyewy\Dashboard\Widgets.exe,,0,0,0,0,0,0,2,0,0,0,2,0,Goodware,goodware:Goodware
2024-10-18 14:00:00,SYSTEM\C:\Windows\system32\SearchIndexer.exe,,0,0,0,0,0,0,0,0,0,0,2,0,Goodware,goodware:Goodware
2024-10-18 14:00:00,SYSTEM\C:\Windows\system32\sdbinst.exe,,0,4,0,0,0,0,0,0,0,0,4,0,Goodware,goodware:Goodware
2024-10-18 14:00:00,SYSTEM\C:\Program Files (x86)\BraveSoftware\Update\BraveUpdate.exe,,0,4,0,0,0,0,1,0,0,0,5,0,Goodware,goodware:Goodware
2024-10-18 14:00:00,SYSTEM\C:\Program Files (x86)\BraveSoftware\Update\1.3.361.151\BraveCrashHandler.exe,,0,2,0,0,0,0,0,0,0,0,2,0,Goodware,goodware:Goodware
2024-10-18 14:00:00,SYSTEM\C:\Program Files (x86)\BraveSoftware\Update\1.3.361.151\BraveCrashHandler64.exe,,0,2,0,0,0,0,0,0,0,0,2,0,Goodware,goodware:Goodware
2024-10-18 14:00:00,SYSTEM\C:\Windows\system32\taskhostw.exe,,0,0,0,0,0,40,0,0,0,0,40,0,Goodware,goodware:Goodware
2024-10-18 14:00:00,LOCAL SERVICE\C:\ProgramData\Microsoft\Windows Defender\Platform\4.18.24080.9-0\NisSrv.exe,,0,0,0,0,0,0,3,0,0,0,3,0,Goodware,goodware:Goodware
2024-10-18 14:00:00,User\C:\Windows\System32\SecurityHealthSystray.exe,,1,0,0,0,0,0,0,0,0,0,1,0,Goodware,goodware:Goodware
2024-10-18 14:00:00,SYSTEM\C:\Windows\System32\SecurityHealthService.exe,,0,0,0,0,0,0,4,0,0,0,4,0,Goodware,goodware:Goodware
2024-10-18 14:00:00,SYSTEM\C:\Windows\system32\SecurityHealthService.exe,,0,0,0,0,0,1,0,0,0,0,1,0,Goodware,goodware:Goodware
2024-10-18 14:00:00,User\C:\Windows\System32\VBoxTray.exe,,1,0,0,0,0,0,0,0,0,0,2,0,Goodware,goodware:Goodware
2024-10-18 14:00:00,User\C:\Users\User\AppData\Local\Microsoft\OneDrive\OneDrive.exe,,1,0,0,0,0,17,64,0,0,0,83,0,Goodware,goodware:Goodware
2024-10-18 14:00:00,User\C:\Users\User\AppData\Local\Microsoft\OneDrive\24.186.0915.0004\FileCoAuth.exe,,1,0,0,0,0,0,16,0,0,0,18,0,Goodware,goodware:Goodware
2024-10-18 14:00:00,-\C:\Users\User\AppData\Local\Microsoft\OneDrive\OneDrive.exe,,0,0,0,0,0,0,0,0,0,0,1,0,Goodware,goodware:Goodware
2024-10-18 14:00:00,-\C:\Windows\Explorer.EXE,,0,0,0,0,0,0,0,0,0,0,1,0,Goodware,goodware:Goodware
2024-10-18 14:00:00,User\C:\Program Files (x86)\Microsoft\Edge\Application\msedge.exe,,2,0,1,0,0,0,2,0,0,0,6,0,Goodware,goodware:Goodware
2024-10-18 14:00:00,User\C:\Windows\System32\taskhostw.exe,,0,0,0,0,0,0,1,0,0,0,1,0,Goodware,goodware:Goodware
2024-10-18 14:00:00,User\C:\Windows\System32\sihost.exe,,0,0,0,0,0,0,1,0,0,0,1,0,Goodware,goodware:Goodware
2024-10-18 14:00:00,User\C:\Program Files\WindowsApps\MicrosoftTeams_24256.2502.3123.1_x64__8wekyb3d8bbwe\msteams_autostarter.exe,,0,0,0,0,0,0,1,0,0,0,1,0,Goodware,goodware:Goodware
2024-10-18 14:00:00,User\C:\Program Files\WindowsApps\MicrosoftWindows.CrossDevice_1.24091.30.0_x64__cw5n1h2txyewy\CrossDeviceService.exe,,0,0,0,0,0,0,1,0,0,0,2,0,Goodware,goodware:Goodware
2024-10-18 14:00:00,User\C:\Windows\Explorer.EXE,,0,0,1,0,0,0,0,0,0,0,1,0,Goodware,goodware:Goodware
2024-10-18 14:00:00,User\C:\Program Files\WindowsApps\MicrosoftTeams_24256.2502.3123.1_x64__8wekyb3d8bbwe\msteams.exe,,0,0,0,0,0,0,1,0,0,0,3,0,Goodware,goodware:Goodware
2024-10-18 14:00:00,User\C:\Program Files (x86)\Microsoft\EdgeWebView\Application\129.0.2792.89\msedgewebview2.exe,,6,0,0,0,0,0,1,0,0,0,16,0,Goodware,goodware:Goodware
2024-10-18 14:00:00,User\C:\Program Files\WindowsApps\MicrosoftTeams_24256.2502.3123.1_x64__8wekyb3d8bbwe\msteamsupdate.exe,,0,0,0,0,0,0,1,0,0,0,1,0,Goodware,goodware:Goodware
2024-10-18 14:05:00,NETWORK SERVICE\C:\Windows\System32\sppsvc.exe,,0,0,0,0,0,0,3,0,0,0,3,0,Goodware,goodware:Goodware
2024-10-18 14:05:00,SYSTEM\C:\Windows\system32\svchost.exe,,0,5,0,0,0,40,0,0,0,0,45,0,Goodware,goodware:Goodware
2024-10-18 14:05:00,-\C:\Program Files (x86)\Microsoft\EdgeWebView\Application\129.0.2792.89\msedgewebview2.exe,,0,0,0,0,0,0,0,0,0,0,9,0,Goodware,goodware:Goodware
2024-10-18 14:05:00,User\C:\Program Files (x86)\Microsoft\EdgeWebView\Application\129.0.2792.89\msedgewebview2.exe,,13,0,6,0,0,12,8,0,0,0,63,0,Goodware,goodware:Goodware
2024-10-18 14:05:00,SYSTEM\C:\Windows\system32\SecurityHealthService.exe,,0,8,0,0,0,0,0,0,0,0,8,0,Goodware,goodware:Goodware
2024-10-18 14:05:00,User\C:\Program Files (x86)\Microsoft\Edge\Application\msedge.exe,,0,0,0,0,0,0,4,0,0,0,4,0,Goodware,goodware:Goodware
2024-10-18 14:05:00,SYSTEM\C:\Windows\System32\smss.exe,,0,0,0,0,0,1,0,0,0,0,1,0,Goodware,goodware:Goodware
2024-10-18 14:05:00,SYSTEM\C:\Windows\System32\csrss.exe,,1,0,0,0,0,0,0,0,0,0,1,0,Goodware,goodware:Goodware
2024-10-18 14:05:00,SYSTEM\C:\Windows\System32\LogonUI.exe,,0,0,0,0,0,0,2,0,0,0,2,0,Goodware,goodware:Goodware
2024-10-18 14:05:00,LOCAL SERVICE\C:\Windows\system32\svchost.exe,,0,0,0,0,0,9,0,0,0,0,9,0,Goodware,goodware:Goodware
2024-10-18 14:05:00,SYSTEM\C:\Windows\system32\winlogon.exe,,0,0,0,0,0,1,0,0,0,0,1,0,Goodware,goodware:Goodware
2024-10-18 14:05:00,SYSTEM\C:\Windows\System32\svchost.exe,,2,0,0,0,0,0,5,0,0,0,7,0,Goodware,goodware:Goodware
2024-10-18 14:05:00,LOCAL SERVICE\C:\Windows\System32\svchost.exe,,2,5,2,0,0,0,2,0,0,0,11,0,Goodware,goodware:Goodware
2024-10-18 14:05:00,SYSTEM\C:\Windows\system32\lsass.exe,,0,0,1,0,0,0,0,0,0,0,1,0,Goodware,goodware:Goodware
2024-10-18 14:05:00,SYSTEM\C:\Windows\System32\spoolsv.exe,,0,0,0,0,0,1,0,0,0,0,1,0,Goodware,goodware:Goodware
2024-10-18 14:05:00,SYSTEM\C:\Windows\system32\services.exe,,0,0,0,0,0,267,0,0,0,0,267,0,Goodware,goodware:Goodware
2024-10-18 14:05:00,End-user\C:\Windows\System32\svchost.exe,,3,0,0,0,0,0,1,0,0,0,4,0,Goodware,goodware:Goodware
2024-10-18 14:05:00,SYSTEM\System,,0,1,0,0,0,0,0,0,0,0,1,0,Goodware,goodware:Goodware
2024-10-18 14:05:00,End-user\C:\Users\End-user\AppData\Local\Google\GoogleUpdater\131.0.6776.0\updater.exe,,12,2,0,0,1,0,12,0,0,0,46,0,Goodware,goodware:Goodware
2024-10-18 14:05:00,End-user\C:\Windows\system32\userinit.exe,,0,0,0,0,0,1,0,0,0,0,1,0,Goodware,goodware:Goodware
2024-10-18 14:05:00,End-user\C:\Windows\explorer.exe,,0,0,0,0,0,0,2,0,0,0,2,0,Goodware,goodware:Goodware
2024-10-18 14:05:00,NETWORK SERVICE\C:\Windows\system32\sppsvc.exe,,0,1,0,0,0,0,0,0,0,0,1,0,Goodware,goodware:Goodware
2024-10-18 14:05:00,End-user\C:\Windows\SystemApps\MicrosoftWindows.Client.CBS_cw5n1h2txyewy\SearchHost.exe,,0,3,28,0,0,0,1,0,0,0,32,0,Goodware,goodware:Goodware
2024-10-18 14:05:00,End-user\C:\Windows\SystemApps\Microsoft.Windows.StartMenuExperienceHost_cw5n1h2txyewy\StartMenuExperienceHost.exe,,0,0,0,0,0,0,1,0,0,0,1,0,Goodware,goodware:Goodware
2024-10-18 14:05:00,End-user\C:\Windows\system32\DllHost.exe,,0,0,1,0,0,0,0,0,0,0,1,0,Goodware,goodware:Goodware
2024-10-18 14:05:00,End-user\C:\Program Files\WindowsApps\Microsoft.WidgetsPlatformRuntime_1.4.0.0_x64__8wekyb3d8bbwe\WidgetService\WidgetService.exe,,0,7,0,0,0,0,0,0,0,0,7,0,Goodware,goodware:Goodware
2024-10-18 14:05:00,End-user\C:\Program Files\WindowsApps\MicrosoftWindows.Client.WebExperience_524.24900.130.0_x64__cw5n1h2txyewy\Dashboard\Widgets.exe,,0,0,0,0,0,0,1,0,0,0,1,0,Goodware,goodware:Goodware
2024-10-18 14:05:00,SYSTEM\C:\Program Files (x86)\BraveSoftware\Update\BraveUpdate.exe,,0,6,0,0,0,0,1,0,0,0,7,0,Goodware,goodware:Goodware
2024-10-18 14:05:00,-\C:\Users\End-user\AppData\Local\Google\GoogleUpdater\131.0.6776.0\updater.exe,,0,0,0,0,0,0,0,0,0,0,6,0,Goodware,goodware:Goodware
2024-10-18 14:05:00,SYSTEM\C:\Program Files (x86)\BraveSoftware\Update\1.3.361.151\BraveCrashHandler.exe,,0,1,0,0,0,0,0,0,0,0,1,0,Goodware,goodware:Goodware
2024-10-18 14:05:00,NETWORK SERVICE\C:\Windows\System32\svchost.exe,,0,7,0,0,4,0,2,0,0,0,15,0,Goodware,goodware:Goodware
2024-10-18 14:05:00,SYSTEM\C:\Program Files (x86)\BraveSoftware\Update\1.3.361.151\BraveCrashHandler64.exe,,0,1,0,0,0,0,0,0,0,0,1,0,Goodware,goodware:Goodware
2024-10-18 14:05:00,SYSTEM\C:\Program Files\Microsoft Update Health Tools\uhssvc.exe,,1,0,0,0,0,0,0,0,0,0,1,0,Goodware,goodware:Goodware
2024-10-18 14:05:00,SYSTEM\C:\Program Files\Winlogbeat\winlogbeat.exe,,1,0,0,0,0,0,0,0,0,0,2,0,Goodware,goodware:Goodware
2024-10-18 14:05:00,SYSTEM\C:\Windows\UUS\Packages\Preview\amd64\MoUsoCoreWorker.exe,,0,0,0,0,0,0,1,0,0,0,1,0,Goodware,goodware:Goodware
2024-10-18 14:05:00,End-user\C:\Windows\System32\rundll32.exe,,1,0,0,0,0,0,0,0,0,0,1,0,Goodware,goodware:Goodware
2024-10-18 14:05:00,End-user\C:\Users\End-user\AppData\Local\Microsoft\OneDrive\24.186.0915.0004\FileCoAuth.exe,,2,0,0,0,0,0,31,0,0,0,35,0,Goodware,goodware:Goodware
2024-10-18 14:05:00,End-user\C:\Windows\System32\SecurityHealthSystray.exe,,1,0,0,0,0,0,0,0,0,0,1,0,Goodware,goodware:Goodware
2024-10-18 14:05:00,NETWORK SERVICE\C:\Windows\System32\wbem\WmiPrvSE.exe,,1,0,0,0,0,0,1,0,0,0,2,0,Goodware,goodware:Goodware
2024-10-18 14:05:00,End-user\C:\Windows\Explorer.EXE,,0,0,2,0,0,3,0,0,0,0,5,0,Goodware,goodware:Goodware
2024-10-18 14:05:00,End-user\C:\Windows\System32\VBoxTray.exe,,1,0,0,0,0,0,0,0,0,0,2,0,Goodware,goodware:Goodware
2024-10-18 14:05:00,End-user\C:\Windows\system32\svchost.exe,,0,0,0,0,0,0,0,0,0,0,8,0,Goodware,goodware:Goodware
2024-10-18 14:05:00,End-user\C:\Users\End-user\AppData\Local\Microsoft\OneDrive\OneDrive.exe,,1,0,0,0,0,17,66,0,0,0,85,0,Goodware,goodware:Goodware
2024-10-18 14:05:00,-\C:\Users\End-user\AppData\Local\Microsoft\OneDrive\OneDrive.exe,,0,0,0,0,0,0,0,0,0,0,1,0,Goodware,goodware:Goodware
2024-10-18 14:05:00,-\C:\Windows\Explorer.EXE,,0,0,0,0,0,0,0,0,0,0,152,0,Goodware,goodware:Goodware
2024-10-18 14:05:00,End-user\C:\Windows\System32\SecurityHealth\1.0.2402.27001-0\SecurityHealthHost.exe,,0,0,0,0,0,0,0,0,0,0,3,0,Goodware,goodware:Goodware
2024-10-18 14:05:00,End-user\C:\Program Files (x86)\Microsoft\Edge\Application\msedge.exe,,2,0,1,0,0,41,6,0,0,0,53,0,Goodware,goodware:Goodware
2024-10-18 14:05:00,End-user\C:\Windows\System32\sihost.exe,,0,0,0,0,0,0,1,0,0,0,1,0,Goodware,goodware:Goodware
2024-10-18 14:05:00,End-user\C:\Program Files\WindowsApps\MicrosoftTeams_24256.2502.3123.1_x64__8wekyb3d8bbwe\msteams_autostarter.exe,,0,0,0,0,0,0,1,0,0,0,1,0,Goodware,goodware:Goodware
2024-10-18 14:05:00,End-user\C:\Program Files\WindowsApps\MicrosoftTeams_24256.2502.3123.1_x64__8wekyb3d8bbwe\msteams.exe,,0,0,0,0,0,0,1,0,0,0,3,0,Goodware,goodware:Goodware
2024-10-18 14:05:00,End-user\C:\Users\End-user\Desktop\goodware\AudacityPortable_3.2.2.paf.exe,,1,667,4,0,0,1,5,0,0,0,683,0,Goodware,goodware:Goodware
2024-10-18 14:05:00,-\C:\Windows\system32\csrss.exe,,0,0,0,0,0,0,0,0,0,0,4,0,Goodware,goodware:Goodware
2024-10-18 14:05:00,-\C:\Windows\system32\svchost.exe,,0,0,0,0,0,0,0,0,0,0,18,0,Goodware,goodware:Goodware
2024-10-18 14:05:00,-\C:\Windows\System32\svchost.exe,,0,0,0,0,0,0,0,0,0,0,4,0,Goodware,goodware:Goodware
2024-10-18 14:05:00,End-user\C:\Program Files (x86)\Microsoft\EdgeWebView\Application\129.0.2792.89\msedgewebview2.exe,,10,0,4,0,0,0,6,0,0,0,38,0,Goodware,goodware:Goodware
2024-10-18 14:05:00,End-user\C:\Program Files\WindowsApps\MicrosoftWindows.CrossDevice_1.24091.30.0_x64__cw5n1h2txyewy\CrossDeviceService.exe,,0,0,0,0,0,0,1,0,0,0,2,0,Goodware,goodware:Goodware
2024-10-18 14:05:00,-\C:\Users\End-user\Desktop\goodware\AudacityPortable_3.2.2.paf.exe,,0,0,0,0,0,0,0,0,0,0,1,0,Goodware,goodware:Goodware
2024-10-18 14:05:00,End-user\C:\Users\End-user\Desktop\goodware\AudacityPortable\AudacityPortable.exe,,1,7,0,0,0,0,5,0,0,0,16,0,Goodware,goodware:Goodware
2024-10-18 14:05:00,-\C:\Windows\system32\lsass.exe,,0,0,0,0,0,0,0,0,0,0,2,0,Goodware,goodware:Goodware
2024-10-18 14:05:00,End-user\C:\Users\End-user\Desktop\goodware\AudacityPortable\App\Audacity64\Audacity.exe,,2,0,0,0,20,0,2,0,0,0,29,0,Goodware,goodware:Goodware
2024-10-18 14:05:00,-\C:\Users\End-user\Desktop\goodware\AudacityPortable\AudacityPortable.exe,,0,0,0,0,0,0,0,0,0,0,1,0,Goodware,goodware:Goodware
2024-10-18 14:05:00,End-user\C:\Users\End-user\Desktop\goodware\AudacityPortable\App\Audacity64\audacity.exe,,0,38,0,0,0,3,0,0,0,0,42,0,Goodware,goodware:Goodware
2024-10-18 14:05:00,-\C:\Users\End-user\Desktop\goodware\AudacityPortable\App\Audacity64\audacity.exe,,0,0,0,0,0,0,0,0,0,0,1,0,Goodware,goodware:Goodware
2024-10-18 14:05:00,End-user\C:\Users\End-user\Downloads\audacity-win-3.6.4-64bit.exe,,1,0,1,0,0,0,1,0,0,0,5,0,Goodware,goodware:Goodware
2024-10-18 14:05:00,End-user\C:\Users\End-user\AppData\Local\Temp\AudacityPortableTemp\is-A88J5.tmp\audacity-win-3.6.4-64bit.tmp,,1,0,0,0,0,1,2,0,0,0,5,0,Goodware,goodware:Goodware
2024-10-18 14:05:00,SYSTEM\C:\Windows\System32\consent.exe,,0,0,0,0,0,0,6,0,0,0,6,0,Goodware,goodware:Goodware
2024-10-18 14:05:00,User\C:\Users\End-user\Downloads\audacity-win-3.6.4-64bit.exe,,1,0,1,0,0,0,1,0,0,0,5,0,Goodware,goodware:Goodware
2024-10-18 14:05:00,User\C:\Users\User\AppData\Local\Temp\is-S9H78.tmp\audacity-win-3.6.4-64bit.tmp,,1,2,1,0,0,3,1,0,0,0,11,0,Goodware,goodware:Goodware
2024-10-18 14:05:00,User\C:\Users\User\AppData\Local\Temp\is-EU1GK.tmp\_isetup\_setup64.tmp,,1,0,0,0,0,0,1,0,0,0,3,0,Goodware,goodware:Goodware
2024-10-18 14:05:00,-\C:\Users\User\AppData\Local\Temp\is-S9H78.tmp\audacity-win-3.6.4-64bit.tmp,,0,0,0,0,0,0,0,0,0,0,40,0,Goodware,goodware:Goodware
2024-10-18 14:05:00,-\C:\Users\End-user\AppData\Local\Temp\AudacityPortableTemp\is-A88J5.tmp\audacity-win-3.6.4-64bit.tmp,,0,0,0,0,0,0,0,0,0,0,1,0,Goodware,goodware:Goodware
2024-10-18 14:05:00,End-user\C:\Program Files\Audacity\Audacity.exe,,0,0,0,0,0,0,1,0,0,0,1,0,Goodware,goodware:Goodware
2024-10-18 14:05:00,End-user\C:\Program Files\Audacity\audacity.exe,,0,0,0,0,0,0,0,0,0,0,1,0,Goodware,goodware:Goodware
2024-10-18 14:05:00,End-user\C:\Program Files\Audacity\crashpad_handler.exe,,1,0,0,0,0,0,0,0,0,0,1,0,Goodware,goodware:Goodware
2024-10-18 14:05:00,User\C:\Windows\system32\DllHost.exe,,0,0,0,0,0,1,0,0,0,0,1,0,Goodware,goodware:Goodware
2024-10-18 14:05:00,-\C:\Program Files (x86)\Microsoft\Edge\Application\msedge.exe,,0,0,0,0,0,0,0,0,0,0,2,0,Goodware,goodware:Goodware
2024-10-18 14:05:00,SYSTEM\C:\Windows\System32\sc.exe,,2,0,0,0,0,0,0,0,0,0,2,0,Goodware,goodware:Goodware
2024-10-18 14:05:00,SYSTEM\C:\Windows\System32\taskhostw.exe,,0,0,0,0,0,0,2,0,0,0,2,0,Goodware,goodware:Goodware
2024-10-18 14:05:00,SYSTEM\C:\Windows\System32\wbem\WMIADAP.exe,,0,0,0,0,0,0,2,0,0,0,2,0,Goodware,goodware:Goodware
2024-10-18 14:05:00,End-user\C:\Windows\SystemApps\ShellExperienceHost_cw5n1h2txyewy\ShellExperienceHost.exe,,0,0,0,0,0,0,1,0,0,0,1,0,Goodware,goodware:Goodware
2024-10-18 14:05:00,End-user\C:\Windows\System32\RuntimeBroker.exe,,0,0,0,0,0,1,1,0,0,0,2,0,Goodware,goodware:Goodware
2024-10-18 14:05:00,End-user\C:\Windows\system32\sihost.exe,,0,0,0,0,0,0,0,0,0,0,4,0,Goodware,goodware:Goodware
2024-10-18 14:05:00,End-user\C:\Program Files\WindowsApps\Microsoft.SecHealthUI_1000.25992.9000.0_x64__8wekyb3d8bbwe\SecHealthUI.exe,,0,0,0,0,0,1,1,0,0,0,2,0,Goodware,goodware:Goodware
2024-10-18 14:05:00,User\C:\Program Files\WindowsApps\MicrosoftTeams_24256.2502.3123.1_x64__8wekyb3d8bbwe\msteamsupdate.exe,,0,0,0,0,0,0,1,0,0,0,1,0,Goodware,goodware:Goodware
2024-10-18 14:05:00,End-user\C:\Program Files\WindowsApps\MicrosoftTeams_24256.2502.3123.1_x64__8wekyb3d8bbwe\msteamsupdate.exe,,0,0,0,0,0,0,1,0,0,0,1,0,Goodware,goodware:Goodware
2024-10-18 14:05:00,SYSTEM\C:\ProgramData\Microsoft\Windows Defender\Platform\4.18.24080.9-0\MsMpEng.exe,,0,0,0,0,0,1,0,0,0,0,1,0,Goodware,goodware:Goodware
2024-10-18 14:05:00,End-user\C:\Windows\System32\WindowsPowerShell\v1.0\powershell.exe,,1,2,1,0,0,1,9,0,0,0,15,0,Goodware,goodware:Goodware
2024-10-18 14:05:00,End-user\C:\Program Files\WindowsApps\Microsoft.WindowsTerminal_1.20.11781.0_x64__8wekyb3d8bbwe\OpenConsole.exe,,0,0,0,0,0,1,1,0,0,0,2,0,Goodware,goodware:Goodware
2024-10-18 14:05:00,End-user\C:\Windows\System32\conhost.exe,,0,0,0,0,0,0,1,0,0,0,1,0,Goodware,goodware:Goodware
2024-10-18 14:05:00,End-user\C:\Program Files\WindowsApps\Microsoft.WindowsTerminal_1.20.11781.0_x64__8wekyb3d8bbwe\WindowsTerminal.exe,,0,0,0,0,0,1,3,0,0,0,4,0,Goodware,goodware:Goodware
2024-10-18 14:05:00,User\C:\Windows\System32\WindowsPowerShell\v1.0\powershell.exe,,1,2,1,0,0,2,9,0,0,0,16,0,Goodware,goodware:Goodware
2024-10-18 14:05:00,LOCAL SERVICE\C:\Windows\System32\wbem\WmiPrvSE.exe,,1,0,0,0,0,0,3,0,0,0,4,0,Goodware,goodware:Goodware
2024-10-18 14:05:00,User\C:\Program Files\WindowsApps\MicrosoftWindows.Client.WebExperience_524.24900.130.0_x64__cw5n1h2txyewy\Dashboard\Widgets.exe,,0,0,0,0,0,1,0,0,0,0,3,0,Goodware,goodware:Goodware
2024-10-18 14:05:00,User\C:\Windows\SystemApps\ShellExperienceHost_cw5n1h2txyewy\ShellExperienceHost.exe,,0,0,0,0,0,0,1,0,0,0,1,0,Goodware,goodware:Goodware
2024-10-18 14:05:00,SYSTEM\C:\Windows\System32\lsass.exe,,0,0,0,0,0,0,0,0,0,0,1,0,Goodware,goodware:Goodware
2024-10-18 14:05:00,User\C:\Windows\System32\svchost.exe,,1,0,0,0,0,0,0,0,0,0,1,0,Goodware,goodware:Goodware
2024-10-18 14:10:00,-\C:\Windows\Explorer.EXE,,0,0,0,0,0,0,0,0,0,0,42,0,Goodware,goodware:Goodware
2024-10-18 14:10:00,End-user\C:\Program Files (x86)\Microsoft\Edge\Application\msedge.exe,,0,0,0,0,0,1,0,0,0,0,2,0,Goodware,goodware:Goodware
2024-10-18 14:10:00,End-user\C:\Users\End-user\Desktop\goodware\AudacityPortable\App\Audacity64\audacity.exe,,0,4,0,0,0,1,0,0,0,0,5,0,Goodware,goodware:Goodware
2024-10-18 14:10:00,End-user\C:\Users\End-user\Desktop\goodware\AudacityPortable\App\Audacity64\Audacity.exe,,0,0,0,0,0,0,0,0,0,0,1,0,Goodware,goodware:Goodware
2024-10-18 14:10:00,End-user\C:\Users\End-user\Desktop\goodware\AudacityPortable\AudacityPortable.exe,,0,0,3,0,0,0,0,0,0,0,4,0,Goodware,goodware:Goodware
2024-10-18 14:10:00,-\C:\Windows\system32\csrss.exe,,0,0,0,0,0,0,0,0,0,0,4,0,Goodware,goodware:Goodware
2024-10-18 14:10:00,End-user\C:\Users\End-user\Desktop\goodware\DebugViewPortable_4.90_Release_2_English_online.paf.exe,,1,70,8,0,1,1,10,0,0,0,99,0,Goodware,goodware:Goodware
2024-10-18 14:10:00,-\C:\Windows\system32\svchost.exe,,0,0,0,0,0,0,0,0,0,0,11,0,Goodware,goodware:Goodware
2024-10-18 14:10:00,-\C:\Windows\System32\svchost.exe,,0,0,0,0,0,0,0,0,0,0,3,0,Goodware,goodware:Goodware
2024-10-18 14:10:00,-\C:\Windows\system32\lsass.exe,,0,0,0,0,0,0,0,0,0,0,3,0,Goodware,goodware:Goodware
2024-10-18 14:10:00,-\C:\Users\End-user\Desktop\goodware\DebugViewPortable_4.90_Release_2_English_online.paf.exe,,0,0,0,0,0,0,0,0,0,0,2,0,Goodware,goodware:Goodware
2024-10-18 14:10:00,End-user\C:\Users\End-user\Desktop\goodware\DebugViewPortable\7zTemp\7z.exe,,1,5,1,0,0,0,0,0,0,0,8,0,Goodware,goodware:Goodware
2024-10-18 14:10:00,-\C:\Windows\system32\conhost.exe,,0,0,0,0,0,0,0,0,0,0,1,0,Goodware,goodware:Goodware
2024-10-18 14:10:00,End-user\C:\Users\End-user\Desktop\goodware\DebugViewPortable\DebugViewPortable.exe,,1,4,0,0,0,0,3,0,0,0,10,0,Goodware,goodware:Goodware
2024-10-18 14:10:00,End-user\C:\Users\End-user\Desktop\goodware\DebugViewPortable\App\DebugView\Dbgview.exe,,1,0,0,0,0,0,2,0,0,0,3,0,Goodware,goodware:Goodware
2024-10-18 14:10:00,-\C:\Users\End-user\Desktop\goodware\DebugViewPortable\DebugViewPortable.exe,,0,0,0,0,0,0,0,0,0,0,1,0,Goodware,goodware:Goodware
2024-10-18 14:10:00,End-user\C:\Windows\Explorer.EXE,,0,13,2,0,0,3,0,0,0,0,18,0,Goodware,goodware:Goodware
2024-10-18 14:10:00,SYSTEM\C:\Windows\system32\svchost.exe,,0,1,0,0,0,4,0,0,0,0,5,0,Goodware,goodware:Goodware
2024-10-18 14:10:00,SYSTEM\\\?\C:\Windows\system32\wbem\WMIADAP.EXE,,0,10,0,0,0,11,0,0,0,0,21,0,Goodware,goodware:Goodware
2024-10-18 14:10:00,End-user\C:\Windows\explorer.exe,,0,0,0,0,0,0,12,0,0,0,12,0,Goodware,goodware:Goodware
2024-10-18 14:10:00,End-user\C:\Program Files\WindowsApps\MicrosoftWindows.Client.WebExperience_524.24900.130.0_x64__cw5n1h2txyewy\Dashboard\Widgets.exe,,0,0,0,0,0,1,0,0,0,0,2,0,Goodware,goodware:Goodware
2024-10-18 14:10:00,End-user\C:\Program Files (x86)\Microsoft\EdgeWebView\Application\129.0.2792.89\msedgewebview2.exe,,10,0,1,0,0,12,4,0,0,0,45,0,Goodware,goodware:Goodware
2024-10-18 14:10:00,End-user\C:\Windows\system32\DllHost.exe,,0,0,0,0,0,1,0,0,0,0,1,0,Goodware,goodware:Goodware
2024-10-18 14:10:00,LOCAL SERVICE\C:\Windows\System32\svchost.exe,,2,0,0,0,0,0,0,0,0,0,2,0,Goodware,goodware:Goodware
2024-10-18 14:10:00,SYSTEM\C:\Windows\System32\svchost.exe,,0,0,0,0,0,18,2,0,0,0,21,0,Goodware,goodware:Goodware
2024-10-18 14:10:00,-\C:\Program Files (x86)\Microsoft\EdgeWebView\Application\129.0.2792.89\msedgewebview2.exe,,0,0,0,0,0,0,0,0,0,0,3,0,Goodware,goodware:Goodware
2024-10-18 14:10:00,SYSTEM\C:\Windows\System32\sc.exe,,1,0,0,0,0,0,0,0,0,0,1,0,Goodware,goodware:Goodware
2024-10-18 14:10:00,End-user\C:\Windows\System32\cmd.exe,,2,0,0,0,0,0,0,0,0,0,2,0,Goodware,goodware:Goodware
2024-10-18 14:10:00,End-user\C:\Program Files\WindowsApps\Microsoft.WindowsTerminal_1.20.11781.0_x64__8wekyb3d8bbwe\OpenConsole.exe,,0,0,0,0,0,1,1,0,0,0,2,0,Goodware,goodware:Goodware
2024-10-18 14:10:00,End-user\C:\Windows\System32\conhost.exe,,0,0,0,0,0,0,1,0,0,0,1,0,Goodware,goodware:Goodware
2024-10-18 14:10:00,End-user\C:\Program Files\WindowsApps\Microsoft.WindowsTerminal_1.20.11781.0_x64__8wekyb3d8bbwe\WindowsTerminal.exe,,0,0,0,0,0,1,3,0,0,0,4,0,Goodware,goodware:Goodware
2024-10-18 14:10:00,End-user\C:\Windows\system32\cmd.exe,,0,0,0,0,0,2,0,0,0,0,2,0,Goodware,goodware:Goodware
2024-10-18 14:10:00,End-user\C:\Windows\ImmersiveControlPanel\SystemSettings.exe,,0,0,0,0,0,0,1,0,0,0,1,0,Goodware,goodware:Goodware
2024-10-18 14:10:00,End-user\C:\Users\End-user\AppData\Local\Programs\Microsoft VS Code\Code.exe,,11,7,0,0,21,15,50,0,0,0,149,0,Goodware,goodware:Goodware
2024-10-18 14:10:00,-\C:\Users\End-user\AppData\Local\Programs\Microsoft VS Code\Code.exe,,0,0,0,0,0,0,0,0,0,0,38,0,Goodware,goodware:Goodware
2024-10-18 14:10:00,End-user\C:\Users\End-user\AppData\Local\Programs\Microsoft VS Code\bin\code-tunnel.exe,,1,0,0,0,0,0,1,0,0,0,3,0,Goodware,goodware:Goodware
2024-10-18 14:10:00,NETWORK SERVICE\C:\Windows\System32\wbem\WmiPrvSE.exe,,1,0,0,0,0,0,1,0,0,0,2,0,Goodware,goodware:Goodware
2024-10-18 14:10:00,SYSTEM\C:\ProgramData\Microsoft\Windows Defender\Platform\4.18.24080.9-0\MsMpEng.exe,,0,0,0,0,0,0,1,0,0,0,1,0,Goodware,goodware:Goodware
2024-10-18 14:10:00,SYSTEM\C:\ProgramData\Microsoft\Windows Defender\Platform\4.18.24080.9-0\MpCmdRun.exe,,0,1,0,0,0,0,5,0,0,0,6,0,Goodware,goodware:Goodware
2024-10-18 14:10:00,SYSTEM\C:\Windows\System32\taskhostw.exe,,0,0,0,0,0,0,1,0,0,0,1,0,Goodware,goodware:Goodware
2024-10-18 14:10:00,User\C:\Program Files (x86)\Microsoft\EdgeWebView\Application\129.0.2792.89\msedgewebview2.exe,,0,0,2,0,0,0,0,0,0,0,2,0,Goodware,goodware:Goodware
2024-10-18 14:15:00,End-user\C:\Program Files (x86)\Microsoft\Edge\Application\msedge.exe,,0,0,3,0,0,2,0,0,0,0,5,0,Goodware,goodware:Goodware
2024-10-18 14:15:00,SYSTEM\C:\Windows\System32\svchost.exe,,0,0,0,0,0,6,0,0,0,0,6,0,Goodware,goodware:Goodware
2024-10-18 14:15:00,-\C:\Windows\Explorer.EXE,,0,0,0,0,0,0,0,0,0,0,43,0,Goodware,goodware:Goodware
2024-10-18 14:15:00,End-user\C:\Users\End-user\AppData\Local\Programs\Microsoft VS Code\Code.exe,,3,1,0,0,12,8,9,0,0,0,122,0,Goodware,goodware:Goodware
2024-10-18 14:15:00,-\C:\Users\End-user\AppData\Local\Programs\Microsoft VS Code\Code.exe,,0,0,0,0,0,0,0,0,0,0,174,0,Goodware,goodware:Goodware
2024-10-18 14:15:00,End-user\C:\Users\End-user\.vscode\extensions\ms-python.python-2024.16.1-win32-x64\python-env-tools\bin\pet.exe,,1,0,0,0,0,0,0,0,0,0,1,0,Goodware,goodware:Goodware
2024-10-18 14:15:00,End-user\C:\Windows\System32\cmd.exe,,5,0,0,0,0,0,0,0,0,0,5,0,Goodware,goodware:Goodware
2024-10-18 14:15:00,End-user\C:\Windows\system32\cmd.exe,,0,0,0,0,0,6,0,0,0,0,6,0,Goodware,goodware:Goodware
2024-10-18 14:15:00,-\C:\Windows\system32\cmd.exe,,0,0,0,0,0,0,0,0,0,0,2,0,Goodware,goodware:Goodware
2024-10-18 14:15:00,-\C:\Windows\system32\csrss.exe,,0,0,0,0,0,0,0,0,0,0,4,0,Goodware,goodware:Goodware
2024-10-18 14:15:00,-\C:\Windows\system32\svchost.exe,,0,0,0,0,0,0,0,0,0,0,15,0,Goodware,goodware:Goodware
2024-10-18 14:15:00,-\C:\Windows\system32\conhost.exe,,0,0,0,0,0,0,0,0,0,0,2,0,Goodware,goodware:Goodware
2024-10-18 14:15:00,-\C:\Windows\System32\svchost.exe,,0,0,0,0,0,0,0,0,0,0,4,0,Goodware,goodware:Goodware
2024-10-18 14:15:00,End-user\C:\Program Files\WindowsApps\Microsoft.DesktopAppInstaller_1.23.1911.0_x64__8wekyb3d8bbwe\AppInstallerPythonRedirector.exe,,0,2,0,0,0,0,0,0,0,0,2,0,Goodware,goodware:Goodware
2024-10-18 14:15:00,End-user\C:\Windows\System32\conhost.exe,,0,0,0,0,0,0,1,0,0,0,2,0,Goodware,goodware:Goodware
2024-10-18 14:15:00,End-user\C:\Windows\System32\WindowsPowerShell\v1.0\powershell.exe,,1,1,1,0,0,0,9,0,0,0,13,0,Goodware,goodware:Goodware
2024-10-18 14:15:00,End-user\C:\Windows\System32\reg.exe,,12,0,0,0,0,0,0,0,0,0,12,0,Goodware,goodware:Goodware
2024-10-18 14:15:00,End-user\C:\Users\End-user\anaconda3\Scripts\conda.exe,,0,0,0,0,0,1,0,0,0,0,2,0,Goodware,goodware:Goodware
2024-10-18 14:15:00,End-user\C:\Windows\Explorer.EXE,,0,0,0,0,0,1,0,0,0,0,1,0,Goodware,goodware:Goodware
2024-10-18 14:15:00,SYSTEM\C:\Windows\system32\svchost.exe,,0,0,0,0,0,2,0,0,0,0,2,0,Goodware,goodware:Goodware
2024-10-18 14:15:00,End-user\C:\Users\End-user\anaconda3\python.exe,,0,0,0,0,0,4,4,0,0,0,12,0,Goodware,goodware:Goodware
2024-10-18 14:15:00,NETWORK SERVICE\C:\Windows\System32\wbem\WmiPrvSE.exe,,1,0,0,0,0,0,1,0,0,0,2,0,Goodware,goodware:Goodware
2024-10-18 14:15:00,End-user\C:\Program Files\WindowsApps\Microsoft.WindowsTerminal_1.20.11781.0_x64__8wekyb3d8bbwe\OpenConsole.exe,,0,0,0,0,0,1,1,0,0,0,2,0,Goodware,goodware:Goodware
2024-10-18 14:15:00,End-user\C:\Program Files\WindowsApps\Microsoft.WindowsTerminal_1.20.11781.0_x64__8wekyb3d8bbwe\WindowsTerminal.exe,,0,0,0,0,0,1,3,0,0,0,4,0,Goodware,goodware:Goodware
2024-10-18 14:15:00,End-user\C:\Users\End-user\Desktop\goodware\PortableWinampFull.exe,,1,1131,0,0,0,1,1,0,0,0,1135,0,Goodware,goodware:Goodware
2024-10-18 14:15:00,-\C:\Windows\system32\lsass.exe,,0,0,0,0,0,0,0,0,0,0,1,0,Goodware,goodware:Goodware
2024-10-18 14:15:00,SYSTEM\C:\ProgramData\Microsoft\Windows Defender\Platform\4.18.24080.9-0\MpDefenderCoreService.exe,,0,0,0,0,1,0,0,0,0,0,2,0,Goodware,goodware:Goodware
2024-10-18 14:15:00,LOCAL SERVICE\C:\Windows\system32\svchost.exe,,0,0,0,0,0,2,0,0,0,0,2,0,Goodware,goodware:Goodware
2024-10-18 14:15:00,SYSTEM\C:\Windows\System32\taskhostw.exe,,0,0,0,0,0,0,1,0,0,0,1,0,Goodware,goodware:Goodware
2024-10-18 14:15:00,SYSTEM\System,,0,1,0,0,0,0,0,0,0,0,1,0,Goodware,goodware:Goodware
2024-10-18 14:15:00,SYSTEM\C:\Program Files (x86)\Microsoft\EdgeUpdate\MicrosoftEdgeUpdate.exe,,1,0,0,0,0,0,1,0,0,0,2,0,Goodware,goodware:Goodware
2024-10-18 14:15:00,End-user\C:\Users\End-user\Desktop\goodware\Winamp\winamp.exe,,1,3,0,0,2,0,0,0,0,0,8,0,Goodware,goodware:Goodware
2024-10-18 14:20:00,End-user\C:\Users\End-user\Desktop\goodware\Winamp\winamp.exe,,0,20,0,0,4,0,2,0,0,0,27,0,Goodware,goodware:Goodware
2024-10-18 14:20:00,-\C:\Windows\Explorer.EXE,,0,0,0,0,0,0,0,0,0,0,116,0,Goodware,goodware:Goodware
2024-10-18 14:20:00,-\C:\Windows\system32\svchost.exe,,0,0,0,0,0,0,0,0,0,0,2,0,Goodware,goodware:Goodware
2024-10-18 14:20:00,SYSTEM\C:\ProgramData\Microsoft\Windows Defender\Platform\4.18.24080.9-0\MpDefenderCoreService.exe,,0,0,0,0,1,0,0,0,0,0,1,0,Goodware,goodware:Goodware
2024-10-18 14:20:00,-\C:\Windows\system32\lsass.exe,,0,0,0,0,0,0,0,0,0,0,1,0,Goodware,goodware:Goodware
2024-10-18 14:20:00,End-user\C:\Windows\Explorer.EXE,,0,0,0,0,0,1,0,0,0,0,1,0,Goodware,goodware:Goodware
2024-10-18 14:20:00,End-user\C:\Program Files (x86)\Microsoft\EdgeWebView\Application\129.0.2792.89\msedgewebview2.exe,,0,0,3,0,0,0,0,0,0,0,3,0,Goodware,goodware:Goodware
2024-10-18 14:20:00,SYSTEM\C:\Windows\System32\taskhostw.exe,,0,0,0,0,0,0,1,0,0,0,1,0,Goodware,goodware:Goodware
2024-10-18 14:20:00,NETWORK SERVICE\C:\Windows\System32\wbem\WmiPrvSE.exe,,1,0,0,0,0,0,1,0,0,0,2,0,Goodware,goodware:Goodware
2024-10-18 14:20:00,NETWORK SERVICE\C:\Windows\System32\svchost.exe,,0,0,0,0,4,0,0,0,0,0,4,0,Goodware,goodware:Goodware
2024-10-18 14:20:00,SYSTEM\C:\Windows\System32\svchost.exe,,0,0,0,0,0,12,0,0,0,0,12,0,Goodware,goodware:Goodware
2024-10-18 14:20:00,End-user\C:\Users\End-user\AppData\Local\Programs\Microsoft VS Code\Code.exe,,0,0,0,0,1,0,0,0,0,0,2,0,Goodware,goodware:Goodware
2024-10-18 14:20:00,SYSTEM\C:\Windows\system32\svchost.exe,,0,1,0,0,0,0,0,0,0,0,1,0,Goodware,goodware:Goodware
2024-10-18 14:20:00,SYSTEM\C:\Windows\System32\provtool.exe,,0,0,0,0,0,0,4,0,0,0,4,0,Goodware,goodware:Goodware
2024-10-18 14:25:00,SYSTEM\C:\ProgramData\Microsoft\Windows Defender\Platform\4.18.24080.9-0\MpDefenderCoreService.exe,,0,0,0,0,1,0,0,0,0,0,1,0,Goodware,goodware:Goodware
2024-10-18 14:25:00,LOCAL SERVICE\C:\Windows\System32\svchost.exe,,0,1,0,0,0,0,0,0,0,0,1,0,Goodware,goodware:Goodware
2024-10-18 14:25:00,SYSTEM\C:\Windows\System32\svchost.exe,,1,0,0,0,0,6,2,0,0,0,9,0,Goodware,goodware:Goodware
2024-10-18 14:25:00,-\C:\Windows\Explorer.EXE,,0,0,0,0,0,0,0,0,0,0,19,0,Goodware,goodware:Goodware
2024-10-18 14:25:00,-\C:\Windows\system32\svchost.exe,,0,0,0,0,0,0,0,0,0,0,6,0,Goodware,goodware:Goodware
2024-10-18 14:25:00,End-user\C:\Users\End-user\Desktop\goodware\DebugViewPortable\App\DebugView\Dbgview.exe,,0,0,0,0,0,0,0,0,0,0,1,0,Goodware,goodware:Goodware
2024-10-18 14:25:00,End-user\C:\Users\End-user\Desktop\goodware\DebugViewPortable\App\DebugView\DbgView.exe,,0,0,0,0,0,1,0,0,0,0,1,0,Goodware,goodware:Goodware
2024-10-18 14:25:00,End-user\C:\Users\End-user\Desktop\goodware\DebugViewPortable\DebugViewPortable.exe,,0,1,4,0,0,0,1,0,0,0,8,0,Goodware,goodware:Goodware
2024-10-18 14:25:00,End-user\C:\Program Files (x86)\Microsoft\EdgeWebView\Application\129.0.2792.89\msedgewebview2.exe,,1,0,0,0,0,2,2,0,0,0,6,0,Goodware,goodware:Goodware
2024-10-18 14:25:00,End-user\C:\Users\End-user\Desktop\goodware\Winamp\winamp.exe,,0,16,0,0,0,1,0,0,0,0,18,0,Goodware,goodware:Goodware
2024-10-18 14:25:00,SYSTEM\C:\Windows\system32\svchost.exe,,0,0,0,0,0,2,0,0,0,0,2,0,Goodware,goodware:Goodware
2024-10-18 14:25:00,End-user\C:\Windows\Explorer.EXE,,0,8116,1,0,0,0,0,0,0,0,8117,0,Goodware,goodware:Goodware
2024-10-18 14:25:00,End-user\C:\Windows\system32\DllHost.exe,,0,0,0,0,0,2,0,0,0,0,2,0,Goodware,goodware:Goodware
2024-10-18 14:25:00,-\C:\Windows\system32\csrss.exe,,0,0,0,0,0,0,0,0,0,0,1,0,Goodware,goodware:Goodware
2024-10-18 14:25:00,End-user\C:\Users\End-user\Desktop\goodware\kate-22.12.0-1880-windows-cl-msvc2019-x86_64\bin\kate.exe,,1,0,0,0,0,1,0,0,0,0,4,0,Goodware,goodware:Goodware
2024-10-18 14:25:00,-\C:\Windows\System32\svchost.exe,,0,0,0,0,0,0,0,0,0,0,1,0,Goodware,goodware:Goodware
2024-10-18 14:25:00,-\C:\Windows\system32\lsass.exe,,0,0,0,0,0,0,0,0,0,0,1,0,Goodware,goodware:Goodware
2024-10-18 14:25:00,End-user\C:\Windows\explorer.exe,,0,0,0,0,0,0,778,0,0,0,778,0,Goodware,goodware:Goodware
2024-10-18 14:30:00,End-user\C:\Windows\Explorer.EXE,,0,5229,0,0,0,1,0,0,0,0,5230,0,Goodware,goodware:Goodware
2024-10-18 14:30:00,End-user\C:\Windows\explorer.exe,,0,0,0,0,0,0,4294,0,0,0,4294,0,Goodware,goodware:Goodware
2024-10-18 14:30:00,SYSTEM\C:\ProgramData\Microsoft\Windows Defender\Platform\4.18.24080.9-0\MpDefenderCoreService.exe,,0,0,0,0,2,0,0,0,0,0,2,0,Goodware,goodware:Goodware
2024-10-18 14:30:00,SYSTEM\C:\Windows\System32\svchost.exe,,1,0,0,0,0,6,0,0,0,0,7,0,Goodware,goodware:Goodware
2024-10-18 14:30:00,SYSTEM\C:\Windows\System32\taskhostw.exe,,0,0,0,0,0,0,1,0,0,0,1,0,Goodware,goodware:Goodware
2024-10-18 14:30:00,SYSTEM\C:\Windows\system32\svchost.exe,,0,0,0,0,0,11,0,0,0,0,11,0,Goodware,goodware:Goodware
2024-10-18 14:30:00,End-user\C:\Program Files\BraveSoftware\Brave-Browser\Application\brave.exe,,4,15,19,0,0,49,8,0,0,0,150,0,Goodware,goodware:Goodware
2024-10-18 14:30:00,SYSTEM\C:\Program Files (x86)\BraveSoftware\Update\BraveUpdate.exe,,0,2,0,0,0,0,0,0,0,0,2,0,Goodware,goodware:Goodware
2024-10-18 14:30:00,SYSTEM\C:\Program Files\BraveSoftware\Brave-Browser\Application\130.1.71.114\Installer\setup.exe,,2,0,22,0,0,0,4,0,0,0,30,0,Goodware,goodware:Goodware
2024-10-18 14:30:00,NETWORK SERVICE\C:\Windows\System32\sppsvc.exe,,0,0,0,0,0,0,2,0,0,0,2,0,Goodware,goodware:Goodware
2024-10-18 14:30:00,-\C:\Windows\Explorer.EXE,,0,0,0,0,0,0,0,0,0,0,3,0,Goodware,goodware:Goodware
2024-10-18 14:30:00,NETWORK SERVICE\C:\Windows\System32\wbem\WmiPrvSE.exe,,1,0,0,0,0,0,1,0,0,0,2,0,Goodware,goodware:Goodware
2024-10-18 14:30:00,LOCAL SERVICE\C:\Windows\System32\svchost.exe,,1,0,0,0,0,0,0,0,0,0,1,0,Goodware,goodware:Goodware
2024-10-18 14:30:00,User\C:\Program Files\WindowsApps\MicrosoftTeams_24256.2502.3123.1_x64__8wekyb3d8bbwe\msteamsupdate.exe,,0,0,0,0,0,0,1,0,0,0,1,0,Goodware,goodware:Goodware
2024-10-18 14:30:00,End-user\C:\Users\End-user\AppData\Local\Programs\Microsoft VS Code\Code.exe,,0,0,0,0,4,0,0,0,0,0,4,0,Goodware,goodware:Goodware
2024-10-18 14:30:00,-\C:\Users\User\AppData\Local\Microsoft\OneDrive\OneDrive.exe,,0,0,0,0,0,0,0,0,0,0,44,0,Goodware,goodware:Goodware
2024-10-18 14:30:00,User\C:\Windows\System32\backgroundTaskHost.exe,,0,0,0,0,0,0,2,0,0,0,2,0,Goodware,goodware:Goodware
2024-10-18 14:30:00,End-user\C:\Windows\System32\backgroundTaskHost.exe,,0,0,0,0,0,0,3,0,0,0,3,0,Goodware,goodware:Goodware
2024-10-18 14:30:00,User\C:\Windows\System32\RuntimeBroker.exe,,0,0,0,0,0,0,1,0,0,0,1,0,Goodware,goodware:Goodware
2024-10-18 14:30:00,End-user\C:\Windows\System32\RuntimeBroker.exe,,0,0,0,0,0,0,1,0,0,0,1,0,Goodware,goodware:Goodware
2024-10-18 14:35:00,SYSTEM\C:\ProgramData\Microsoft\Windows Defender\Platform\4.18.24080.9-0\MpDefenderCoreService.exe,,0,0,0,0,1,0,0,0,0,0,1,0,Goodware,goodware:Goodware
2024-10-18 14:35:00,SYSTEM\C:\Windows\System32\svchost.exe,,0,0,0,0,0,6,0,0,0,0,6,0,Goodware,goodware:Goodware
2024-10-18 14:35:00,-\C:\Users\End-user\AppData\Local\Microsoft\OneDrive\OneDrive.exe,,0,0,0,0,0,0,0,0,0,0,74,0,Goodware,goodware:Goodware
2024-10-18 14:35:00,End-user\<unknown process>,,0,0,0,0,0,0,0,0,0,0,2,0,Goodware,goodware:Goodware
2024-10-18 14:35:00,End-user\C:\Windows\Explorer.EXE,,0,0,1,0,0,2,0,0,0,0,3,0,Goodware,goodware:Goodware
2024-10-18 14:35:00,End-user\C:\Users\End-user\AppData\Local\Programs\Microsoft VS Code\Code.exe,,8,7,0,0,9,14,28,0,0,0,80,0,Goodware,goodware:Goodware
2024-10-18 14:35:00,-\C:\Users\End-user\AppData\Local\Programs\Microsoft VS Code\Code.exe,,0,0,0,0,0,0,0,0,0,0,28,0,Goodware,goodware:Goodware
2024-10-18 14:35:00,SYSTEM\C:\Windows\system32\svchost.exe,,0,0,0,0,0,4,0,0,0,0,4,0,Goodware,goodware:Goodware
2024-10-18 14:35:00,End-user\C:\Windows\System32\svchost.exe,,0,0,0,0,0,0,1,0,0,0,1,0,Goodware,goodware:Goodware
2024-10-18 14:35:00,End-user\C:\Windows\system32\sihost.exe,,0,0,0,0,0,0,0,0,0,0,5,0,Goodware,goodware:Goodware
2024-10-18 14:35:00,End-user\C:\Windows\SystemApps\MicrosoftWindows.Client.CBS_cw5n1h2txyewy\SearchHost.exe,,0,0,12,0,0,0,0,0,0,0,13,0,Goodware,goodware:Goodware
2024-10-18 14:35:00,NETWORK SERVICE\C:\Windows\System32\svchost.exe,,0,0,0,0,4,0,0,0,0,0,4,0,Goodware,goodware:Goodware
2024-10-18 14:35:00,End-user\C:\Windows\System32\cmd.exe,,3,0,0,0,0,0,1,0,0,0,4,0,Goodware,goodware:Goodware
2024-10-18 14:35:00,End-user\C:\Windows\system32\DllHost.exe,,0,0,0,0,0,1,0,0,0,0,1,0,Goodware,goodware:Goodware
2024-10-18 14:35:00,End-user\C:\Program Files\WindowsApps\Microsoft.WindowsTerminal_1.20.11781.0_x64__8wekyb3d8bbwe\OpenConsole.exe,,0,0,0,0,0,0,1,0,0,0,1,0,Goodware,goodware:Goodware
2024-10-18 14:35:00,End-user\C:\Windows\System32\conhost.exe,,0,0,0,0,0,0,1,0,0,0,1,0,Goodware,goodware:Goodware
2024-10-18 14:35:00,End-user\C:\Program Files\WindowsApps\Microsoft.WindowsTerminal_1.20.11781.0_x64__8wekyb3d8bbwe\WindowsTerminal.exe,,0,0,0,0,0,0,3,0,0,0,3,0,Goodware,goodware:Goodware
2024-10-18 14:35:00,End-user\C:\Windows\system32\svchost.exe,,0,0,0,0,0,0,0,0,0,0,1,0,Goodware,goodware:Goodware
2024-10-18 14:35:00,End-user\C:\Windows\system32\cmd.exe,,0,0,0,0,0,5,0,0,0,0,5,0,Goodware,goodware:Goodware
2024-10-18 14:35:00,End-user\C:\Windows\System32\reg.exe,,2,0,0,0,0,0,0,0,0,0,2,0,Goodware,goodware:Goodware
2024-10-18 14:35:00,End-user\C:\Users\End-user\Desktop\goodware\TextMorph36.exe,,1,0,0,0,0,0,0,0,0,0,2,0,Goodware,goodware:Goodware
2024-10-18 14:35:00,-\C:\Windows\Explorer.EXE,,0,0,0,0,0,0,0,0,0,0,12,0,Goodware,goodware:Goodware
2024-10-18 14:35:00,-\C:\Windows\system32\csrss.exe,,0,0,0,0,0,0,0,0,0,0,3,0,Goodware,goodware:Goodware
2024-10-18 14:35:00,SYSTEM\C:\Windows\System32\consent.exe,,0,0,0,0,0,0,4,0,0,0,4,0,Goodware,goodware:Goodware
2024-10-18 14:35:00,-\C:\Windows\system32\svchost.exe,,0,0,0,0,0,0,0,0,0,0,4,0,Goodware,goodware:Goodware
2024-10-18 14:35:00,User\C:\Users\End-user\Desktop\goodware\TextMorph36.exe,,1,5,4,0,0,0,0,0,0,0,15,0,Goodware,goodware:Goodware
2024-10-18 14:35:00,-\C:\Windows\System32\svchost.exe,,0,0,0,0,0,0,0,0,0,0,1,0,Goodware,goodware:Goodware
2024-10-18 14:35:00,-\C:\Users\End-user\Desktop\goodware\TextMorph36.exe,,0,0,0,0,0,0,0,0,0,0,1,0,Goodware,goodware:Goodware
2024-10-18 14:35:00,User\C:\Users\User\AppData\Local\Temp\7zSCE619DBF\Setup.exe,,1,0,0,0,0,0,6,0,0,0,8,0,Goodware,goodware:Goodware
2024-10-18 14:35:00,NETWORK SERVICE\C:\Windows\System32\wbem\WmiPrvSE.exe,,2,0,0,0,0,0,2,0,0,0,4,0,Goodware,goodware:Goodware
2024-10-18 14:35:00,-\C:\Users\User\AppData\Local\Temp\7zSCE619DBF\setup.exe,,0,0,0,0,0,0,0,0,0,0,364,0,Goodware,goodware:Goodware
2024-10-18 14:35:00,User\C:\Users\User\AppData\Local\Temp\7zSCE619DBF\setup.exe,,0,8,1,0,0,2,0,0,0,0,12,0,Goodware,goodware:Goodware
2024-10-18 14:35:00,End-user\C:\Program Files\BraveSoftware\Brave-Browser\Application\brave.exe,,0,0,0,0,0,0,0,0,0,0,1,0,Goodware,goodware:Goodware
2024-10-18 14:35:00,End-user\C:\Program Files (x86)\TextMorph 3.6\TextMorph.exe,,0,0,0,0,0,1,0,0,0,0,1,0,Goodware,goodware:Goodware
2024-10-18 14:35:00,End-user\C:\Program Files\WindowsApps\MicrosoftTeams_24256.2502.3123.1_x64__8wekyb3d8bbwe\msteams.exe,,1,0,0,0,0,0,0,0,0,0,1,0,Goodware,goodware:Goodware
2024-10-18 14:35:00,End-user\C:\Program Files (x86)\Microsoft\EdgeWebView\Application\129.0.2792.89\msedgewebview2.exe,,1,0,0,0,0,2,0,0,0,0,4,0,Goodware,goodware:Goodware
2024-10-18 14:35:00,End-user\C:\Windows\System32\smartscreen.exe,,0,0,0,0,0,0,1,0,0,0,1,0,Goodware,goodware:Goodware
2024-10-18 14:35:00,End-user\C:\Users\End-user\Downloads\NordVPNSetup.exe,,1,0,1,0,0,0,1,0,0,0,5,0,Goodware,goodware:Goodware
2024-10-18 14:35:00,End-user\C:\Users\End-user\AppData\Local\Temp\is-TRECN.tmp\NordVPNSetup.tmp,,1,0,1,0,4,1,9,0,0,0,22,0,Goodware,goodware:Goodware
2024-10-18 14:35:00,End-user\C:\Users\End-user\AppData\Local\Temp\is-PKVG7.tmp\NordVPNSetup.exe,,1,0,0,0,0,0,1,0,0,0,3,0,Goodware,goodware:Goodware
2024-10-18 14:35:00,-\C:\Users\End-user\AppData\Local\Temp\is-TRECN.tmp\NordVPNSetup.tmp,,0,0,0,0,0,0,0,0,0,0,1,0,Goodware,goodware:Goodware
2024-10-18 14:35:00,End-user\C:\Users\End-user\AppData\Local\Temp\is-ECFH6.tmp\NordVPNSetup.tmp,,1,0,0,0,0,0,2,0,0,0,3,0,Goodware,goodware:Goodware
2024-10-18 14:35:00,-\C:\Users\End-user\AppData\Local\Temp\is-PKVG7.tmp\NordVPNSetup.exe,,0,0,0,0,0,0,0,0,0,0,2,0,Goodware,goodware:Goodware
2024-10-18 14:35:00,User\C:\Users\End-user\AppData\Local\Temp\is-PKVG7.tmp\NordVPNSetup.exe,,1,0,0,0,0,0,1,0,0,0,3,0,Goodware,goodware:Goodware
2024-10-18 14:35:00,User\C:\Users\User\AppData\Local\Temp\is-JF8D6.tmp\NordVPNSetup.tmp,,1,3,1,0,2,0,12,0,0,0,27,0,Goodware,goodware:Goodware
2024-10-18 14:35:00,-\C:\Users\User\AppData\Local\Temp\is-JF8D6.tmp\NordVPNSetup.tmp,,0,0,0,0,0,0,0,0,0,0,9,0,Goodware,goodware:Goodware
2024-10-18 14:35:00,User\C:\Users\User\AppData\Local\Temp\is-3QVJU.tmp\deldirrpa.exe,,1,0,0,0,0,0,1,0,0,0,3,0,Goodware,goodware:Goodware
2024-10-18 14:35:00,User\C:\Windows\SysWOW64\taskkill.exe,,1,0,0,0,0,0,2,0,0,0,3,0,Goodware,goodware:Goodware
2024-10-18 14:35:00,User\C:\Users\User\AppData\Local\Temp\is-3QVJU.tmp\NordUpdaterSetup.exe,,1,0,1,0,0,0,1,0,0,0,5,0,Goodware,goodware:Goodware
2024-10-18 14:35:00,User\C:\Users\User\AppData\Local\Temp\is-RJI5F.tmp\NordUpdaterSetup.tmp,,1,1,4,0,0,1,3,0,0,0,16,0,Goodware,goodware:Goodware
2024-10-18 14:35:00,-\C:\Users\User\AppData\Local\Temp\is-3QVJU.tmp\NordUpdaterSetup.exe,,0,0,0,0,0,0,0,0,0,0,1,0,Goodware,goodware:Goodware
2024-10-18 14:35:00,-\C:\Users\User\AppData\Local\Temp\is-RJI5F.tmp\NordUpdaterSetup.tmp,,0,0,0,0,0,0,0,0,0,0,18,0,Goodware,goodware:Goodware
2024-10-18 14:35:00,User\C:\Users\User\AppData\Local\Temp\is-4D090.tmp\deldirrpa.exe,,1,0,0,0,0,0,1,0,0,0,3,0,Goodware,goodware:Goodware
2024-10-18 14:35:00,User\C:\Users\User\AppData\Local\Temp\is-4D090.tmp\_isetup\_setup64.tmp,,1,0,0,0,0,0,1,0,0,0,3,0,Goodware,goodware:Goodware
2024-10-18 14:35:00,User\C:\Windows\System32\icacls.exe,,14,0,0,0,0,0,0,0,0,0,14,0,Goodware,goodware:Goodware
2024-10-18 14:35:00,SYSTEM\C:\Windows\system32\services.exe,,0,0,0,0,0,8,0,0,0,0,8,0,Goodware,goodware:Goodware
2024-10-18 14:35:00,SYSTEM\C:\Program Files\NordUpdater\NordUpdateService.exe,,0,14,0,0,0,0,8,0,0,0,24,0,Goodware,goodware:Goodware
2024-10-18 14:35:00,User\C:\Users\User\AppData\Local\Temp\is-3QVJU.tmp\_isetup\_setup64.tmp,,1,0,0,0,0,0,1,0,0,0,2,0,Goodware,goodware:Goodware
2024-10-18 14:40:00,User\C:\Users\User\AppData\Local\Temp\is-JF8D6.tmp\NordVPNSetup.tmp,,0,6,2,0,0,2,0,0,0,0,10,0,Goodware,goodware:Goodware
2024-10-18 14:40:00,-\C:\Users\User\AppData\Local\Temp\is-JF8D6.tmp\NordVPNSetup.tmp,,0,0,0,0,0,0,0,0,0,0,99,0,Goodware,goodware:Goodware
2024-10-18 14:40:00,User\C:\Windows\System32\icacls.exe,,4,0,0,0,0,0,0,0,0,0,4,0,Goodware,goodware:Goodware
2024-10-18 14:40:00,SYSTEM\C:\Windows\system32\svchost.exe,,0,18,0,0,0,3,0,0,0,0,21,0,Goodware,goodware:Goodware
2024-10-18 14:40:00,SYSTEM\C:\Windows\system32\services.exe,,0,5,0,0,0,27,0,0,0,0,32,0,Goodware,goodware:Goodware
2024-10-18 14:40:00,SYSTEM\C:\Program Files\NordVPN\nordvpn-service.exe,,0,27,1,0,0,0,10,0,0,0,40,0,Goodware,goodware:Goodware
2024-10-18 14:40:00,User\C:\Windows\system32\DllHost.exe,,0,0,0,0,0,1,0,0,0,0,1,0,Goodware,goodware:Goodware
2024-10-18 14:40:00,-\-,,0,0,0,0,0,0,0,0,0,0,2,0,Goodware,goodware:Goodware
2024-10-18 14:40:00,SYSTEM\C:\Windows\System32\cmd.exe,,3,0,0,0,0,0,0,0,0,0,3,0,Goodware,goodware:Goodware
2024-10-18 14:40:00,-\C:\Program Files\NordVPN\nordvpn-service.exe,,0,0,0,0,0,0,0,0,0,0,7,0,Goodware,goodware:Goodware
2024-10-18 14:40:00,SYSTEM\C:\Windows\system32\pnputil.exe,,0,14,2,0,0,0,0,0,0,0,16,0,Goodware,goodware:Goodware
2024-10-18 14:40:00,SYSTEM\C:\Windows\system32\DrvInst.exe,,0,10,2,0,0,3,0,0,0,0,15,0,Goodware,goodware:Goodware
2024-10-18 14:40:00,NETWORK SERVICE\C:\Windows\system32\svchost.exe,,0,7,0,0,0,0,0,0,0,0,7,0,Goodware,goodware:Goodware
2024-10-18 14:40:00,SYSTEM\C:\Program Files\NordVPN\7.29.3.0\Drivers\tapctl.exe,,0,2,0,0,0,0,0,0,0,0,2,0,Goodware,goodware:Goodware
2024-10-18 14:40:00,SYSTEM\C:\Windows\System32\svchost.exe,,1,0,0,0,0,76,4,0,0,0,81,0,Goodware,goodware:Goodware
2024-10-18 14:40:00,SYSTEM\C:\Windows\System32\netsh.exe,,1,0,0,0,0,0,2,0,0,0,3,0,Goodware,goodware:Goodware
2024-10-18 14:40:00,SYSTEM\C:\Windows\SYSTEM32\netsh.exe,,0,1,0,0,0,0,0,0,0,0,1,0,Goodware,goodware:Goodware
2024-10-18 14:40:00,LOCAL SERVICE\C:\Windows\system32\svchost.exe,,0,0,0,0,0,3,0,0,0,0,3,0,Goodware,goodware:Goodware
2024-10-18 14:40:00,End-user\C:\Program Files (x86)\Microsoft\Edge\Application\msedge.exe,,0,0,0,0,0,0,0,0,0,0,1,0,Goodware,goodware:Goodware
2024-10-18 14:40:00,SYSTEM\C:\Program Files\NordUpdater\NordUpdateService.exe,,0,0,0,0,0,0,0,0,0,0,1,0,Goodware,goodware:Goodware
2024-10-18 14:40:00,SYSTEM\C:\Windows\System32\wbem\WMIADAP.exe,,0,0,0,0,0,0,2,0,0,0,2,0,Goodware,goodware:Goodware
2024-10-18 14:40:00,SYSTEM\C:\Windows\System32\wbem\WmiPrvSE.exe,,1,0,0,0,0,0,1,0,0,0,2,0,Goodware,goodware:Goodware
2024-10-18 14:40:00,End-user\C:\Users\End-user\AppData\Local\Programs\Microsoft VS Code\Code.exe,,0,0,0,0,1,0,0,0,0,0,1,0,Goodware,goodware:Goodware
2024-10-18 14:40:00,NETWORK SERVICE\C:\Windows\System32\wbem\WmiPrvSE.exe,,1,0,0,0,0,0,1,0,0,0,2,0,Goodware,goodware:Goodware
2024-10-18 14:40:00,SYSTEM\C:\Windows\UUS\Packages\Preview\amd64\MoUsoCoreWorker.exe,,0,0,0,0,0,0,1,0,0,0,1,0,Goodware,goodware:Goodware
2024-10-18 14:40:00,End-user\C:\Windows\System32\DeviceCensus.exe,,0,0,0,0,0,0,1,0,0,0,1,0,Goodware,goodware:Goodware
2024-10-18 14:40:00,SYSTEM\\\?\C:\Windows\system32\wbem\WMIADAP.EXE,,0,10,0,0,0,11,0,0,0,0,21,0,Goodware,goodware:Goodware
2024-10-18 14:45:00,User\C:\Users\User\AppData\Local\Temp\is-3QVJU.tmp\_isetup\_setup64.tmp,,0,0,0,0,0,0,0,0,0,0,1,0,Goodware,goodware:Goodware
2024-10-18 14:45:00,User\C:\Users\User\AppData\Local\Temp\is-JF8D6.tmp\NordVPNSetup.tmp,,0,0,5,0,0,1,0,0,0,0,7,0,Goodware,goodware:Goodware
2024-10-18 14:45:00,SYSTEM\C:\Windows\system32\svchost.exe,,0,5,4,0,0,6,0,0,0,0,15,0,Goodware,goodware:Goodware
2024-10-18 14:45:00,User\C:\Users\End-user\AppData\Local\Temp\is-PKVG7.tmp\NordVPNSetup.exe,,0,0,1,0,0,0,0,0,0,0,2,0,Goodware,goodware:Goodware
2024-10-18 14:45:00,End-user\C:\Users\End-user\AppData\Local\Temp\is-ECFH6.tmp\NordVPNSetup.tmp,,0,0,0,0,0,1,0,0,0,0,2,0,Goodware,goodware:Goodware
2024-10-18 14:45:00,End-user\C:\Users\End-user\AppData\Local\Temp\is-PKVG7.tmp\NordVPNSetup.exe,,0,0,1,0,0,0,0,0,0,0,2,0,Goodware,goodware:Goodware
2024-10-18 14:45:00,-\C:\Windows\Explorer.EXE,,0,0,0,0,0,0,0,0,0,0,1,0,Goodware,goodware:Goodware
2024-10-18 14:45:00,End-user\C:\Program Files\BraveSoftware\Brave-Browser\Application\brave.exe,,0,0,6,0,0,8,0,0,0,0,14,0,Goodware,goodware:Goodware
2024-10-18 14:45:00,End-user\C:\Program Files\WindowsApps\Microsoft.WindowsTerminal_1.20.11781.0_x64__8wekyb3d8bbwe\WindowsTerminal.exe,,0,0,0,0,0,1,0,0,0,0,1,0,Goodware,goodware:Goodware
2024-10-18 14:45:00,End-user\C:\Windows\system32\cmd.exe,,0,0,0,0,0,1,0,0,0,0,1,0,Goodware,goodware:Goodware
2024-10-18 14:45:00,End-user\C:\Program Files\WindowsApps\Microsoft.WindowsTerminal_1.20.11781.0_x64__8wekyb3d8bbwe\OpenConsole.exe,,0,0,0,0,0,1,0,0,0,0,1,0,Goodware,goodware:Goodware
2024-10-18 14:45:00,End-user\C:\Windows\SystemApps\MicrosoftWindows.Client.CBS_cw5n1h2txyewy\SearchHost.exe,,0,0,32,0,0,1,0,0,0,0,36,0,Goodware,goodware:Goodware
2024-10-18 14:45:00,End-user\C:\Windows\system32\sihost.exe,,0,0,0,0,0,0,0,0,0,0,4,0,Goodware,goodware:Goodware
2024-10-18 14:45:00,SYSTEM\C:\Windows\System32\svchost.exe,,0,0,0,0,0,12,0,0,0,0,12,0,Goodware,goodware:Goodware
2024-10-18 14:45:00,End-user\C:\Windows\System32\RuntimeBroker.exe,,0,0,0,0,0,5,1,0,0,0,6,0,Goodware,goodware:Goodware
2024-10-18 14:45:00,End-user\C:\Windows\system32\DllHost.exe,,0,0,0,0,0,3,0,0,0,0,3,0,Goodware,goodware:Goodware
2024-10-18 14:45:00,SYSTEM\C:\Windows\System32\consent.exe,,0,0,0,0,0,0,2,0,0,0,2,0,Goodware,goodware:Goodware
2024-10-18 14:45:00,User\C:\Users\End-user\Desktop\goodware\gVimPortable\gVimPortable.exe,,1,2,2,0,0,1,3,0,0,0,12,0,Goodware,goodware:Goodware
2024-10-18 14:45:00,-\C:\Windows\system32\svchost.exe,,0,0,0,0,0,0,0,0,0,0,11,0,Goodware,goodware:Goodware
2024-10-18 14:45:00,-\C:\Windows\system32\csrss.exe,,0,0,0,0,0,0,0,0,0,0,3,0,Goodware,goodware:Goodware
2024-10-18 14:45:00,-\C:\Windows\System32\svchost.exe,,0,0,0,0,0,0,0,0,0,0,2,0,Goodware,goodware:Goodware
2024-10-18 14:45:00,-\C:\Windows\system32\lsass.exe,,0,0,0,0,0,0,0,0,0,0,2,0,Goodware,goodware:Goodware
2024-10-18 14:45:00,User\C:\Users\End-user\Desktop\goodware\gVimPortable\App\vim\gvim.exe,,1,1,0,0,0,1,1,0,0,0,5,0,Goodware,goodware:Goodware
2024-10-18 14:45:00,-\C:\Users\End-user\Desktop\goodware\gVimPortable\gVimPortable.exe,,0,0,0,0,0,0,0,0,0,0,1,0,Goodware,goodware:Goodware
2024-10-18 14:45:00,End-user\C:\Windows\Explorer.EXE,,0,0,2,0,0,1,0,0,0,0,3,0,Goodware,goodware:Goodware
2024-10-18 14:45:00,End-user\C:\Users\End-user\AppData\Local\Programs\Microsoft VS Code\Code.exe,,0,0,0,0,1,11,0,0,0,0,23,0,Goodware,goodware:Goodware
2024-10-18 14:45:00,SYSTEM\System,,0,1,0,0,0,0,0,0,0,0,1,0,Goodware,goodware:Goodware
2024-10-18 14:45:00,SYSTEM\C:\Windows\System32\LogonUI.exe,,0,0,0,0,0,0,1,0,0,0,1,0,Goodware,goodware:Goodware
2024-10-18 14:45:00,End-user\C:\Windows\System32\WindowsPowerShell\v1.0\powershell.exe,,0,0,0,0,0,1,0,0,0,0,1,0,Goodware,goodware:Goodware
2024-10-18 14:45:00,End-user\C:\Program Files\WindowsApps\MicrosoftWindows.Client.WebExperience_524.24900.130.0_x64__cw5n1h2txyewy\Dashboard\Widgets.exe,,0,0,0,0,0,1,0,0,0,0,1,0,Goodware,goodware:Goodware
2024-10-18 14:45:00,End-user\C:\Program Files\WindowsApps\MicrosoftTeams_24256.2502.3123.1_x64__8wekyb3d8bbwe\msteams.exe,,0,0,0,0,0,1,0,0,0,0,1,0,Goodware,goodware:Goodware
2024-10-18 14:45:00,End-user\C:\Windows\System32\VBoxTray.exe,,0,0,0,0,0,1,0,0,0,0,1,0,Goodware,goodware:Goodware
2024-10-18 14:45:00,End-user\C:\Users\End-user\.vscode\extensions\ms-python.python-2024.16.1-win32-x64\python-env-tools\bin\pet.exe,,0,0,0,0,0,0,0,0,0,0,1,0,Goodware,goodware:Goodware
2024-10-18 14:45:00,End-user\C:\Program Files (x86)\Microsoft\EdgeWebView\Application\129.0.2792.89\msedgewebview2.exe,,0,0,0,0,0,13,0,0,0,0,13,0,Goodware,goodware:Goodware
2024-10-18 14:45:00,End-user\C:\Program Files (x86)\Microsoft\Edge\Application\msedge.exe,,0,0,0,0,0,7,0,0,0,0,7,0,Goodware,goodware:Goodware
2024-10-18 14:45:00,End-user\C:\Users\End-user\AppData\Local\Microsoft\OneDrive\OneDrive.exe,,0,0,0,0,0,0,0,0,0,0,1,0,Goodware,goodware:Goodware
2024-10-18 14:45:00,End-user\C:\Windows\SystemApps\ShellExperienceHost_cw5n1h2txyewy\ShellExperienceHost.exe,,0,0,0,0,0,1,0,0,0,0,1,0,Goodware,goodware:Goodware
2024-10-18 14:45:00,End-user\C:\Windows\SystemApps\Microsoft.Windows.StartMenuExperienceHost_cw5n1h2txyewy\StartMenuExperienceHost.exe,,0,0,0,0,0,1,0,0,0,0,1,0,Goodware,goodware:Goodware
2024-10-18 14:45:00,End-user\C:\Windows\ImmersiveControlPanel\SystemSettings.exe,,0,0,0,0,0,1,0,0,0,0,1,0,Goodware,goodware:Goodware
2024-10-18 14:45:00,End-user\C:\Windows\system32\ApplicationFrameHost.exe,,0,0,0,0,0,1,0,0,0,0,1,0,Goodware,goodware:Goodware
2024-10-18 14:45:00,SYSTEM\C:\Windows\system32\services.exe,,0,0,0,0,0,122,0,0,0,0,122,0,Goodware,goodware:Goodware
2024-10-18 14:45:00,NETWORK SERVICE\C:\Windows\System32\svchost.exe,,0,3,0,0,0,4,0,0,0,0,7,0,Goodware,goodware:Goodware
2024-10-18 14:45:00,User\C:\Program Files\WindowsApps\MicrosoftWindows.Client.WebExperience_524.24900.130.0_x64__cw5n1h2txyewy\Dashboard\Widgets.exe,,0,0,0,0,0,1,0,0,0,0,1,0,Goodware,goodware:Goodware
2024-10-18 14:45:00,User\C:\Program Files (x86)\Microsoft\EdgeWebView\Application\129.0.2792.89\msedgewebview2.exe,,0,0,0,0,0,7,0,0,0,0,7,0,Goodware,goodware:Goodware
2024-10-18 14:45:00,User\C:\Windows\system32\DllHost.exe,,0,0,0,0,0,1,0,0,0,0,1,0,Goodware,goodware:Goodware
2024-10-18 14:45:00,User\C:\Users\User\AppData\Local\Microsoft\OneDrive\OneDrive.exe,,0,0,0,0,0,0,0,0,0,0,1,0,Goodware,goodware:Goodware
2024-10-18 14:45:00,User\C:\Windows\SystemApps\Microsoft.Windows.StartMenuExperienceHost_cw5n1h2txyewy\StartMenuExperienceHost.exe,,0,0,0,0,0,1,0,0,0,0,1,0,Goodware,goodware:Goodware
2024-10-18 14:45:00,User\C:\Windows\SystemApps\ShellExperienceHost_cw5n1h2txyewy\ShellExperienceHost.exe,,0,0,0,0,0,1,0,0,0,0,1,0,Goodware,goodware:Goodware
2024-10-18 14:45:00,User\C:\Windows\SystemApps\MicrosoftWindows.Client.CBS_cw5n1h2txyewy\SearchHost.exe,,0,0,0,0,0,1,0,0,0,0,1,0,Goodware,goodware:Goodware
2024-10-18 14:45:00,User\C:\Windows\Explorer.EXE,,0,0,0,0,0,1,0,0,0,0,1,0,Goodware,goodware:Goodware
2024-10-18 14:45:00,User\C:\Windows\System32\RuntimeBroker.exe,,0,0,0,0,0,2,0,0,0,0,2,0,Goodware,goodware:Goodware
2024-10-18 14:45:00,DWM-1\C:\Windows\system32\dwm.exe,,0,0,0,0,0,1,0,0,0,0,1,0,Goodware,goodware:Goodware
2024-10-18 14:45:00,SYSTEM\C:\Windows\system32\csrss.exe,,0,0,0,0,0,1,0,0,0,0,1,0,Goodware,goodware:Goodware
2024-10-18 14:45:00,LOCAL SERVICE\C:\Windows\System32\svchost.exe,,0,8,0,0,0,2,0,0,0,0,10,0,Goodware,goodware:Goodware
2024-10-18 14:45:00,SYSTEM\C:\Windows\System32\ROUTE.EXE,,2,0,0,0,0,0,0,0,0,0,2,0,Goodware,goodware:Goodware
2024-10-18 14:45:00,-\C:\Program Files\NordVPN\nordvpn-service.exe,,0,0,0,0,0,0,0,0,0,0,2,0,Goodware,goodware:Goodware
2024-10-18 14:45:00,SYSTEM\C:\ProgramData\Microsoft\Windows Defender\Platform\4.18.24080.9-0\MsMpEng.exe,,0,0,0,0,0,3,0,0,0,0,3,0,Goodware,goodware:Goodware
2024-10-18 14:45:00,-\-,,0,0,0,0,0,0,0,0,0,0,2,0,Goodware,goodware:Goodware
2024-10-18 14:50:00,SYSTEM\System,,0,19,0,0,0,0,0,0,0,0,19,0,Goodware,goodware:Goodware
2024-10-18 14:50:00,-\-,,0,0,0,0,0,0,0,0,0,0,6,0,Goodware,goodware:Goodware
2024-10-18 14:50:00,SYSTEM\C:\Windows\System32\smss.exe,,0,0,0,0,0,10,0,0,0,0,10,0,Goodware,goodware:Goodware
2024-10-18 14:50:00,SYSTEM\C:\Windows\System32\csrss.exe,,3,0,0,0,0,0,0,0,0,0,3,0,Goodware,goodware:Goodware
2024-10-18 14:50:00,SYSTEM\C:\Windows\system32\csrss.exe,,0,0,0,0,0,2,0,0,0,0,2,0,Goodware,goodware:Goodware
2024-10-18 14:50:00,SYSTEM\C:\Windows\system32\wininit.exe,,0,0,0,0,0,4,0,0,0,0,6,0,Goodware,goodware:Goodware
2024-10-18 14:50:00,-\C:\Windows\system32\wininit.exe,,0,0,0,0,0,0,0,0,0,0,1,0,Goodware,goodware:Goodware
2024-10-18 14:50:00,-\C:\Windows\system32\csrss.exe,,0,0,0,0,0,0,0,0,0,0,1,0,Goodware,goodware:Goodware
2024-10-18 14:50:00,SYSTEM\C:\Windows\System32\lsass.exe,,1,0,0,0,0,0,0,0,0,0,1,0,Goodware,goodware:Goodware
2024-10-18 14:50:00,SYSTEM\C:\Windows\system32\lsass.exe,,0,1,1,0,0,3,0,0,0,0,6,0,Goodware,goodware:Goodware
2024-10-18 14:50:00,SYSTEM\C:\Windows\system32\services.exe,,0,0,0,0,0,544,0,0,0,0,546,0,Goodware,goodware:Goodware
2024-10-18 14:50:00,SYSTEM\C:\Windows\system32\svchost.exe,,0,8,0,0,0,53,0,0,0,0,66,0,Goodware,goodware:Goodware
2024-10-18 14:50:00,NETWORK SERVICE\C:\Windows\system32\svchost.exe,,0,0,0,0,0,2,0,0,0,0,5,0,Goodware,goodware:Goodware
2024-10-18 14:50:00,SYSTEM\C:\Windows\System32\svchost.exe,,10,0,0,0,0,0,14,0,0,0,25,0,Goodware,goodware:Goodware
2024-10-18 14:50:00,SYSTEM\C:\Windows\system32\winlogon.exe,,0,2,0,0,0,2,0,0,0,0,4,0,Goodware,goodware:Goodware
2024-10-18 14:50:00,LOCAL SERVICE\C:\Windows\System32\svchost.exe,,20,9,3,0,0,5,3,0,0,0,43,0,Goodware,goodware:Goodware
2024-10-18 14:50:00,NETWORK SERVICE\C:\Windows\System32\svchost.exe,,0,7,0,0,4,1,3,0,0,0,16,0,Goodware,goodware:Goodware
2024-10-18 14:50:00,LOCAL SERVICE\C:\Windows\system32\svchost.exe,,0,0,0,0,0,22,0,0,0,0,22,0,Goodware,goodware:Goodware
2024-10-18 14:50:00,SYSTEM\C:\Windows\System32\spoolsv.exe,,1,0,0,0,0,6,1,0,0,0,12,0,Goodware,goodware:Goodware
2024-10-18 14:50:00,SYSTEM\C:\Program Files\NordVPN\nordvpn-service.exe,,0,8,1,0,0,0,10,0,0,0,21,0,Goodware,goodware:Goodware
2024-10-18 14:50:00,SYSTEM\C:\Windows\System32\LogonUI.exe,,0,0,0,0,0,0,3,0,0,0,3,0,Goodware,goodware:Goodware
2024-10-18 14:50:00,SYSTEM\C:\Windows\System32\taskhostw.exe,,0,0,0,0,0,0,2,0,0,0,2,0,Goodware,goodware:Goodware
2024-10-18 14:50:00,SYSTEM\C:\ProgramData\Microsoft\Windows Defender\Platform\4.18.24080.9-0\MsMpEng.exe,,0,0,0,0,0,0,5,0,0,0,5,0,Goodware,goodware:Goodware
2024-10-18 14:50:00,SYSTEM\C:\Program Files\NordUpdater\NordUpdateService.exe,,0,0,0,0,0,0,8,0,0,0,10,0,Goodware,goodware:Goodware
2024-10-18 14:50:00,SYSTEM\C:\ProgramData\Microsoft\Windows Defender\Platform\4.18.24080.9-0\MpDefenderCoreService.exe,,0,0,0,0,1,0,3,0,0,0,4,0,Goodware,goodware:Goodware
2024-10-18 14:50:00,SYSTEM\C:\Windows\Sysmon.exe,,0,0,0,0,0,0,2,0,0,0,2,0,Goodware,goodware:Goodware
2024-10-18 14:50:00,NETWORK SERVICE\C:\Windows\System32\wbem\WmiPrvSE.exe,,2,0,0,0,0,0,2,0,0,0,4,0,Goodware,goodware:Goodware
2024-10-18 14:50:00,SYSTEM\C:\Windows\System32\wbem\WmiPrvSE.exe,,1,0,0,0,0,0,1,0,0,0,2,0,Goodware,goodware:Goodware
2024-10-18 14:50:00,User\C:\Windows\System32\svchost.exe,,2,0,0,0,0,0,0,0,0,0,2,0,Goodware,goodware:Goodware
2024-10-18 14:50:00,SYSTEM\C:\Windows\System32\wevtutil.exe,,12,0,0,0,2,0,0,0,0,0,14,0,Goodware,goodware:Goodware
2024-10-18 14:50:00,SYSTEM\C:\Program Files (x86)\Microsoft\EdgeUpdate\MicrosoftEdgeUpdate.exe,,1,0,0,0,0,0,2,0,0,0,3,0,Goodware,goodware:Goodware
2024-10-18 14:50:00,User\C:\Windows\system32\userinit.exe,,0,0,0,0,0,1,0,0,0,0,1,0,Goodware,goodware:Goodware
2024-10-18 14:50:00,User\C:\Windows\explorer.exe,,0,0,0,0,0,0,2,0,0,0,2,0,Goodware,goodware:Goodware
2024-10-18 14:50:00,SYSTEM\C:\Windows\System32\sdbinst.exe,,1,0,0,0,0,0,0,0,0,0,1,0,Goodware,goodware:Goodware
2024-10-18 14:50:00,SYSTEM\C:\Windows\system32\wevtutil.exe,,0,0,0,0,0,16,0,0,0,0,16,0,Goodware,goodware:Goodware
2024-10-18 14:50:00,User\C:\Windows\SystemApps\MicrosoftWindows.Client.CBS_cw5n1h2txyewy\SearchHost.exe,,0,0,13,0,0,0,1,0,0,0,14,0,Goodware,goodware:Goodware
2024-10-18 14:50:00,User\C:\Windows\SystemApps\Microsoft.Windows.StartMenuExperienceHost_cw5n1h2txyewy\StartMenuExperienceHost.exe,,0,0,0,0,0,0,1,0,0,0,1,0,Goodware,goodware:Goodware
2024-10-18 14:50:00,User\C:\Program Files\WindowsApps\Microsoft.WidgetsPlatformRuntime_1.4.0.0_x64__8wekyb3d8bbwe\WidgetService\WidgetService.exe,,0,7,0,0,0,0,0,0,0,0,7,0,Goodware,goodware:Goodware
2024-10-18 14:50:00,User\C:\Windows\system32\DllHost.exe,,0,0,0,0,0,5,0,0,0,0,5,0,Goodware,goodware:Goodware
2024-10-18 14:50:00,NETWORK SERVICE\C:\Windows\System32\SppExtComObj.Exe,,0,0,0,0,0,0,0,0,0,0,2,0,Goodware,goodware:Goodware
2024-10-18 14:50:00,User\C:\Windows\System32\RuntimeBroker.exe,,0,0,0,0,0,0,1,0,0,0,1,0,Goodware,goodware:Goodware
2024-10-18 14:50:00,User\C:\Program Files\WindowsApps\MicrosoftWindows.Client.WebExperience_524.24900.130.0_x64__cw5n1h2txyewy\Dashboard\Widgets.exe,,0,0,0,0,0,0,1,0,0,0,1,0,Goodware,goodware:Goodware
2024-10-18 14:50:00,NETWORK SERVICE\C:\Windows\system32\sppsvc.exe,,0,6,0,0,0,0,0,0,0,0,6,0,Goodware,goodware:Goodware
2024-10-18 14:50:00,SYSTEM\C:\Windows\system32\sdbinst.exe,,0,2,0,0,0,0,0,0,0,0,2,0,Goodware,goodware:Goodware
2024-10-18 14:50:00,SYSTEM\C:\Program Files (x86)\BraveSoftware\Update\BraveUpdate.exe,,0,6,0,0,0,0,2,0,0,0,8,0,Goodware,goodware:Goodware
2024-10-18 14:50:00,SYSTEM\C:\Program Files (x86)\BraveSoftware\Update\1.3.361.151\BraveCrashHandler64.exe,,0,2,0,0,0,0,0,0,0,0,2,0,Goodware,goodware:Goodware
2024-10-18 14:50:00,SYSTEM\C:\Program Files (x86)\BraveSoftware\Update\1.3.361.151\BraveCrashHandler.exe,,0,2,0,0,0,0,0,0,0,0,2,0,Goodware,goodware:Goodware
2024-10-18 14:50:00,SYSTEM\C:\Windows\system32\taskhostw.exe,,0,0,0,0,0,20,0,0,0,0,20,0,Goodware,goodware:Goodware
2024-10-18 14:50:00,SYSTEM\C:\Windows\System32\cmd.exe,,2,0,0,0,0,0,0,0,0,0,2,0,Goodware,goodware:Goodware
2024-10-18 14:50:00,-\C:\Program Files\NordVPN\nordvpn-service.exe,,0,0,0,0,0,0,0,0,0,0,4,0,Goodware,goodware:Goodware
2024-10-18 14:50:00,-\C:\Windows\system32\sppsvc.exe,,0,0,0,0,0,0,0,0,0,0,1,0,Goodware,goodware:Goodware
2024-10-18 14:50:00,SYSTEM\C:\Windows\system32\SearchIndexer.exe,,0,0,0,0,0,0,0,0,0,0,1,0,Goodware,goodware:Goodware
2024-10-18 14:50:00,User\C:\Windows\System32\SecurityHealthSystray.exe,,1,0,0,0,0,0,0,0,0,0,1,0,Goodware,goodware:Goodware
2024-10-18 14:50:00,SYSTEM\C:\Windows\System32\SecurityHealthService.exe,,0,0,0,0,0,0,4,0,0,0,4,0,Goodware,goodware:Goodware
2024-10-18 14:50:00,SYSTEM\C:\Windows\system32\SecurityHealthService.exe,,0,4,0,0,0,1,0,0,0,0,5,0,Goodware,goodware:Goodware
2024-10-18 14:50:00,User\C:\Windows\System32\taskhostw.exe,,0,0,0,0,0,0,1,0,0,0,1,0,Goodware,goodware:Goodware
2024-10-18 14:50:00,User\C:\Windows\System32\VBoxTray.exe,,1,0,0,0,0,0,0,0,0,0,2,0,Goodware,goodware:Goodware
2024-10-18 14:50:00,User\C:\Windows\System32\wevtutil.exe,,0,0,0,0,0,0,0,0,0,0,1,0,Goodware,goodware:Goodware
2024-10-18 14:50:00,User\C:\Users\User\AppData\Local\Microsoft\OneDrive\OneDrive.exe,,1,0,0,0,0,17,64,0,0,0,82,0,Goodware,goodware:Goodware
2024-10-18 14:50:00,User\C:\Users\User\AppData\Local\Microsoft\OneDrive\24.186.0915.0004\FileCoAuth.exe,,1,0,0,0,0,0,18,0,0,0,20,0,Goodware,goodware:Goodware
2024-10-18 14:50:00,-\C:\Users\User\AppData\Local\Microsoft\OneDrive\OneDrive.exe,,0,0,0,0,0,0,0,0,0,0,1,0,Goodware,goodware:Goodware
2024-10-18 14:50:00,-\C:\Windows\Explorer.EXE,,0,0,0,0,0,0,0,0,0,0,1,0,Goodware,goodware:Goodware
2024-10-18 14:50:00,User\C:\Program Files (x86)\Microsoft\Edge\Application\msedge.exe,,2,10,1,0,0,0,6,0,0,0,20,0,Goodware,goodware:Goodware
2024-10-18 14:50:00,NETWORK SERVICE\C:\Windows\System32\sppsvc.exe,,0,0,0,0,0,0,2,0,0,0,2,0,Goodware,goodware:Goodware
2024-10-18 14:50:00,User\C:\Windows\System32\sihost.exe,,0,0,0,0,0,0,1,0,0,0,1,0,Goodware,goodware:Goodware
2024-10-18 14:50:00,User\C:\Program Files\WindowsApps\MicrosoftTeams_24256.2502.3123.1_x64__8wekyb3d8bbwe\msteams_autostarter.exe,,0,0,0,0,0,0,1,0,0,0,1,0,Goodware,goodware:Goodware
2024-10-18 14:50:00,User\C:\Program Files\WindowsApps\MicrosoftWindows.CrossDevice_1.24091.30.0_x64__cw5n1h2txyewy\CrossDeviceService.exe,,0,0,0,0,0,0,1,0,0,0,2,0,Goodware,goodware:Goodware
2024-10-18 14:50:00,User\C:\Windows\Explorer.EXE,,0,0,1,0,0,0,0,0,0,0,1,0,Goodware,goodware:Goodware
2024-10-18 14:50:00,User\C:\Program Files\WindowsApps\MicrosoftTeams_24256.2502.3123.1_x64__8wekyb3d8bbwe\msteams.exe,,0,0,0,0,0,0,1,0,0,0,3,0,Goodware,goodware:Goodware
2024-10-18 14:50:00,User\C:\Program Files (x86)\Microsoft\EdgeWebView\Application\129.0.2792.89\msedgewebview2.exe,,9,0,2,0,0,0,5,0,0,0,32,0,Goodware,goodware:Goodware
2024-10-18 14:50:00,User\C:\Program Files\WindowsApps\MicrosoftTeams_24256.2502.3123.1_x64__8wekyb3d8bbwe\msteamsupdate.exe,,0,0,0,0,0,0,1,0,0,0,1,0,Goodware,goodware:Goodware
2024-10-18 14:50:00,-\C:\Program Files (x86)\Microsoft\EdgeWebView\Application\129.0.2792.89\msedgewebview2.exe,,0,0,0,0,0,0,0,0,0,0,3,0,Goodware,goodware:Goodware
2024-10-18 14:50:00,SYSTEM\C:\Program Files\Microsoft Update Health Tools\uhssvc.exe,,1,0,0,0,0,0,0,0,0,0,1,0,Goodware,goodware:Goodware
2024-10-18 14:50:00,SYSTEM\C:\Program Files\Winlogbeat\winlogbeat.exe,,1,0,0,0,0,0,0,0,0,0,2,0,Goodware,goodware:Goodware
2024-10-18 14:50:00,SYSTEM\C:\Windows\UUS\Packages\Preview\amd64\MoUsoCoreWorker.exe,,0,0,0,0,0,0,1,0,0,0,1,0,Goodware,goodware:Goodware
2024-10-18 14:50:00,End-user\C:\Windows\System32\svchost.exe,,2,0,0,0,0,0,0,0,0,0,2,0,Goodware,goodware:Goodware
2024-10-18 14:50:00,End-user\C:\Users\End-user\AppData\Local\Google\GoogleUpdater\131.0.6776.0\updater.exe,,1,0,0,0,0,0,0,0,0,0,1,0,Goodware,goodware:Goodware
2024-10-18 14:50:00,End-user\C:\Windows\system32\userinit.exe,,0,0,0,0,0,1,0,0,0,0,1,0,Goodware,goodware:Goodware
2024-10-18 14:50:00,End-user\C:\Windows\explorer.exe,,0,0,0,0,0,0,1,0,0,0,1,0,Goodware,goodware:Goodware
2024-10-18 14:55:00,End-user\C:\Windows\explorer.exe,,0,0,0,0,0,0,1,0,0,0,1,0,Goodware,goodware:Goodware
2024-10-18 14:55:00,SYSTEM\C:\Windows\system32\svchost.exe,,0,6,0,0,0,19,0,0,0,0,25,0,Goodware,goodware:Goodware
2024-10-18 14:55:00,End-user\C:\Windows\SystemApps\Microsoft.Windows.StartMenuExperienceHost_cw5n1h2txyewy\StartMenuExperienceHost.exe,,0,0,1,0,0,0,1,0,0,0,2,0,Goodware,goodware:Goodware
2024-10-18 14:55:00,End-user\C:\Windows\SystemApps\MicrosoftWindows.Client.CBS_cw5n1h2txyewy\SearchHost.exe,,0,1,28,0,0,0,1,0,0,0,31,0,Goodware,goodware:Goodware
2024-10-18 14:55:00,End-user\C:\Users\End-user\AppData\Local\Google\GoogleUpdater\131.0.6776.0\updater.exe,,11,2,0,0,0,0,12,0,0,0,43,0,Goodware,goodware:Goodware
2024-10-18 14:55:00,End-user\C:\Windows\system32\DllHost.exe,,0,0,1,0,0,0,0,0,0,0,1,0,Goodware,goodware:Goodware
2024-10-18 14:55:00,End-user\C:\Program Files\WindowsApps\Microsoft.WidgetsPlatformRuntime_1.4.0.0_x64__8wekyb3d8bbwe\WidgetService\WidgetService.exe,,0,7,0,0,0,0,0,0,0,0,7,0,Goodware,goodware:Goodware
2024-10-18 14:55:00,End-user\C:\Windows\System32\RuntimeBroker.exe,,0,0,0,0,0,1,3,0,0,0,4,0,Goodware,goodware:Goodware
2024-10-18 14:55:00,End-user\C:\Program Files\WindowsApps\MicrosoftWindows.Client.WebExperience_524.24900.130.0_x64__cw5n1h2txyewy\Dashboard\Widgets.exe,,0,0,0,0,0,0,1,0,0,0,1,0,Goodware,goodware:Goodware
2024-10-18 14:55:00,SYSTEM\C:\Program Files (x86)\BraveSoftware\Update\BraveUpdate.exe,,0,2,0,0,0,0,1,0,0,0,3,0,Goodware,goodware:Goodware
2024-10-18 14:55:00,-\C:\Users\End-user\AppData\Local\Google\GoogleUpdater\131.0.6776.0\updater.exe,,0,0,0,0,0,0,0,0,0,0,6,0,Goodware,goodware:Goodware
2024-10-18 14:55:00,NETWORK SERVICE\C:\Windows\system32\sppsvc.exe,,0,1,0,0,0,0,0,0,0,0,1,0,Goodware,goodware:Goodware
2024-10-18 14:55:00,SYSTEM\C:\Program Files (x86)\BraveSoftware\Update\1.3.361.151\BraveCrashHandler.exe,,0,1,0,0,0,0,0,0,0,0,1,0,Goodware,goodware:Goodware
2024-10-18 14:55:00,SYSTEM\C:\Program Files (x86)\BraveSoftware\Update\1.3.361.151\BraveCrashHandler64.exe,,0,1,0,0,0,0,0,0,0,0,1,0,Goodware,goodware:Goodware
2024-10-18 14:55:00,End-user\C:\Windows\System32\SecurityHealthSystray.exe,,1,0,0,0,0,0,0,0,0,0,1,0,Goodware,goodware:Goodware
2024-10-18 14:55:00,End-user\C:\Windows\Explorer.EXE,,0,0,5,0,0,3,0,0,0,0,8,0,Goodware,goodware:Goodware
2024-10-18 14:55:00,End-user\C:\Windows\System32\VBoxTray.exe,,1,0,0,0,0,0,0,0,0,0,2,0,Goodware,goodware:Goodware
2024-10-18 14:55:00,End-user\C:\Windows\system32\svchost.exe,,0,0,0,0,0,0,0,0,0,0,8,0,Goodware,goodware:Goodware
2024-10-18 14:55:00,End-user\C:\Users\End-user\AppData\Local\Microsoft\OneDrive\OneDrive.exe,,1,0,0,0,0,17,66,0,0,0,85,0,Goodware,goodware:Goodware
2024-10-18 14:55:00,End-user\C:\Users\End-user\AppData\Local\Microsoft\OneDrive\24.186.0915.0004\FileCoAuth.exe,,1,0,0,0,0,0,16,0,0,0,18,0,Goodware,goodware:Goodware
2024-10-18 14:55:00,-\C:\Users\End-user\AppData\Local\Microsoft\OneDrive\OneDrive.exe,,0,0,0,0,0,0,0,0,0,0,1,0,Goodware,goodware:Goodware
2024-10-18 14:55:00,-\C:\Windows\Explorer.EXE,,0,0,0,0,0,0,0,0,0,0,10,0,Goodware,goodware:Goodware
2024-10-18 14:55:00,End-user\C:\Program Files (x86)\Microsoft\Edge\Application\msedge.exe,,4,10,3,0,4,122,9,0,0,0,169,0,Goodware,goodware:Goodware
2024-10-18 14:55:00,SYSTEM\C:\Windows\system32\SecurityHealthService.exe,,0,4,0,0,0,0,0,0,0,0,4,0,Goodware,goodware:Goodware
2024-10-18 14:55:00,End-user\C:\Program Files (x86)\Microsoft\EdgeWebView\Application\129.0.2792.89\msedgewebview2.exe,,9,0,4,0,0,11,5,0,0,0,49,0,Goodware,goodware:Goodware
2024-10-18 14:55:00,End-user\C:\Windows\System32\sihost.exe,,0,0,0,0,0,0,1,0,0,0,1,0,Goodware,goodware:Goodware
2024-10-18 14:55:00,End-user\C:\Program Files\WindowsApps\MicrosoftTeams_24256.2502.3123.1_x64__8wekyb3d8bbwe\msteams_autostarter.exe,,0,0,0,0,0,1,1,0,0,0,2,0,Goodware,goodware:Goodware
2024-10-18 14:55:00,End-user\C:\Program Files\WindowsApps\MicrosoftTeams_24256.2502.3123.1_x64__8wekyb3d8bbwe\msteams.exe,,0,0,0,0,0,2,1,0,0,0,5,0,Goodware,goodware:Goodware
2024-10-18 14:55:00,NETWORK SERVICE\C:\Windows\System32\sppsvc.exe,,0,0,0,0,0,0,2,0,0,0,2,0,Goodware,goodware:Goodware
2024-10-18 14:55:00,End-user\C:\Program Files\WindowsApps\MicrosoftTeams_24256.2502.3123.1_x64__8wekyb3d8bbwe\msteamsupdate.exe,,0,0,0,0,0,1,0,0,0,0,1,0,Goodware,goodware:Goodware
2024-10-18 14:55:00,SYSTEM\C:\Windows\System32\wbem\WMIADAP.exe,,0,0,0,0,0,0,2,0,0,0,2,0,Goodware,goodware:Goodware
2024-10-18 14:55:00,-\C:\Program Files (x86)\Microsoft\EdgeWebView\Application\129.0.2792.89\msedgewebview2.exe,,0,0,0,0,0,0,0,0,0,0,6,0,Goodware,goodware:Goodware
2024-10-18 14:55:00,End-user\C:\Windows\System32\SecurityHealth\1.0.2402.27001-0\SecurityHealthHost.exe,,0,0,0,0,0,0,0,0,0,0,3,0,Goodware,goodware:Goodware
2024-10-18 14:55:00,SYSTEM\C:\ProgramData\Microsoft\Windows Defender\Platform\4.18.24080.9-0\MsMpEng.exe,,0,0,7,0,0,8,4,0,0,0,19,0,Goodware,goodware:Goodware
2024-10-18 14:55:00,End-user\C:\Windows\SystemApps\ShellExperienceHost_cw5n1h2txyewy\ShellExperienceHost.exe,,0,0,0,0,0,0,1,0,0,0,1,0,Goodware,goodware:Goodware
2024-10-18 14:55:00,End-user\C:\Program Files\NordVPN\NordVPN.exe,,2,0,0,0,0,2,17,0,0,0,29,0,Goodware,goodware:Goodware
2024-10-18 14:55:00,End-user\C:\Windows\System32\svchost.exe,,1,0,0,0,0,0,2,0,0,0,3,0,Goodware,goodware:Goodware
2024-10-18 14:55:00,End-user\C:\Program Files\WindowsApps\Microsoft.SecHealthUI_1000.25992.9000.0_x64__8wekyb3d8bbwe\SecHealthUI.exe,,0,0,0,0,0,1,1,0,0,0,2,0,Goodware,goodware:Goodware
2024-10-18 14:55:00,SYSTEM\C:\Windows\system32\services.exe,,0,0,0,0,0,19,0,0,0,0,19,0,Goodware,goodware:Goodware
2024-10-18 14:55:00,LOCAL SERVICE\C:\ProgramData\Microsoft\Windows Defender\Platform\4.18.24080.9-0\NisSrv.exe,,0,0,0,0,0,0,2,0,0,0,2,0,Goodware,goodware:Goodware
2024-10-18 14:55:00,End-user\C:\Windows\System32\WerFault.exe,,1,0,0,0,0,0,0,0,0,0,1,0,Goodware,goodware:Goodware
2024-10-18 14:55:00,End-user\C:\Program Files\WindowsApps\MicrosoftWindows.CrossDevice_1.24091.30.0_x64__cw5n1h2txyewy\CrossDeviceService.exe,,0,0,0,0,0,0,1,0,0,0,2,0,Goodware,goodware:Goodware
2024-10-18 14:55:00,SYSTEM\C:\Windows\System32\taskhostw.exe,,0,0,0,0,0,0,2,0,0,0,2,0,Goodware,goodware:Goodware
2024-10-18 14:55:00,End-user\C:\Windows\system32\sihost.exe,,0,0,0,0,0,0,0,0,0,0,5,0,Goodware,goodware:Goodware
2024-10-18 14:55:00,-\C:\Program Files (x86)\Microsoft\Edge\Application\msedge.exe,,0,0,0,0,0,0,0,0,0,0,3,0,Goodware,goodware:Goodware
2024-10-18 14:55:00,SYSTEM\C:\Windows\System32\svchost.exe,,0,0,0,0,0,6,4,0,0,0,10,0,Goodware,goodware:Goodware
2024-10-18 14:55:00,SYSTEM\C:\Windows\System32\sc.exe,,3,0,0,0,0,0,0,0,0,0,3,0,Goodware,goodware:Goodware
2024-10-18 14:55:00,LOCAL SERVICE\C:\Windows\system32\svchost.exe,,0,0,0,0,0,4,0,0,0,0,4,0,Goodware,goodware:Goodware
2024-10-18 14:55:00,End-user\C:\Program Files (x86)\Microsoft\Edge\Application\pwahelper.exe,,1,0,0,0,0,1,0,0,0,0,3,0,Goodware,goodware:Goodware
2024-10-18 14:55:00,User\C:\Program Files\WindowsApps\MicrosoftWindows.Client.WebExperience_524.24900.130.0_x64__cw5n1h2txyewy\Dashboard\Widgets.exe,,0,0,0,0,0,1,0,0,0,0,3,0,Goodware,goodware:Goodware
2024-10-18 14:55:00,User\C:\Program Files (x86)\Microsoft\EdgeWebView\Application\129.0.2792.89\msedgewebview2.exe,,9,0,3,0,0,11,6,0,0,0,43,0,Goodware,goodware:Goodware
2024-10-18 14:55:00,-\C:\Program Files\NordVPN\nordvpn-service.exe,,0,0,0,0,0,0,0,0,0,0,26,0,Goodware,goodware:Goodware
2024-10-18 14:55:00,SYSTEM\C:\Program Files\NordVPN\nordvpn-service.exe,,0,0,0,0,0,0,0,0,0,0,1,0,Goodware,goodware:Goodware
2024-10-18 14:55:00,-\C:\Program Files\NordUpdater\NordUpdateService.exe,,0,0,0,0,0,0,0,0,0,0,6,0,Goodware,goodware:Goodware
2024-10-18 14:55:00,SYSTEM\C:\Program Files\NordUpdater\NordUpdateService.exe,,0,4,0,0,0,0,0,0,0,0,5,0,Goodware,goodware:Goodware
2024-10-18 14:55:00,User\C:\Windows\SystemApps\ShellExperienceHost_cw5n1h2txyewy\ShellExperienceHost.exe,,0,0,0,0,0,0,1,0,0,0,1,0,Goodware,goodware:Goodware
2024-10-18 14:55:00,User\C:\Windows\System32\svchost.exe,,1,0,0,0,0,0,0,0,0,0,1,0,Goodware,goodware:Goodware
2024-10-18 15:00:00,End-user\C:\Windows\System32\OpenWith.exe,,0,0,0,0,0,0,2,0,0,0,2,0,Goodware,goodware:Goodware
2024-10-18 15:00:00,-\C:\Windows\Explorer.EXE,,0,0,0,0,0,0,0,0,0,0,9,0,Goodware,goodware:Goodware
2024-10-18 15:00:00,End-user\C:\Windows\system32\OpenWith.exe,,0,0,0,0,0,3,0,0,0,0,3,0,Goodware,goodware:Goodware
2024-10-18 15:00:00,SYSTEM\C:\Windows\system32\svchost.exe,,0,14,0,0,0,4,0,0,0,0,18,0,Goodware,goodware:Goodware
2024-10-18 15:00:00,SYSTEM\C:\Windows\System32\svchost.exe,,1,0,0,0,0,63,1,0,0,0,65,0,Goodware,goodware:Goodware
2024-10-18 15:00:00,End-user\C:\Program Files (x86)\Microsoft\Edge\Application\msedge.exe,,1,0,0,0,4,32,0,0,0,0,40,0,Goodware,goodware:Goodware
2024-10-18 15:00:00,End-user\C:\Windows\Explorer.EXE,,0,0,1,0,0,0,0,0,0,0,1,0,Goodware,goodware:Goodware
2024-10-18 15:00:00,End-user\C:\Program Files\WindowsApps\MicrosoftWindows.Client.WebExperience_524.24900.130.0_x64__cw5n1h2txyewy\Dashboard\Widgets.exe,,0,0,0,0,0,2,0,0,0,0,3,0,Goodware,goodware:Goodware
2024-10-18 15:00:00,End-user\C:\Program Files (x86)\Microsoft\EdgeWebView\Application\129.0.2792.89\msedgewebview2.exe,,10,0,1,0,0,11,5,0,0,0,46,0,Goodware,goodware:Goodware
2024-10-18 15:00:00,SYSTEM\\\?\C:\Windows\system32\wbem\WMIADAP.EXE,,0,10,0,0,0,11,0,0,0,0,21,0,Goodware,goodware:Goodware
2024-10-18 15:00:00,-\C:\Program Files\NordVPN\nordvpn-service.exe,,0,0,0,0,0,0,0,0,0,0,55,0,Goodware,goodware:Goodware
2024-10-18 15:00:00,End-user\C:\Windows\system32\sihost.exe,,0,0,0,0,0,1,0,0,0,0,1,0,Goodware,goodware:Goodware
2024-10-18 15:00:00,LOCAL SERVICE\C:\Windows\System32\svchost.exe,,1,0,0,0,0,2,0,0,0,0,3,0,Goodware,goodware:Goodware
2024-10-18 15:00:00,End-user\C:\Windows\System32\CredentialUIBroker.exe,,0,0,0,0,0,1,1,0,0,0,2,0,Goodware,goodware:Goodware
2024-10-18 15:00:00,-\C:\Program Files (x86)\Microsoft\EdgeWebView\Application\129.0.2792.89\msedgewebview2.exe,,0,0,0,0,0,0,0,0,0,0,3,0,Goodware,goodware:Goodware
2024-10-18 15:00:00,End-user\C:\Program Files\WindowsApps\MicrosoftTeams_24256.2502.3123.1_x64__8wekyb3d8bbwe\msteamsupdate.exe,,0,0,0,0,0,2,0,0,0,0,2,0,Goodware,goodware:Goodware
2024-10-18 15:00:00,End-user\C:\Windows\SystemApps\MicrosoftWindows.Client.CBS_cw5n1h2txyewy\SearchHost.exe,,0,0,1,0,0,0,0,0,0,0,1,0,Goodware,goodware:Goodware
2024-10-18 15:00:00,End-user\C:\Windows\System32\SecurityHealth\1.0.2402.27001-0\SecurityHealthHost.exe,,0,0,0,0,0,0,0,0,0,0,1,0,Goodware,goodware:Goodware
2024-10-18 15:00:00,NETWORK SERVICE\C:\Windows\System32\wbem\WmiPrvSE.exe,,1,0,0,0,0,0,1,0,0,0,2,0,Goodware,goodware:Goodware
2024-10-18 15:00:00,SYSTEM\C:\Windows\System32\taskhostw.exe,,0,0,0,0,0,0,1,0,0,0,1,0,Goodware,goodware:Goodware
2024-10-18 15:00:00,User\C:\Program Files (x86)\Microsoft\EdgeWebView\Application\129.0.2792.89\msedgewebview2.exe,,0,0,2,0,0,0,0,0,0,0,2,0,Goodware,goodware:Goodware
2024-10-18 15:00:00,End-user\C:\Program Files\NordVPN\NordVPN.exe,,0,0,0,0,0,2,10,0,0,0,15,0,Goodware,goodware:Goodware
2024-10-18 15:00:00,-\C:\Program Files\NordVPN\NordVPN.exe,,0,0,0,0,0,0,0,0,0,0,8,0,Goodware,goodware:Goodware
2024-10-18 15:00:00,LOCAL SERVICE\C:\Windows\system32\svchost.exe,,0,0,0,0,0,14,0,0,0,0,14,0,Goodware,goodware:Goodware
2024-10-18 15:00:00,SYSTEM\C:\Program Files\NordVPN\nordvpn-service.exe,,0,4,1,0,0,0,0,0,0,0,5,0,Goodware,goodware:Goodware
2024-10-18 15:00:00,SYSTEM\C:\Windows\System32\drvinst.exe,,1,0,0,0,0,0,0,0,0,0,1,0,Goodware,goodware:Goodware
2024-10-18 15:00:00,SYSTEM\C:\Windows\system32\DrvInst.exe,,0,6,2,0,0,1,0,0,0,0,9,0,Goodware,goodware:Goodware
2024-10-18 15:00:00,NETWORK SERVICE\C:\Windows\system32\svchost.exe,,0,7,0,0,0,2,0,0,0,0,9,0,Goodware,goodware:Goodware
2024-10-18 15:00:00,SYSTEM\C:\Windows\system32\services.exe,,0,1,0,0,0,14,0,0,0,0,15,0,Goodware,goodware:Goodware
2024-10-18 15:00:00,SYSTEM\C:\Windows\System32\netsh.exe,,3,0,0,0,0,0,0,0,0,0,3,0,Goodware,goodware:Goodware
2024-10-18 15:00:00,NETWORK SERVICE\C:\Windows\System32\svchost.exe,,0,0,0,0,4,7,0,0,0,0,16,0,Goodware,goodware:Goodware
2024-10-18 15:00:00,SYSTEM\C:\Windows\SYSTEM32\netsh.exe,,0,0,0,0,0,4,0,0,0,0,4,0,Goodware,goodware:Goodware
2024-10-18 15:00:00,SYSTEM\C:\Windows\System32\ROUTE.EXE,,1,0,0,0,0,0,0,0,0,0,1,0,Goodware,goodware:Goodware
2024-10-18 15:00:00,SYSTEM\C:\Windows\System32\cmd.exe,,1,0,0,0,0,0,0,0,0,0,1,0,Goodware,goodware:Goodware
2024-10-18 15:00:00,SYSTEM\C:\Windows\System32\spoolsv.exe,,0,0,0,0,0,0,0,0,0,0,1,0,Goodware,goodware:Goodware
2024-10-18 15:00:00,SYSTEM\C:\Program Files\Winlogbeat\winlogbeat.exe,,0,0,0,0,0,0,0,0,0,0,1,0,Goodware,goodware:Goodware
2024-10-18 15:00:00,SYSTEM\C:\Windows\system32\netcfg.exe,,0,15,0,0,0,7,0,0,0,0,22,0,Goodware,goodware:Goodware
2024-10-18 15:00:00,NETWORK SERVICE\C:\Windows\system32\sppsvc.exe,,0,4,0,0,0,0,0,0,0,0,4,0,Goodware,goodware:Goodware
2024-10-18 15:00:00,-\-,,0,0,0,0,0,0,0,0,0,0,1,0,Goodware,goodware:Goodware
2024-10-18 15:00:00,NETWORK SERVICE\C:\Windows\System32\SppExtComObj.Exe,,0,0,0,0,0,0,0,0,0,0,2,0,Goodware,goodware:Goodware
2024-10-18 15:00:00,End-user\C:\Windows\SystemApps\ShellExperienceHost_cw5n1h2txyewy\ShellExperienceHost.exe,,0,0,2,0,0,0,0,0,0,0,2,0,Goodware,goodware:Goodware
2024-10-18 15:00:00,-\C:\Windows\system32\sppsvc.exe,,0,0,0,0,0,0,0,0,0,0,1,0,Goodware,goodware:Goodware
2024-10-18 15:05:00,NETWORK SERVICE\C:\Windows\System32\sppsvc.exe,,0,0,0,0,0,0,1,0,0,0,1,0,Goodware,goodware:Goodware
2024-10-18 15:05:00,SYSTEM\C:\Windows\system32\svchost.exe,,0,0,0,0,0,2,0,0,0,0,2,0,Goodware,goodware:Goodware
2024-10-18 15:05:00,-\C:\Program Files\NordVPN\nordvpn-service.exe,,0,0,0,0,0,0,0,0,0,0,56,0,Goodware,goodware:Goodware
2024-10-18 15:05:00,End-user\C:\Program Files (x86)\Microsoft\Edge\Application\msedge.exe,,0,0,3,0,0,7,0,0,0,0,10,0,Goodware,goodware:Goodware
2024-10-18 15:05:00,NETWORK SERVICE\C:\Windows\System32\svchost.exe,,0,0,0,0,2,0,0,0,0,0,8,0,Goodware,goodware:Goodware
2024-10-18 15:05:00,End-user\C:\Program Files\NordVPN\NordVPN.exe,,0,0,1,0,0,0,0,0,0,0,4,0,Goodware,goodware:Goodware
2024-10-18 15:05:00,SYSTEM\C:\ProgramData\Microsoft\Windows Defender\Platform\4.18.24080.9-0\MsMpEng.exe,,0,0,0,0,0,0,1,0,0,0,1,0,Goodware,goodware:Goodware
2024-10-18 15:05:00,SYSTEM\C:\ProgramData\Microsoft\Windows Defender\Platform\4.18.24080.9-0\MpCmdRun.exe,,0,1,0,0,0,0,5,0,0,0,6,0,Goodware,goodware:Goodware
2024-10-18 15:05:00,SYSTEM\C:\Windows\System32\taskhostw.exe,,0,0,0,0,0,0,1,0,0,0,1,0,Goodware,goodware:Goodware
2024-10-18 15:05:00,-\C:\Program Files\NordUpdater\NordUpdateService.exe,,0,0,0,0,0,0,0,0,0,0,2,0,Goodware,goodware:Goodware
2024-10-18 15:05:00,SYSTEM\C:\Windows\System32\ROUTE.EXE,,2,0,0,0,0,0,0,0,0,0,2,0,Goodware,goodware:Goodware
2024-10-18 15:05:00,LOCAL SERVICE\C:\Windows\system32\svchost.exe,,0,0,0,0,0,15,0,0,0,0,15,0,Goodware,goodware:Goodware
2024-10-18 15:05:00,SYSTEM\C:\Windows\System32\netsh.exe,,4,0,0,0,0,0,0,0,0,0,4,0,Goodware,goodware:Goodware
2024-10-18 15:05:00,SYSTEM\C:\Windows\SYSTEM32\netsh.exe,,0,0,0,0,0,7,0,0,0,0,7,0,Goodware,goodware:Goodware
2024-10-18 15:10:00,SYSTEM\C:\Windows\System32\taskhostw.exe,,0,0,0,0,0,0,1,0,0,0,1,0,Goodware,goodware:Goodware
2024-10-18 15:10:00,-\C:\Program Files\NordVPN\nordvpn-service.exe,,0,0,0,0,0,0,0,0,0,0,46,0,Goodware,goodware:Goodware
2024-10-18 15:10:00,End-user\C:\Program Files (x86)\Microsoft\Edge\Application\msedge.exe,,1,0,1,0,0,64,4,0,0,0,81,0,Goodware,goodware:Goodware
2024-10-18 15:10:00,End-user\C:\Program Files (x86)\Microsoft\EdgeWebView\Application\129.0.2792.89\msedgewebview2.exe,,1,0,3,0,0,2,0,0,0,0,9,0,Goodware,goodware:Goodware
2024-10-18 15:10:00,NETWORK SERVICE\C:\Windows\System32\svchost.exe,,0,0,0,0,0,0,0,0,0,0,1,0,Goodware,goodware:Goodware
2024-10-18 15:10:00,LOCAL SERVICE\C:\Windows\system32\svchost.exe,,0,0,0,0,0,2,0,0,0,0,2,0,Goodware,goodware:Goodware
2024-10-18 15:10:00,End-user\C:\Program Files\NordVPN\NordVPN.exe,,0,0,1,0,0,0,0,0,0,0,3,0,Goodware,goodware:Goodware
2024-10-18 15:10:00,SYSTEM\System,,0,1,0,0,0,0,0,0,0,0,1,0,Goodware,goodware:Goodware
2024-10-18 15:10:00,SYSTEM\C:\Windows\system32\svchost.exe,,0,1,0,0,0,1,0,0,0,0,2,0,Goodware,goodware:Goodware
2024-10-18 15:10:00,-\C:\Windows\Explorer.EXE,,0,0,0,0,0,0,0,0,0,0,5,0,Goodware,goodware:Goodware
2024-10-18 15:10:00,End-user\C:\Windows\System32\OpenWith.exe,,0,0,0,0,0,0,1,0,0,0,1,0,Goodware,goodware:Goodware
2024-10-18 15:10:00,End-user\C:\Windows\system32\OpenWith.exe,,0,0,0,0,0,1,0,0,0,0,1,0,Goodware,goodware:Goodware
2024-10-18 15:10:00,End-user\C:\Windows\SystemApps\MicrosoftWindows.Client.CBS_cw5n1h2txyewy\SearchHost.exe,,0,0,7,0,0,0,0,0,0,0,7,0,Goodware,goodware:Goodware
2024-10-18 15:10:00,End-user\C:\Windows\System32\svchost.exe,,0,0,0,0,0,0,1,0,0,0,1,0,Goodware,goodware:Goodware
2024-10-18 15:10:00,End-user\C:\Windows\system32\sihost.exe,,0,0,0,0,0,0,0,0,0,0,2,0,Goodware,goodware:Goodware
2024-10-18 15:10:00,End-user\C:\Program Files\WindowsApps\MicrosoftTeams_24256.2502.3123.1_x64__8wekyb3d8bbwe\msteams.exe,,1,0,0,0,0,1,0,0,0,0,2,0,Goodware,goodware:Goodware
2024-10-18 15:15:00,-\C:\Program Files\NordVPN\nordvpn-service.exe,,0,0,0,0,0,0,0,0,0,0,52,0,Goodware,goodware:Goodware
2024-10-18 15:15:00,SYSTEM\C:\Windows\system32\svchost.exe,,0,1,0,0,0,1,0,0,0,0,2,0,Goodware,goodware:Goodware
2024-10-18 15:15:00,End-user\C:\Windows\ImmersiveControlPanel\SystemSettings.exe,,0,0,0,0,0,0,1,0,0,0,1,0,Goodware,goodware:Goodware
2024-10-18 15:15:00,End-user\C:\Program Files (x86)\Microsoft\Edge\Application\msedge.exe,,0,0,0,0,0,4,1,0,0,0,9,0,Goodware,goodware:Goodware
2024-10-18 15:15:00,NETWORK SERVICE\C:\Windows\System32\wbem\WmiPrvSE.exe,,1,0,0,0,0,0,1,0,0,0,2,0,Goodware,goodware:Goodware
2024-10-18 15:15:00,NETWORK SERVICE\C:\Windows\System32\svchost.exe,,0,0,0,0,4,0,0,0,0,0,5,0,Goodware,goodware:Goodware
2024-10-18 15:15:00,End-user\C:\Program Files\NordVPN\NordVPN.exe,,0,0,1,0,0,0,0,0,0,0,2,0,Goodware,goodware:Goodware
2024-10-18 15:15:00,-\C:\Program Files\NordUpdater\NordUpdateService.exe,,0,0,0,0,0,0,0,0,0,0,2,0,Goodware,goodware:Goodware
2024-10-18 15:15:00,SYSTEM\C:\Windows\System32\provtool.exe,,0,0,0,0,0,0,4,0,0,0,4,0,Goodware,goodware:Goodware
2024-10-18 15:15:00,LOCAL SERVICE\C:\Windows\System32\svchost.exe,,0,1,0,0,0,0,0,0,0,0,1,0,Goodware,goodware:Goodware
2024-10-18 15:15:00,SYSTEM\C:\Program Files (x86)\Microsoft\EdgeUpdate\MicrosoftEdgeUpdate.exe,,1,0,0,0,0,0,1,0,0,0,2,0,Goodware,goodware:Goodware
2024-10-18 15:20:00,-\C:\Program Files\NordVPN\nordvpn-service.exe,,0,0,0,0,0,0,0,0,0,0,60,0,Goodware,goodware:Goodware
2024-10-18 15:20:00,SYSTEM\C:\Windows\System32\ROUTE.EXE,,2,0,0,0,0,0,0,0,0,0,2,0,Goodware,goodware:Goodware
2024-10-18 15:20:00,LOCAL SERVICE\C:\Windows\system32\svchost.exe,,0,0,0,0,0,11,0,0,0,0,11,0,Goodware,goodware:Goodware
2024-10-18 15:20:00,SYSTEM\C:\Windows\System32\netsh.exe,,4,0,0,0,0,0,0,0,0,0,4,0,Goodware,goodware:Goodware
2024-10-18 15:20:00,SYSTEM\C:\Windows\SYSTEM32\netsh.exe,,0,0,0,0,0,7,0,0,0,0,7,0,Goodware,goodware:Goodware
2024-10-18 15:20:00,SYSTEM\C:\Windows\System32\taskhostw.exe,,0,0,0,0,0,0,1,0,0,0,1,0,Goodware,goodware:Goodware
2024-10-18 15:20:00,SYSTEM\C:\Windows\system32\svchost.exe,,0,0,0,0,0,7,0,0,0,0,7,0,Goodware,goodware:Goodware
2024-10-18 15:20:00,NETWORK SERVICE\C:\Windows\System32\wbem\WmiPrvSE.exe,,1,0,0,0,0,0,1,0,0,0,2,0,Goodware,goodware:Goodware
2024-10-18 15:20:00,End-user\C:\Program Files\NordVPN\NordVPN.exe,,0,0,1,0,0,0,0,0,0,0,2,0,Goodware,goodware:Goodware
2024-10-18 15:20:00,NETWORK SERVICE\C:\Windows\System32\sppsvc.exe,,0,0,0,0,0,0,2,0,0,0,2,0,Goodware,goodware:Goodware
2024-10-18 15:20:00,NETWORK SERVICE\C:\Windows\system32\sppsvc.exe,,0,2,0,0,0,0,0,0,0,0,2,0,Goodware,goodware:Goodware
2024-10-18 15:20:00,SYSTEM\C:\ProgramData\Microsoft\Windows Defender\Platform\4.18.24080.9-0\MpDefenderCoreService.exe,,0,0,0,0,3,0,0,0,0,0,3,0,Goodware,goodware:Goodware
2024-10-18 15:20:00,User\C:\Windows\System32\RuntimeBroker.exe,,0,0,0,0,0,0,1,0,0,0,1,0,Goodware,goodware:Goodware
2024-10-18 15:20:00,End-user\C:\Windows\System32\RuntimeBroker.exe,,0,0,0,0,0,0,1,0,0,0,1,0,Goodware,goodware:Goodware
2024-10-18 15:20:00,-\C:\Users\User\AppData\Local\Microsoft\OneDrive\OneDrive.exe,,0,0,0,0,0,0,0,0,0,0,48,0,Goodware,goodware:Goodware
2024-10-18 15:20:00,NETWORK SERVICE\C:\Windows\System32\svchost.exe,,0,0,0,0,2,0,0,0,0,0,2,0,Goodware,goodware:Goodware
2024-10-18 15:20:00,End-user\C:\Program Files (x86)\Microsoft\Edge\Application\msedge.exe,,0,0,0,0,0,2,0,0,0,0,2,0,Goodware,goodware:Goodware
2024-10-18 15:20:00,SYSTEM\C:\Windows\System32\svchost.exe,,1,0,0,0,0,0,0,0,0,0,1,0,Goodware,goodware:Goodware
2024-10-18 15:25:00,-\C:\Program Files\NordVPN\nordvpn-service.exe,,0,0,0,0,0,0,0,0,0,0,78,0,Goodware,goodware:Goodware
2024-10-18 15:25:00,-\C:\Users\End-user\AppData\Local\Microsoft\OneDrive\OneDrive.exe,,0,0,0,0,0,0,0,0,0,0,50,0,Goodware,goodware:Goodware
2024-10-18 15:25:00,End-user\C:\Program Files\NordVPN\NordVPN.exe,,0,0,1,0,0,0,0,0,0,0,4,0,Goodware,goodware:Goodware
2024-10-18 15:25:00,SYSTEM\C:\Windows\System32\ROUTE.EXE,,8,0,0,0,0,0,0,0,0,0,8,0,Goodware,goodware:Goodware
2024-10-18 15:25:00,LOCAL SERVICE\C:\Windows\system32\svchost.exe,,0,0,0,0,0,45,0,0,0,0,45,0,Goodware,goodware:Goodware
2024-10-18 15:25:00,SYSTEM\C:\Windows\System32\netsh.exe,,16,0,0,0,0,0,0,0,0,0,16,0,Goodware,goodware:Goodware
2024-10-18 15:25:00,SYSTEM\C:\Windows\SYSTEM32\netsh.exe,,0,0,0,0,0,28,0,0,0,0,28,0,Goodware,goodware:Goodware
2024-10-18 15:25:00,-\C:\Program Files\NordUpdater\NordUpdateService.exe,,0,0,0,0,0,0,0,0,0,0,2,0,Goodware,goodware:Goodware
2024-10-18 15:30:00,LOCAL SERVICE\C:\Windows\system32\svchost.exe,,0,0,0,0,0,22,0,0,0,0,22,0,Goodware,goodware:Goodware
2024-10-18 15:30:00,-\C:\Program Files\NordVPN\nordvpn-service.exe,,0,0,0,0,0,0,0,0,0,0,57,0,Goodware,goodware:Goodware
2024-10-18 15:30:00,LOCAL SERVICE\C:\Windows\System32\svchost.exe,,1,1,0,0,0,0,0,0,0,0,3,0,Goodware,goodware:Goodware
2024-10-18 15:30:00,SYSTEM\C:\Windows\System32\ROUTE.EXE,,4,0,0,0,0,0,0,0,0,0,4,0,Goodware,goodware:Goodware
2024-10-18 15:30:00,SYSTEM\C:\Windows\System32\netsh.exe,,9,0,0,0,0,0,0,0,0,0,9,0,Goodware,goodware:Goodware
2024-10-18 15:30:00,SYSTEM\C:\Windows\SYSTEM32\netsh.exe,,0,0,0,0,0,8,0,0,0,0,8,0,Goodware,goodware:Goodware
2024-10-18 15:30:00,End-user\C:\Program Files\NordVPN\NordVPN.exe,,0,0,1,0,0,0,0,0,0,0,2,0,Goodware,goodware:Goodware
2024-10-18 15:30:00,End-user\C:\Program Files\WindowsApps\MicrosoftTeams_24256.2502.3123.1_x64__8wekyb3d8bbwe\msteams.exe,,1,5,0,0,0,4,0,0,0,0,10,0,Goodware,goodware:Goodware
2024-10-18 15:30:00,End-user\C:\Windows\SystemApps\MicrosoftWindows.Client.CBS_cw5n1h2txyewy\SearchHost.exe,,0,0,13,0,0,0,0,0,0,0,15,0,Goodware,goodware:Goodware
2024-10-18 15:30:00,End-user\C:\Windows\System32\svchost.exe,,0,0,0,0,0,0,1,0,0,0,1,0,Goodware,goodware:Goodware
2024-10-18 15:30:00,End-user\C:\Windows\system32\sihost.exe,,0,0,0,0,0,0,0,0,0,0,5,0,Goodware,goodware:Goodware
2024-10-18 15:30:00,SYSTEM\C:\Windows\system32\svchost.exe,,0,0,0,0,0,6,0,0,0,0,6,0,Goodware,goodware:Goodware
2024-10-18 15:30:00,End-user\C:\Program Files (x86)\Microsoft\EdgeWebView\Application\129.0.2792.89\msedgewebview2.exe,,1,0,0,0,0,2,0,0,0,0,6,0,Goodware,goodware:Goodware
2024-10-18 15:30:00,End-user\C:\Program Files (x86)\Microsoft\Edge\Application\msedge.exe,,4,0,1,0,14,96,9,0,0,0,135,0,Goodware,goodware:Goodware
2024-10-18 15:30:00,-\C:\Windows\Explorer.EXE,,0,0,0,0,0,0,0,0,0,0,13,0,Goodware,goodware:Goodware
2024-10-18 15:30:00,End-user\C:\Program Files\BraveSoftware\Brave-Browser\Application\brave.exe,,2,12,6,0,0,22,2,0,0,0,97,0,Goodware,goodware:Goodware
2024-10-18 15:30:00,End-user\C:\Windows\Explorer.EXE,,0,0,2,0,0,2,0,0,0,0,4,0,Goodware,goodware:Goodware
2024-10-18 15:30:00,End-user\C:\Program Files\WindowsApps\Microsoft.SecHealthUI_1000.25992.9000.0_x64__8wekyb3d8bbwe\SecHealthUI.exe,,0,0,0,0,0,1,1,0,0,0,2,0,Goodware,goodware:Goodware
2024-10-18 15:30:00,End-user\C:\Windows\System32\SecurityHealth\1.0.2402.27001-0\SecurityHealthHost.exe,,0,0,0,0,0,0,0,0,0,0,2,0,Goodware,goodware:Goodware
2024-10-18 15:30:00,SYSTEM\C:\Windows\System32\svchost.exe,,1,0,0,0,0,0,0,0,0,0,1,0,Goodware,goodware:Goodware
2024-10-18 15:30:00,SYSTEM\C:\Windows\System32\consent.exe,,0,0,0,0,0,0,4,0,0,0,4,0,Goodware,goodware:Goodware
2024-10-18 15:30:00,User\C:\Windows\System32\SecurityHealth\1.0.2402.27001-0\SecurityHealthHost.exe,,0,0,0,0,0,0,0,0,0,0,1,0,Goodware,goodware:Goodware
2024-10-18 15:30:00,SYSTEM\C:\ProgramData\Microsoft\Windows Defender\Platform\4.18.24080.9-0\MsMpEng.exe,,0,0,0,0,0,1,0,0,0,0,1,0,Goodware,goodware:Goodware
2024-10-18 15:30:00,SYSTEM\C:\Windows\system32\services.exe,,0,0,0,0,0,1,0,0,0,0,1,0,Goodware,goodware:Goodware
2024-10-18 15:30:00,End-user\C:\Windows\System32\WindowsPowerShell\v1.0\powershell.exe,,1,2,1,0,0,1,9,0,0,0,15,0,Goodware,goodware:Goodware
2024-10-18 15:30:00,End-user\C:\Program Files\WindowsApps\Microsoft.WindowsTerminal_1.20.11781.0_x64__8wekyb3d8bbwe\OpenConsole.exe,,0,0,0,0,0,1,1,0,0,0,2,0,Goodware,goodware:Goodware
2024-10-18 15:30:00,End-user\C:\Windows\System32\conhost.exe,,0,0,0,0,0,0,1,0,0,0,1,0,Goodware,goodware:Goodware
2024-10-18 15:30:00,End-user\C:\Program Files\WindowsApps\Microsoft.WindowsTerminal_1.20.11781.0_x64__8wekyb3d8bbwe\WindowsTerminal.exe,,0,0,0,0,0,1,3,0,0,0,4,0,Goodware,goodware:Goodware
2024-10-18 15:30:00,End-user\C:\Windows\System32\RuntimeBroker.exe,,0,0,0,0,0,1,2,0,0,0,3,0,Goodware,goodware:Goodware
2024-10-18 15:30:00,User\C:\Windows\System32\WindowsPowerShell\v1.0\powershell.exe,,1,2,1,0,0,2,9,0,0,0,16,0,Goodware,goodware:Goodware
2024-10-18 15:30:00,LOCAL SERVICE\C:\Windows\System32\wbem\WmiPrvSE.exe,,1,0,0,0,0,0,3,0,0,0,4,0,Goodware,goodware:Goodware
2024-10-18 15:30:00,SYSTEM\C:\Windows\System32\taskhostw.exe,,0,0,0,0,0,0,1,0,0,0,1,0,Goodware,goodware:Goodware
2024-10-18 15:30:00,-\C:\Program Files (x86)\Microsoft\Edge\Application\msedge.exe,,0,0,0,0,0,0,0,0,0,0,4,0,Goodware,goodware:Goodware
2024-10-18 15:30:00,NETWORK SERVICE\C:\Windows\System32\svchost.exe,,0,1,0,0,6,0,0,0,0,0,9,0,Goodware,goodware:Goodware
2024-10-18 15:30:00,SYSTEM\C:\Program Files\NordVPN\nordvpn-service.exe,,0,0,0,0,0,1,0,0,0,0,14,0,Goodware,goodware:Goodware
2024-10-18 15:30:00,SYSTEM\C:\Windows\system32\netsh.exe,,0,0,0,0,0,4,0,0,0,0,4,0,Goodware,goodware:Goodware
2024-10-18 15:35:00,End-user\C:\Program Files\BraveSoftware\Brave-Browser\Application\brave.exe,,0,0,4,0,0,28,0,0,0,0,90,0,Goodware,goodware:Goodware
2024-10-18 15:35:00,SYSTEM\C:\Windows\System32\svchost.exe,,0,0,0,0,0,72,1,0,0,0,74,0,Goodware,goodware:Goodware
2024-10-18 15:35:00,-\C:\Program Files\NordVPN\nordvpn-service.exe,,0,0,0,0,0,0,0,0,0,0,50,0,Goodware,goodware:Goodware
2024-10-18 15:35:00,User\C:\Users\User\AppData\Local\Microsoft\OneDrive\OneDrive.exe,,0,0,0,0,0,2,1,0,0,0,3,0,Goodware,goodware:Goodware
2024-10-18 15:35:00,End-user\C:\Program Files (x86)\Microsoft\Edge\Application\msedge.exe,,0,3,1,0,0,14,4,0,0,0,36,0,Goodware,goodware:Goodware
2024-10-18 15:35:00,SYSTEM\C:\ProgramData\Microsoft\Windows Defender\Platform\4.18.24080.9-0\MpDefenderCoreService.exe,,0,0,0,0,3,0,0,0,0,0,4,0,Goodware,goodware:Goodware
2024-10-18 15:35:00,-\C:\Windows\Explorer.EXE,,0,0,0,0,0,0,0,0,0,0,8,0,Goodware,goodware:Goodware
2024-10-18 15:35:00,End-user\C:\Windows\System32\smartscreen.exe,,0,0,0,0,0,0,1,0,0,0,1,0,Goodware,goodware:Goodware
2024-10-18 15:35:00,End-user\C:\Users\End-user\Downloads\MSTeamsSetup.exe,,2,1,0,0,0,1,4,0,0,0,10,0,Goodware,goodware:Goodware
2024-10-18 15:35:00,End-user\C:\Users\End-user\AppData\Local\SquirrelTemp\Update.exe,,2,3,3,0,5,2,42,0,0,0,61,0,Goodware,goodware:Goodware
2024-10-18 15:35:00,NETWORK SERVICE\C:\Windows\System32\wbem\WmiPrvSE.exe,,3,0,0,0,0,0,3,0,0,0,6,0,Goodware,goodware:Goodware
2024-10-18 15:35:00,NETWORK SERVICE\C:\Windows\System32\svchost.exe,,0,2,0,0,4,1,0,0,0,0,7,0,Goodware,goodware:Goodware
2024-10-18 15:35:00,LOCAL SERVICE\C:\Windows\System32\wbem\WmiPrvSE.exe,,1,0,0,0,0,0,1,0,0,0,2,0,Goodware,goodware:Goodware
2024-10-18 15:35:00,SYSTEM\C:\Windows\system32\svchost.exe,,0,4311,0,0,0,4,0,0,0,0,4315,0,Goodware,goodware:Goodware
2024-10-18 15:35:00,-\C:\Users\End-user\AppData\Local\SquirrelTemp\Update.exe,,0,0,0,0,0,0,0,0,0,0,13,0,Goodware,goodware:Goodware
2024-10-18 15:35:00,LOCAL SERVICE\C:\Windows\system32\svchost.exe,,0,0,0,0,0,22,0,0,0,0,22,0,Goodware,goodware:Goodware
2024-10-18 15:35:00,End-user\C:\Windows\System32\rundll32.exe,,1,0,0,0,0,0,0,0,0,0,1,0,Goodware,goodware:Goodware
2024-10-18 15:35:00,End-user\C:\Users\End-user\AppData\Local\Microsoft\OneDrive\24.186.0915.0004\FileCoAuth.exe,,1,0,0,0,0,0,15,0,0,0,16,0,Goodware,goodware:Goodware
2024-10-18 15:35:00,-\C:\Users\End-user\AppData\Local\Microsoft\OneDrive\OneDrive.exe,,0,0,0,0,0,0,0,0,0,0,1,0,Goodware,goodware:Goodware
2024-10-18 15:35:00,End-user\C:\Windows\Explorer.EXE,,0,0,1,0,0,0,0,0,0,0,1,0,Goodware,goodware:Goodware
2024-10-18 15:35:00,End-user\C:\Windows\system32\sihost.exe,,0,0,0,0,0,0,0,0,0,0,1,0,Goodware,goodware:Goodware
2024-10-18 15:35:00,End-user\C:\Program Files\WindowsApps\MSTeams_24257.205.3165.2029_x64__8wekyb3d8bbwe\ms-teams.exe,,0,5,0,0,0,4,1,0,0,0,12,0,Goodware,goodware:Goodware
2024-10-18 15:35:00,End-user\C:\Program Files (x86)\Microsoft\EdgeWebView\Application\129.0.2792.89\msedgewebview2.exe,,15,0,3,0,0,23,6,0,0,0,77,0,Goodware,goodware:Goodware
2024-10-18 15:35:00,End-user\C:\Program Files\WindowsApps\MSTeams_24257.205.3165.2029_x64__8wekyb3d8bbwe\ms-teamsupdate.exe,,0,0,0,0,0,2,1,0,0,0,3,0,Goodware,goodware:Goodware
2024-10-18 15:35:00,SYSTEM\C:\Windows\System32\msiexec.exe,,1,0,0,0,0,0,3,0,0,0,4,0,Goodware,goodware:Goodware
2024-10-18 15:35:00,SYSTEM\C:\Windows\system32\msiexec.exe,,0,26,6,0,0,9,0,0,0,0,41,0,Goodware,goodware:Goodware
2024-10-18 15:35:00,End-user\C:\Windows\SysWOW64\msiexec.exe,,1,0,0,0,0,0,8,0,0,0,9,0,Goodware,goodware:Goodware
2024-10-18 15:35:00,End-user\C:\Users\End-user\AppData\Local\Microsoft\OneDrive\OneDriveStandaloneUpdater.exe,,1,0,0,0,0,0,3,0,0,0,6,0,Goodware,goodware:Goodware
2024-10-18 15:35:00,End-user\C:\Users\End-user\AppData\Local\Microsoft\OneDrive\24.186.0915.0004\Microsoft.SharePoint.exe,,1,0,0,0,1,2,37,0,0,0,42,0,Goodware,goodware:Goodware
2024-10-18 15:35:00,-\C:\Users\End-user\AppData\Local\Microsoft\OneDrive\OneDriveStandaloneUpdater.exe,,0,0,0,0,0,0,0,0,0,0,1,0,Goodware,goodware:Goodware
2024-10-18 15:35:00,-\C:\Program Files (x86)\Microsoft\EdgeWebView\Application\129.0.2792.89\msedgewebview2.exe,,0,0,0,0,0,0,0,0,0,0,3,0,Goodware,goodware:Goodware
2024-10-18 15:35:00,End-user\C:\Windows\System32\AppHostRegistrationVerifier.exe,,0,0,0,0,0,0,1,0,0,0,1,0,Goodware,goodware:Goodware
2024-10-18 15:35:00,-\C:\Program Files\NordUpdater\NordUpdateService.exe,,0,0,0,0,0,0,0,0,0,0,2,0,Goodware,goodware:Goodware
2024-10-18 15:35:00,End-user\C:\Program Files\NordVPN\NordVPN.exe,,0,0,1,0,0,0,0,0,0,0,2,0,Goodware,goodware:Goodware
2024-10-18 15:35:00,NETWORK SERVICE\C:\Windows\system32\SppExtComObj.exe,,0,0,0,0,0,0,0,0,0,0,2,0,Goodware,goodware:Goodware
2024-10-18 15:35:00,SYSTEM\C:\Program Files\NordVPN\nordvpn-service.exe,,0,1,0,0,0,0,0,0,0,0,1,0,Goodware,goodware:Goodware
2024-10-18 15:35:00,SYSTEM\C:\Windows\system32\services.exe,,0,0,0,0,0,6,0,0,0,0,6,0,Goodware,goodware:Goodware
2024-10-18 15:35:00,SYSTEM\C:\Windows\system32\DrvInst.exe,,0,0,0,0,0,1,0,0,0,0,1,0,Goodware,goodware:Goodware
2024-10-18 15:35:00,SYSTEM\C:\Windows\System32\netsh.exe,,3,0,0,0,0,0,0,0,0,0,3,0,Goodware,goodware:Goodware
2024-10-18 15:35:00,SYSTEM\C:\Windows\SYSTEM32\netsh.exe,,0,0,0,0,0,4,0,0,0,0,4,0,Goodware,goodware:Goodware
2024-10-18 15:35:00,SYSTEM\C:\Windows\System32\ROUTE.EXE,,1,0,0,0,0,0,0,0,0,0,1,0,Goodware,goodware:Goodware
2024-10-18 15:35:00,NETWORK SERVICE\C:\Windows\system32\sppsvc.exe,,0,3,0,0,0,0,0,0,0,0,3,0,Goodware,goodware:Goodware
2024-10-18 15:35:00,-\C:\Windows\system32\sppsvc.exe,,0,0,0,0,0,0,0,0,0,0,1,0,Goodware,goodware:Goodware
2024-10-18 15:35:00,End-user\C:\Windows\SystemApps\ShellExperienceHost_cw5n1h2txyewy\ShellExperienceHost.exe,,0,0,1,0,0,0,0,0,0,0,1,0,Goodware,goodware:Goodware
2024-10-18 15:40:00,NETWORK SERVICE\C:\Windows\system32\sppsvc.exe,,0,7,0,0,0,0,0,0,0,0,7,0,Goodware,goodware:Goodware
2024-10-18 15:40:00,-\C:\Program Files\NordVPN\nordvpn-service.exe,,0,0,0,0,0,0,0,0,0,0,53,0,Goodware,goodware:Goodware
2024-10-18 15:40:00,NETWORK SERVICE\C:\Windows\System32\sppsvc.exe,,0,0,0,0,0,0,2,0,0,0,2,0,Goodware,goodware:Goodware
2024-10-18 15:40:00,SYSTEM\C:\Windows\system32\svchost.exe,,0,4,0,0,0,4,0,0,0,0,8,0,Goodware,goodware:Goodware
2024-10-18 15:40:00,End-user\C:\Windows\SystemApps\Microsoft.AAD.BrokerPlugin_cw5n1h2txyewy\Microsoft.AAD.BrokerPlugin.exe,,0,5,0,0,0,0,1,0,0,0,7,0,Goodware,goodware:Goodware
2024-10-18 15:40:00,SYSTEM\C:\ProgramData\Microsoft\Windows Defender\Platform\4.18.24080.9-0\MpDefenderCoreService.exe,,0,0,0,0,1,0,0,0,0,0,1,0,Goodware,goodware:Goodware
2024-10-18 15:40:00,SYSTEM\C:\Windows\System32\rundll32.exe,,1,0,0,0,0,0,0,0,0,0,1,0,Goodware,goodware:Goodware
2024-10-18 15:40:00,NETWORK SERVICE\C:\Windows\System32\svchost.exe,,0,0,0,0,4,8,0,0,0,0,19,0,Goodware,goodware:Goodware
2024-10-18 15:40:00,SYSTEM\C:\Windows\System32\spoolsv.exe,,0,0,0,0,0,0,0,0,0,0,2,0,Goodware,goodware:Goodware
2024-10-18 15:40:00,NETWORK SERVICE\C:\Windows\system32\SppExtComObj.exe,,0,0,0,0,0,0,0,0,0,0,3,0,Goodware,goodware:Goodware
2024-10-18 15:40:00,LOCAL SERVICE\C:\Windows\system32\svchost.exe,,0,0,0,0,0,28,0,0,0,0,28,0,Goodware,goodware:Goodware
2024-10-18 15:40:00,SYSTEM\C:\Windows\System32\ROUTE.EXE,,2,0,0,0,0,0,0,0,0,0,2,0,Goodware,goodware:Goodware
2024-10-18 15:40:00,SYSTEM\C:\Windows\System32\netsh.exe,,10,0,0,0,0,0,0,0,0,0,10,0,Goodware,goodware:Goodware
2024-10-18 15:40:00,SYSTEM\C:\Windows\SYSTEM32\netsh.exe,,0,0,0,0,0,1,0,0,0,0,1,0,Goodware,goodware:Goodware
2024-10-18 15:40:00,SYSTEM\C:\Program Files\NordVPN\nordvpn-service.exe,,0,0,0,0,0,1,0,0,0,0,15,0,Goodware,goodware:Goodware
2024-10-18 15:40:00,SYSTEM\C:\Windows\system32\netsh.exe,,0,0,0,0,0,6,0,0,0,0,6,0,Goodware,goodware:Goodware
2024-10-18 15:40:00,NETWORK SERVICE\C:\Windows\system32\svchost.exe,,0,0,0,0,0,2,0,0,0,0,2,0,Goodware,goodware:Goodware
2024-10-18 15:40:00,End-user\C:\Program Files (x86)\Microsoft\Edge\Application\msedge.exe,,0,0,4,0,4,2,0,0,0,0,10,0,Goodware,goodware:Goodware
2024-10-18 15:40:00,NETWORK SERVICE\C:\Windows\System32\SppExtComObj.Exe,,0,0,0,0,0,0,0,0,0,0,1,0,Goodware,goodware:Goodware
2024-10-18 15:40:00,-\C:\Windows\system32\sppsvc.exe,,0,0,0,0,0,0,0,0,0,0,2,0,Goodware,goodware:Goodware
2024-10-18 15:40:00,SYSTEM\C:\Windows\System32\ipconfig.exe,,2,0,0,0,0,0,0,0,0,0,2,0,Goodware,goodware:Goodware
2024-10-18 15:40:00,End-user\C:\Program Files\NordVPN\NordVPN.exe,,0,0,1,0,0,0,0,0,0,0,3,0,Goodware,goodware:Goodware
2024-10-18 15:40:00,End-user\C:\Program Files (x86)\Microsoft\EdgeWebView\Application\129.0.2792.89\msedgewebview2.exe,,3,1,0,0,0,6,0,0,0,0,13,0,Goodware,goodware:Goodware
2024-10-18 15:40:00,SYSTEM\C:\Windows\System32\svchost.exe,,0,0,0,0,0,6,0,0,0,0,6,0,Goodware,goodware:Goodware
2024-10-18 15:45:00,-\C:\Program Files\NordVPN\nordvpn-service.exe,,0,0,0,0,0,0,0,0,0,0,52,0,Goodware,goodware:Goodware
2024-10-18 15:45:00,LOCAL SERVICE\C:\Windows\system32\svchost.exe,,0,0,0,0,0,2,0,0,0,0,2,0,Goodware,goodware:Goodware
2024-10-18 15:45:00,SYSTEM\C:\ProgramData\Microsoft\Windows Defender\Platform\4.18.24080.9-0\MpDefenderCoreService.exe,,0,0,0,0,1,0,0,0,0,0,2,0,Goodware,goodware:Goodware
2024-10-18 15:45:00,End-user\C:\Users\End-user\AppData\Local\Google\GoogleUpdater\131.0.6776.0\updater.exe,,6,1,0,0,0,0,6,0,0,0,22,0,Goodware,goodware:Goodware
2024-10-18 15:45:00,-\C:\Users\End-user\AppData\Local\Google\GoogleUpdater\131.0.6776.0\updater.exe,,0,0,0,0,0,0,0,0,0,0,3,0,Goodware,goodware:Goodware
2024-10-18 15:45:00,-\C:\Program Files\NordUpdater\NordUpdateService.exe,,0,0,0,0,0,0,0,0,0,0,2,0,Goodware,goodware:Goodware
2024-10-18 15:45:00,End-user\C:\Users\End-user\AppData\Local\Microsoft\OneDrive\OneDrive.exe,,0,0,0,0,0,2,1,0,0,0,3,0,Goodware,goodware:Goodware
2024-10-18 15:45:00,End-user\C:\Program Files\NordVPN\NordVPN.exe,,0,0,1,0,0,0,0,0,0,0,1,0,Goodware,goodware:Goodware
2024-10-18 15:45:00,SYSTEM\C:\Windows\System32\svchost.exe,,0,0,0,0,0,0,0,0,0,0,1,0,Goodware,goodware:Goodware
2024-10-18 15:45:00,End-user\C:\Windows\SystemApps\Microsoft.AAD.BrokerPlugin_cw5n1h2txyewy\Microsoft.AAD.BrokerPlugin.exe,,0,12,0,0,0,0,0,0,0,0,16,0,Goodware,goodware:Goodware
2024-10-18 15:45:00,SYSTEM\C:\Program Files (x86)\BraveSoftware\Update\BraveUpdate.exe,,1,2,0,0,0,0,0,0,0,0,3,0,Goodware,goodware:Goodware
2024-10-18 15:45:00,End-user\C:\Program Files\WindowsApps\MSTeams_24257.205.3165.2029_x64__8wekyb3d8bbwe\ms-teams.exe,,0,0,1,0,0,0,0,0,0,0,1,0,Goodware,goodware:Goodware
2024-10-18 15:50:00,-\C:\Program Files\NordVPN\nordvpn-service.exe,,0,0,0,0,0,0,0,0,0,0,28,0,Goodware,goodware:Goodware
2024-10-18 15:50:00,SYSTEM\C:\Windows\system32\svchost.exe,,0,7,1,0,0,49,0,0,0,0,62,0,Goodware,goodware:Goodware
2024-10-18 15:50:00,End-user\C:\Windows\System32\backgroundTaskHost.exe,,0,0,0,0,0,0,8,0,0,0,8,0,Goodware,goodware:Goodware
2024-10-18 15:50:00,End-user\C:\Program Files\WindowsApps\MSTeams_24257.205.3165.2029_x64__8wekyb3d8bbwe\ms-teams.exe,,0,0,59,0,0,1,2,0,0,0,62,0,Goodware,goodware:Goodware
2024-10-18 15:50:00,End-user\C:\Program Files (x86)\Microsoft\EdgeWebView\Application\129.0.2792.89\msedgewebview2.exe,,3,0,11,0,0,25,0,0,0,0,51,0,Goodware,goodware:Goodware
2024-10-18 15:50:00,NETWORK SERVICE\C:\Windows\System32\wbem\WmiPrvSE.exe,,2,0,0,0,0,0,2,0,0,0,4,0,Goodware,goodware:Goodware
2024-10-18 15:50:00,End-user\C:\Program Files\BraveSoftware\Brave-Browser\Application\brave.exe,,0,0,0,0,0,13,0,0,0,0,24,0,Goodware,goodware:Goodware
2024-10-18 15:50:00,-\C:\Windows\Explorer.EXE,,0,0,0,0,0,0,0,0,0,0,2,0,Goodware,goodware:Goodware
2024-10-18 15:50:00,SYSTEM\C:\ProgramData\Microsoft\Windows Defender\Platform\4.18.24080.9-0\MpDefenderCoreService.exe,,0,0,0,0,3,0,3,0,0,0,6,0,Goodware,goodware:Goodware
2024-10-18 15:50:00,End-user\C:\Program Files (x86)\Microsoft\Edge\Application\msedge.exe,,1,0,1,0,0,53,2,0,0,0,67,0,Goodware,goodware:Goodware
2024-10-18 15:50:00,LOCAL SERVICE\C:\Windows\System32\svchost.exe,,19,15,3,0,0,7,1,0,0,0,48,0,Goodware,goodware:Goodware
2024-10-18 15:50:00,User\C:\Program Files\WindowsApps\MicrosoftWindows.Client.WebExperience_524.24900.130.0_x64__cw5n1h2txyewy\Dashboard\Widgets.exe,,0,0,0,0,0,1,1,0,0,0,2,0,Goodware,goodware:Goodware
2024-10-18 15:50:00,SYSTEM\C:\Windows\System32\LogonUI.exe,,0,0,0,0,0,0,2,0,0,0,2,0,Goodware,goodware:Goodware
2024-10-18 15:50:00,End-user\C:\Program Files\WindowsApps\MicrosoftWindows.Client.WebExperience_524.24900.130.0_x64__cw5n1h2txyewy\Dashboard\Widgets.exe,,0,0,0,0,0,1,0,0,0,0,1,0,Goodware,goodware:Goodware
2024-10-18 15:50:00,End-user\C:\Windows\System32\VBoxTray.exe,,0,0,0,0,0,1,0,0,0,0,1,0,Goodware,goodware:Goodware
2024-10-18 15:50:00,User\C:\Windows\system32\DllHost.exe,,0,0,0,0,0,4,0,0,0,0,4,0,Goodware,goodware:Goodware
2024-10-18 15:50:00,User\C:\Program Files (x86)\Microsoft\EdgeWebView\Application\129.0.2792.89\msedgewebview2.exe,,9,0,4,0,0,6,5,0,0,0,40,0,Goodware,goodware:Goodware
2024-10-18 15:50:00,End-user\C:\Program Files\WindowsApps\MicrosoftTeams_24256.2502.3123.1_x64__8wekyb3d8bbwe\msteams.exe,,0,0,0,0,0,1,0,0,0,0,1,0,Goodware,goodware:Goodware
2024-10-18 15:50:00,End-user\C:\Program Files\NordVPN\NordVPN.exe,,0,0,0,0,0,1,0,0,0,0,1,0,Goodware,goodware:Goodware
2024-10-18 15:50:00,End-user\C:\Users\End-user\AppData\Local\Microsoft\OneDrive\24.186.0915.0004\FileCoAuth.exe,,0,0,0,0,0,0,0,0,0,0,1,0,Goodware,goodware:Goodware
2024-10-18 15:50:00,User\C:\Users\User\AppData\Local\Microsoft\OneDrive\OneDrive.exe,,1,0,0,0,0,17,64,0,0,0,84,0,Goodware,goodware:Goodware
2024-10-18 15:50:00,User\C:\Windows\SystemApps\Microsoft.Windows.StartMenuExperienceHost_cw5n1h2txyewy\StartMenuExperienceHost.exe,,0,0,0,0,0,1,1,0,0,0,2,0,Goodware,goodware:Goodware
2024-10-18 15:50:00,User\C:\Windows\SystemApps\ShellExperienceHost_cw5n1h2txyewy\ShellExperienceHost.exe,,0,0,0,0,0,1,0,0,0,0,1,0,Goodware,goodware:Goodware
2024-10-18 15:50:00,End-user\C:\Users\End-user\AppData\Local\Microsoft\OneDrive\OneDrive.exe,,0,0,0,0,0,0,0,0,0,0,1,0,Goodware,goodware:Goodware
2024-10-18 15:50:00,User\C:\Windows\SystemApps\MicrosoftWindows.Client.CBS_cw5n1h2txyewy\SearchHost.exe,,0,0,7,0,0,1,1,0,0,0,9,0,Goodware,goodware:Goodware
2024-10-18 15:50:00,End-user\C:\Windows\SystemApps\ShellExperienceHost_cw5n1h2txyewy\ShellExperienceHost.exe,,0,0,0,0,0,1,0,0,0,0,1,0,Goodware,goodware:Goodware
2024-10-18 15:50:00,End-user\C:\Windows\ImmersiveControlPanel\SystemSettings.exe,,0,0,0,0,0,1,0,0,0,0,1,0,Goodware,goodware:Goodware
2024-10-18 15:50:00,End-user\C:\Windows\SystemApps\Microsoft.AAD.BrokerPlugin_cw5n1h2txyewy\Microsoft.AAD.BrokerPlugin.exe,,0,0,0,0,0,1,0,0,0,0,1,0,Goodware,goodware:Goodware
2024-10-18 15:50:00,End-user\C:\Windows\SystemApps\Microsoft.Windows.StartMenuExperienceHost_cw5n1h2txyewy\StartMenuExperienceHost.exe,,0,0,0,0,0,1,0,0,0,0,1,0,Goodware,goodware:Goodware
2024-10-18 15:50:00,User\C:\Windows\Explorer.EXE,,0,0,1,0,0,1,0,0,0,0,2,0,Goodware,goodware:Goodware
2024-10-18 15:50:00,End-user\C:\Windows\SystemApps\MicrosoftWindows.Client.CBS_cw5n1h2txyewy\SearchHost.exe,,0,0,0,0,0,1,0,0,0,0,1,0,Goodware,goodware:Goodware
2024-10-18 15:50:00,User\C:\Windows\System32\RuntimeBroker.exe,,0,0,0,0,0,2,0,0,0,0,2,0,Goodware,goodware:Goodware
2024-10-18 15:50:00,SYSTEM\C:\Windows\system32\services.exe,,0,0,0,0,0,400,0,0,0,0,402,0,Goodware,goodware:Goodware
2024-10-18 15:50:00,End-user\C:\Windows\Explorer.EXE,,0,0,0,0,0,1,0,0,0,0,1,0,Goodware,goodware:Goodware
2024-10-18 15:50:00,NETWORK SERVICE\C:\Windows\System32\svchost.exe,,0,3,0,0,0,4,1,0,0,0,8,0,Goodware,goodware:Goodware
2024-10-18 15:50:00,End-user\C:\Windows\system32\ApplicationFrameHost.exe,,0,0,0,0,0,1,0,0,0,0,1,0,Goodware,goodware:Goodware
2024-10-18 15:50:00,DWM-1\C:\Windows\system32\dwm.exe,,0,0,0,0,0,1,0,0,0,0,1,0,Goodware,goodware:Goodware
2024-10-18 15:50:00,End-user\C:\Windows\System32\RuntimeBroker.exe,,0,0,0,0,0,6,0,0,0,0,6,0,Goodware,goodware:Goodware
2024-10-18 15:50:00,SYSTEM\C:\Windows\system32\csrss.exe,,0,0,0,0,0,3,0,0,0,0,3,0,Goodware,goodware:Goodware
2024-10-18 15:50:00,NETWORK SERVICE\C:\Windows\system32\sppsvc.exe,,0,6,0,0,0,0,0,0,0,0,6,0,Goodware,goodware:Goodware
2024-10-18 15:50:00,SYSTEM\C:\ProgramData\Microsoft\Windows Defender\Platform\4.18.24080.9-0\MsMpEng.exe,,0,0,0,0,0,3,5,0,0,0,8,0,Goodware,goodware:Goodware
2024-10-18 15:50:00,SYSTEM\C:\Windows\System32\netsh.exe,,1,0,0,0,0,0,0,0,0,0,1,0,Goodware,goodware:Goodware
2024-10-18 15:50:00,LOCAL SERVICE\C:\Windows\system32\svchost.exe,,0,0,0,0,0,18,0,0,0,0,18,0,Goodware,goodware:Goodware
2024-10-18 15:50:00,SYSTEM\C:\Windows\System32\ROUTE.EXE,,2,0,0,0,0,0,0,0,0,0,2,0,Goodware,goodware:Goodware
2024-10-18 15:50:00,-\-,,0,0,0,0,0,0,0,0,0,0,9,0,Goodware,goodware:Goodware
2024-10-18 15:50:00,SYSTEM\System,,0,18,0,0,0,0,0,0,0,0,18,0,Goodware,goodware:Goodware
2024-10-18 15:50:00,SYSTEM\C:\Windows\System32\smss.exe,,0,0,0,0,0,9,0,0,0,0,9,0,Goodware,goodware:Goodware
2024-10-18 15:50:00,SYSTEM\C:\Windows\System32\csrss.exe,,2,0,0,0,0,0,0,0,0,0,2,0,Goodware,goodware:Goodware
2024-10-18 15:50:00,SYSTEM\C:\Windows\system32\wininit.exe,,0,0,0,0,0,4,0,0,0,0,6,0,Goodware,goodware:Goodware
2024-10-18 15:50:00,-\C:\Windows\system32\wininit.exe,,0,0,0,0,0,0,0,0,0,0,1,0,Goodware,goodware:Goodware
2024-10-18 15:50:00,-\C:\Windows\system32\csrss.exe,,0,0,0,0,0,0,0,0,0,0,1,0,Goodware,goodware:Goodware
2024-10-18 15:50:00,SYSTEM\C:\Windows\System32\lsass.exe,,1,0,0,0,0,0,0,0,0,0,1,0,Goodware,goodware:Goodware
2024-10-18 15:50:00,SYSTEM\C:\Windows\system32\lsass.exe,,0,1,0,0,0,3,0,0,0,0,5,0,Goodware,goodware:Goodware
2024-10-18 15:50:00,NETWORK SERVICE\C:\Windows\system32\svchost.exe,,0,0,0,0,0,2,0,0,0,0,5,0,Goodware,goodware:Goodware
2024-10-18 15:50:00,SYSTEM\C:\Windows\System32\svchost.exe,,8,0,0,0,0,29,11,0,0,0,49,0,Goodware,goodware:Goodware
2024-10-18 15:50:00,SYSTEM\C:\Windows\system32\winlogon.exe,,0,2,0,0,0,1,0,0,0,0,3,0,Goodware,goodware:Goodware
2024-10-18 15:50:00,SYSTEM\C:\Windows\System32\spoolsv.exe,,1,0,0,0,0,5,1,0,0,0,11,0,Goodware,goodware:Goodware
2024-10-18 15:50:00,SYSTEM\C:\Program Files\NordVPN\nordvpn-service.exe,,0,8,1,0,0,0,10,0,0,0,21,0,Goodware,goodware:Goodware
2024-10-18 15:50:00,SYSTEM\C:\Program Files\NordUpdater\NordUpdateService.exe,,0,0,0,0,0,0,8,0,0,0,10,0,Goodware,goodware:Goodware
2024-10-18 15:50:00,SYSTEM\C:\Windows\Sysmon.exe,,0,0,0,0,0,0,2,0,0,0,2,0,Goodware,goodware:Goodware
2024-10-18 15:50:00,SYSTEM\C:\Windows\System32\wbem\WmiPrvSE.exe,,1,0,0,0,0,0,1,0,0,0,2,0,Goodware,goodware:Goodware
2024-10-18 15:50:00,SYSTEM\C:\Windows\System32\wevtutil.exe,,12,0,0,0,0,0,0,0,0,0,12,0,Goodware,goodware:Goodware
2024-10-18 15:50:00,User\C:\Windows\System32\svchost.exe,,2,0,0,0,0,0,0,0,0,0,2,0,Goodware,goodware:Goodware
2024-10-18 15:50:00,SYSTEM\C:\Windows\system32\wevtutil.exe,,0,0,0,0,0,16,0,0,0,0,16,0,Goodware,goodware:Goodware
2024-10-18 15:50:00,User\C:\Windows\system32\userinit.exe,,0,0,0,0,0,1,0,0,0,0,1,0,Goodware,goodware:Goodware
2024-10-18 15:50:00,SYSTEM\C:\Program Files (x86)\Microsoft\EdgeUpdate\MicrosoftEdgeUpdate.exe,,1,0,0,0,0,0,2,0,0,0,3,0,Goodware,goodware:Goodware
2024-10-18 15:50:00,User\C:\Windows\explorer.exe,,0,0,0,0,0,0,2,0,0,0,2,0,Goodware,goodware:Goodware
2024-10-18 15:50:00,SYSTEM\C:\Windows\System32\sdbinst.exe,,1,0,0,0,0,0,0,0,0,0,1,0,Goodware,goodware:Goodware
2024-10-18 15:50:00,User\C:\Program Files\WindowsApps\Microsoft.WidgetsPlatformRuntime_1.4.0.0_x64__8wekyb3d8bbwe\WidgetService\WidgetService.exe,,0,7,0,0,0,0,0,0,0,0,7,0,Goodware,goodware:Goodware
2024-10-18 15:50:00,NETWORK SERVICE\C:\Windows\System32\SppExtComObj.Exe,,0,0,0,0,0,0,0,0,0,0,2,0,Goodware,goodware:Goodware
2024-10-18 15:50:00,SYSTEM\C:\Windows\System32\taskhostw.exe,,0,0,0,0,0,0,2,0,0,0,2,0,Goodware,goodware:Goodware
2024-10-18 15:50:00,SYSTEM\C:\Windows\system32\SearchIndexer.exe,,0,0,0,0,0,0,0,0,0,0,1,0,Goodware,goodware:Goodware
2024-10-18 15:50:00,SYSTEM\C:\Program Files (x86)\BraveSoftware\Update\BraveUpdate.exe,,0,2,0,0,0,0,1,0,0,0,3,0,Goodware,goodware:Goodware
2024-10-18 15:50:00,SYSTEM\C:\Windows\system32\sdbinst.exe,,0,2,0,0,0,0,0,0,0,0,2,0,Goodware,goodware:Goodware
2024-10-18 15:50:00,SYSTEM\C:\Program Files (x86)\BraveSoftware\Update\1.3.361.151\BraveCrashHandler64.exe,,0,1,0,0,0,0,0,0,0,0,1,0,Goodware,goodware:Goodware
2024-10-18 15:50:00,SYSTEM\C:\Windows\system32\taskhostw.exe,,0,0,0,0,0,20,0,0,0,0,20,0,Goodware,goodware:Goodware
2024-10-18 15:50:00,SYSTEM\C:\Program Files (x86)\BraveSoftware\Update\1.3.361.151\BraveCrashHandler.exe,,0,1,0,0,0,0,0,0,0,0,1,0,Goodware,goodware:Goodware
2024-10-18 15:50:00,SYSTEM\C:\Windows\System32\cmd.exe,,2,0,0,0,0,0,0,0,0,0,2,0,Goodware,goodware:Goodware
2024-10-18 15:50:00,-\C:\Windows\system32\sppsvc.exe,,0,0,0,0,0,0,0,0,0,0,1,0,Goodware,goodware:Goodware
2024-10-18 15:50:00,User\C:\Windows\System32\taskhostw.exe,,0,0,0,0,0,0,1,0,0,0,1,0,Goodware,goodware:Goodware
2024-10-18 15:50:00,User\C:\Windows\System32\SecurityHealthSystray.exe,,1,0,0,0,0,0,0,0,0,0,1,0,Goodware,goodware:Goodware
2024-10-18 15:50:00,SYSTEM\C:\Windows\System32\SecurityHealthService.exe,,0,0,0,0,0,0,4,0,0,0,4,0,Goodware,goodware:Goodware
2024-10-18 15:50:00,SYSTEM\C:\Windows\system32\SecurityHealthService.exe,,0,4,0,0,0,1,0,0,0,0,5,0,Goodware,goodware:Goodware
2024-10-18 15:50:00,User\C:\Windows\System32\VBoxTray.exe,,1,0,0,0,0,0,0,0,0,0,2,0,Goodware,goodware:Goodware
2024-10-18 15:50:00,User\C:\Users\User\AppData\Local\Microsoft\OneDrive\24.186.0915.0004\FileCoAuth.exe,,1,0,0,0,0,0,17,0,0,0,19,0,Goodware,goodware:Goodware
2024-10-18 15:50:00,-\C:\Users\User\AppData\Local\Microsoft\OneDrive\OneDrive.exe,,0,0,0,0,0,0,0,0,0,0,1,0,Goodware,goodware:Goodware
2024-10-18 15:50:00,NETWORK SERVICE\C:\Windows\System32\sppsvc.exe,,0,0,0,0,0,0,1,0,0,0,1,0,Goodware,goodware:Goodware
2024-10-18 15:50:00,User\C:\Program Files (x86)\Microsoft\Edge\Application\msedge.exe,,2,0,0,0,0,0,2,0,0,0,5,0,Goodware,goodware:Goodware
2024-10-18 15:50:00,User\C:\Windows\System32\sihost.exe,,0,0,0,0,0,0,1,0,0,0,1,0,Goodware,goodware:Goodware
2024-10-18 15:50:00,User\C:\Program Files\WindowsApps\MicrosoftTeams_24256.2502.3123.1_x64__8wekyb3d8bbwe\msteams_autostarter.exe,,0,0,0,0,0,0,1,0,0,0,1,0,Goodware,goodware:Goodware
2024-10-18 15:50:00,User\C:\Program Files\WindowsApps\MicrosoftTeams_24256.2502.3123.1_x64__8wekyb3d8bbwe\msteams.exe,,0,0,0,0,0,0,1,0,0,0,3,0,Goodware,goodware:Goodware
2024-10-18 15:50:00,-\C:\Program Files (x86)\Microsoft\EdgeWebView\Application\129.0.2792.89\msedgewebview2.exe,,0,0,0,0,0,0,0,0,0,0,3,0,Goodware,goodware:Goodware
2024-10-18 15:50:00,User\C:\Program Files\WindowsApps\MicrosoftWindows.CrossDevice_1.24091.30.0_x64__cw5n1h2txyewy\CrossDeviceService.exe,,0,0,0,0,0,0,1,0,0,0,2,0,Goodware,goodware:Goodware
2024-10-18 15:55:00,SYSTEM\C:\Program Files (x86)\BraveSoftware\Update\BraveUpdate.exe,,0,6,0,0,0,0,2,0,0,0,8,0,Goodware,goodware:Goodware
2024-10-18 15:55:00,SYSTEM\C:\Program Files (x86)\BraveSoftware\Update\1.3.361.151\BraveCrashHandler.exe,,0,2,0,0,0,0,0,0,0,0,2,0,Goodware,goodware:Goodware
2024-10-18 15:55:00,SYSTEM\C:\Program Files (x86)\BraveSoftware\Update\1.3.361.151\BraveCrashHandler64.exe,,0,2,0,0,0,0,0,0,0,0,2,0,Goodware,goodware:Goodware
2024-10-18 15:55:00,NETWORK SERVICE\C:\Windows\System32\svchost.exe,,0,8,0,0,8,1,2,0,0,0,24,0,Goodware,goodware:Goodware
2024-10-18 15:55:00,SYSTEM\C:\Windows\system32\svchost.exe,,0,3,0,0,0,47,0,0,0,0,50,0,Goodware,goodware:Goodware
2024-10-18 15:55:00,SYSTEM\C:\Windows\System32\svchost.exe,,4,0,0,0,0,0,4,0,0,0,8,0,Goodware,goodware:Goodware
2024-10-18 15:55:00,SYSTEM\C:\Program Files\Microsoft Update Health Tools\uhssvc.exe,,1,0,0,0,0,0,0,0,0,0,1,0,Goodware,goodware:Goodware
2024-10-18 15:55:00,SYSTEM\C:\Program Files\Winlogbeat\winlogbeat.exe,,1,0,0,0,0,0,0,0,0,0,2,0,Goodware,goodware:Goodware
2024-10-18 15:55:00,SYSTEM\C:\Windows\UUS\Packages\Preview\amd64\MoUsoCoreWorker.exe,,0,0,0,0,0,0,1,0,0,0,1,0,Goodware,goodware:Goodware
2024-10-18 15:55:00,LOCAL SERVICE\C:\Windows\System32\svchost.exe,,2,0,0,0,0,0,2,0,0,0,4,0,Goodware,goodware:Goodware
2024-10-18 15:55:00,User\C:\Program Files (x86)\Microsoft\Edge\Application\msedge.exe,,0,0,0,0,0,0,4,0,0,0,4,0,Goodware,goodware:Goodware
2024-10-18 15:55:00,User\C:\Windows\SystemApps\MicrosoftWindows.Client.CBS_cw5n1h2txyewy\SearchHost.exe,,0,0,1,0,0,0,0,0,0,0,1,0,Goodware,goodware:Goodware
2024-10-18 15:55:00,SYSTEM\C:\Windows\System32\smss.exe,,0,0,0,0,0,1,0,0,0,0,1,0,Goodware,goodware:Goodware
2024-10-18 15:55:00,SYSTEM\C:\Windows\System32\csrss.exe,,1,0,0,0,0,0,0,0,0,0,1,0,Goodware,goodware:Goodware
2024-10-18 15:55:00,SYSTEM\C:\Windows\System32\LogonUI.exe,,0,0,0,0,0,0,2,0,0,0,2,0,Goodware,goodware:Goodware
2024-10-18 15:55:00,LOCAL SERVICE\C:\Windows\system32\svchost.exe,,0,0,0,0,0,19,0,0,0,0,19,0,Goodware,goodware:Goodware
2024-10-18 15:55:00,SYSTEM\C:\Windows\system32\winlogon.exe,,0,0,0,0,0,1,0,0,0,0,1,0,Goodware,goodware:Goodware
2024-10-18 15:55:00,SYSTEM\C:\Windows\system32\lsass.exe,,0,0,1,0,0,0,0,0,0,0,1,0,Goodware,goodware:Goodware
2024-10-18 15:55:00,SYSTEM\C:\Windows\System32\spoolsv.exe,,0,0,0,0,0,1,0,0,0,0,4,0,Goodware,goodware:Goodware
2024-10-18 15:55:00,SYSTEM\C:\Windows\system32\services.exe,,0,0,0,0,0,316,0,0,0,0,316,0,Goodware,goodware:Goodware
2024-10-18 15:55:00,End-user\C:\Windows\System32\svchost.exe,,3,0,0,0,0,0,2,0,0,0,5,0,Goodware,goodware:Goodware
2024-10-18 15:55:00,SYSTEM\System,,0,1,0,0,0,0,0,0,0,0,1,0,Goodware,goodware:Goodware
2024-10-18 15:55:00,End-user\C:\Users\End-user\AppData\Local\Google\GoogleUpdater\131.0.6776.0\updater.exe,,12,2,0,0,0,0,12,0,0,0,44,0,Goodware,goodware:Goodware
2024-10-18 15:55:00,End-user\C:\Windows\system32\userinit.exe,,0,0,0,0,0,1,0,0,0,0,1,0,Goodware,goodware:Goodware
2024-10-18 15:55:00,End-user\C:\Windows\explorer.exe,,0,0,0,0,0,0,2,0,0,0,2,0,Goodware,goodware:Goodware
2024-10-18 15:55:00,NETWORK SERVICE\C:\Windows\system32\sppsvc.exe,,0,6,0,0,0,0,0,0,0,0,6,0,Goodware,goodware:Goodware
2024-10-18 15:55:00,End-user\C:\Windows\SystemApps\MicrosoftWindows.Client.CBS_cw5n1h2txyewy\SearchHost.exe,,0,0,21,0,0,0,1,0,0,0,22,0,Goodware,goodware:Goodware
2024-10-18 15:55:00,End-user\C:\Windows\SystemApps\Microsoft.Windows.StartMenuExperienceHost_cw5n1h2txyewy\StartMenuExperienceHost.exe,,0,0,0,0,0,0,1,0,0,0,1,0,Goodware,goodware:Goodware
2024-10-18 15:55:00,End-user\C:\Program Files\WindowsApps\Microsoft.WidgetsPlatformRuntime_1.4.0.0_x64__8wekyb3d8bbwe\WidgetService\WidgetService.exe,,0,7,0,0,0,0,0,0,0,0,7,0,Goodware,goodware:Goodware
2024-10-18 15:55:00,NETWORK SERVICE\C:\Windows\System32\wbem\WmiPrvSE.exe,,1,0,0,0,0,0,1,0,0,0,2,0,Goodware,goodware:Goodware
2024-10-18 15:55:00,End-user\C:\Windows\SystemApps\ShellExperienceHost_cw5n1h2txyewy\ShellExperienceHost.exe,,0,0,0,0,0,0,1,0,0,0,1,0,Goodware,goodware:Goodware
2024-10-18 15:55:00,End-user\C:\Windows\system32\DllHost.exe,,0,0,1,0,0,0,0,0,0,0,1,0,Goodware,goodware:Goodware
2024-10-18 15:55:00,End-user\C:\Program Files\WindowsApps\MicrosoftWindows.Client.WebExperience_524.24900.130.0_x64__cw5n1h2txyewy\Dashboard\Widgets.exe,,0,0,0,0,0,0,1,0,0,0,1,0,Goodware,goodware:Goodware
2024-10-18 15:55:00,End-user\C:\Windows\System32\RuntimeBroker.exe,,0,0,0,0,0,2,2,0,0,0,4,0,Goodware,goodware:Goodware
2024-10-18 15:55:00,-\C:\Users\End-user\AppData\Local\Google\GoogleUpdater\131.0.6776.0\updater.exe,,0,0,0,0,0,0,0,0,0,0,6,0,Goodware,goodware:Goodware
2024-10-18 15:55:00,End-user\C:\Windows\System32\SecurityHealthSystray.exe,,1,0,0,0,0,0,0,0,0,0,1,0,Goodware,goodware:Goodware
2024-10-18 15:55:00,End-user\C:\Windows\Explorer.EXE,,0,0,1,0,0,5,0,0,0,0,6,0,Goodware,goodware:Goodware
2024-10-18 15:55:00,End-user\C:\Windows\System32\VBoxTray.exe,,1,0,0,0,0,0,0,0,0,0,2,0,Goodware,goodware:Goodware
2024-10-18 15:55:00,End-user\C:\Windows\system32\svchost.exe,,0,0,0,0,0,0,0,0,0,0,8,0,Goodware,goodware:Goodware
2024-10-18 15:55:00,End-user\C:\Users\End-user\AppData\Local\Microsoft\OneDrive\OneDrive.exe,,1,0,0,0,0,17,64,0,0,0,83,0,Goodware,goodware:Goodware
2024-10-18 15:55:00,End-user\C:\Users\End-user\AppData\Local\Microsoft\OneDrive\24.186.0915.0004\FileCoAuth.exe,,1,0,0,0,0,0,16,0,0,0,18,0,Goodware,goodware:Goodware
2024-10-18 15:55:00,-\C:\Users\End-user\AppData\Local\Microsoft\OneDrive\OneDrive.exe,,0,0,0,0,0,0,0,0,0,0,1,0,Goodware,goodware:Goodware
2024-10-18 15:55:00,-\C:\Windows\Explorer.EXE,,0,0,0,0,0,0,0,0,0,0,4,0,Goodware,goodware:Goodware
2024-10-18 15:55:00,End-user\C:\Program Files (x86)\Microsoft\Edge\Application\msedge.exe,,2,0,1,0,0,43,6,0,0,0,55,0,Goodware,goodware:Goodware
2024-10-18 15:55:00,End-user\C:\Program Files\NordVPN\NordVPN.exe,,1,0,0,0,0,1,9,0,0,0,20,0,Goodware,goodware:Goodware
2024-10-18 15:55:00,SYSTEM\C:\Windows\system32\SecurityHealthService.exe,,0,4,0,0,0,0,0,0,0,0,4,0,Goodware,goodware:Goodware
2024-10-18 15:55:00,NETWORK SERVICE\C:\Windows\System32\sppsvc.exe,,0,0,0,0,0,0,2,0,0,0,2,0,Goodware,goodware:Goodware
2024-10-18 15:55:00,-\C:\Program Files\NordVPN\nordvpn-service.exe,,0,0,0,0,0,0,0,0,0,0,35,0,Goodware,goodware:Goodware
2024-10-18 15:55:00,End-user\C:\Windows\System32\sihost.exe,,0,0,0,0,0,0,1,0,0,0,1,0,Goodware,goodware:Goodware
2024-10-18 15:55:00,End-user\C:\Program Files\WindowsApps\MicrosoftTeams_24256.2502.3123.1_x64__8wekyb3d8bbwe\msteams_autostarter.exe,,0,0,0,0,0,1,1,0,0,0,2,0,Goodware,goodware:Goodware
2024-10-18 15:55:00,End-user\C:\Program Files\WindowsApps\MicrosoftTeams_24256.2502.3123.1_x64__8wekyb3d8bbwe\msteams.exe,,0,0,0,0,0,2,1,0,0,0,5,0,Goodware,goodware:Goodware
2024-10-18 15:55:00,End-user\C:\Program Files (x86)\Microsoft\EdgeWebView\Application\129.0.2792.89\msedgewebview2.exe,,23,0,7,0,0,30,10,0,0,0,120,0,Goodware,goodware:Goodware
2024-10-18 15:55:00,End-user\C:\Program Files\WindowsApps\MicrosoftTeams_24256.2502.3123.1_x64__8wekyb3d8bbwe\msteamsupdate.exe,,0,0,0,0,0,1,0,0,0,0,1,0,Goodware,goodware:Goodware
2024-10-18 15:55:00,-\C:\Program Files (x86)\Microsoft\EdgeWebView\Application\129.0.2792.89\msedgewebview2.exe,,0,0,0,0,0,0,0,0,0,0,9,0,Goodware,goodware:Goodware
2024-10-18 15:55:00,-\C:\Program Files\NordUpdater\NordUpdateService.exe,,0,0,0,0,0,0,0,0,0,0,4,0,Goodware,goodware:Goodware
2024-10-18 15:55:00,End-user\C:\Program Files\WindowsApps\MicrosoftWindows.CrossDevice_1.24091.30.0_x64__cw5n1h2txyewy\CrossDeviceService.exe,,0,0,0,0,0,0,1,0,0,0,2,0,Goodware,goodware:Goodware
2024-10-18 15:55:00,End-user\C:\Program Files\WindowsApps\MSTeams_24257.205.3165.2029_x64__8wekyb3d8bbwe\msteams_autostarter.exe,,0,0,0,0,0,1,1,0,0,0,2,0,Goodware,goodware:Goodware
2024-10-18 15:55:00,End-user\C:\Program Files\WindowsApps\MSTeams_24257.205.3165.2029_x64__8wekyb3d8bbwe\ms-teams.exe,,0,0,1,0,0,4,4,0,0,0,13,0,Goodware,goodware:Goodware
2024-10-18 15:55:00,End-user\C:\Program Files\WindowsApps\MSTeams_24257.205.3165.2029_x64__8wekyb3d8bbwe\ms-teamsupdate.exe,,0,0,0,0,0,2,0,0,0,0,2,0,Goodware,goodware:Goodware
2024-10-18 15:55:00,SYSTEM\C:\Program Files\NordVPN\nordvpn-service.exe,,0,0,0,0,0,0,0,0,0,0,1,0,Goodware,goodware:Goodware
2024-10-18 15:55:00,SYSTEM\C:\Windows\System32\wbem\WMIADAP.exe,,0,0,0,0,0,0,2,0,0,0,2,0,Goodware,goodware:Goodware
2024-10-18 15:55:00,End-user\C:\Windows\System32\SecurityHealth\1.0.2402.27001-0\SecurityHealthHost.exe,,0,0,0,0,0,0,0,0,0,0,6,0,Goodware,goodware:Goodware
2024-10-18 15:55:00,SYSTEM\C:\ProgramData\Microsoft\Windows Defender\Platform\4.18.24080.9-0\MsMpEng.exe,,0,0,7,0,0,9,4,0,0,0,20,0,Goodware,goodware:Goodware
2024-10-18 15:55:00,LOCAL SERVICE\C:\ProgramData\Microsoft\Windows Defender\Platform\4.18.24080.9-0\NisSrv.exe,,0,0,0,0,0,0,2,0,0,0,2,0,Goodware,goodware:Goodware
2024-10-18 15:55:00,End-user\C:\Program Files\BraveSoftware\Brave-Browser\Application\brave.exe,,2,12,6,0,0,27,2,0,0,0,87,0,Goodware,goodware:Goodware
2024-10-18 15:55:00,SYSTEM\C:\Windows\System32\netsh.exe,,2,0,0,0,0,0,0,0,0,0,2,0,Goodware,goodware:Goodware
2024-10-18 15:55:00,NETWORK SERVICE\C:\Windows\system32\svchost.exe,,0,0,0,0,0,2,0,0,0,0,2,0,Goodware,goodware:Goodware
2024-10-18 15:55:00,SYSTEM\C:\Windows\system32\netsh.exe,,0,0,0,0,0,1,0,0,0,0,1,0,Goodware,goodware:Goodware
2024-10-18 15:55:00,SYSTEM\C:\Windows\System32\ipconfig.exe,,2,0,0,0,0,0,0,0,0,0,2,0,Goodware,goodware:Goodware
2024-10-18 15:55:00,End-user\C:\Windows\system32\sihost.exe,,0,0,0,0,0,0,0,0,0,0,2,0,Goodware,goodware:Goodware
2024-10-18 15:55:00,End-user\C:\Program Files\WindowsApps\Microsoft.SecHealthUI_1000.25992.9000.0_x64__8wekyb3d8bbwe\SecHealthUI.exe,,0,0,0,0,0,1,1,0,0,0,2,0,Goodware,goodware:Goodware
2024-10-18 15:55:00,SYSTEM\C:\Windows\System32\taskhostw.exe,,0,0,0,0,0,0,2,0,0,0,2,0,Goodware,goodware:Goodware
2024-10-18 15:55:00,SYSTEM\C:\Windows\System32\consent.exe,,0,0,0,0,0,0,4,0,0,0,4,0,Goodware,goodware:Goodware
2024-10-18 15:55:00,-\C:\Windows\system32\sppsvc.exe,,0,0,0,0,0,0,0,0,0,0,1,0,Goodware,goodware:Goodware
2024-10-18 15:55:00,NETWORK SERVICE\C:\Windows\System32\SppExtComObj.Exe,,0,0,0,0,0,0,0,0,0,0,2,0,Goodware,goodware:Goodware
2024-10-18 15:55:00,User\C:\Windows\System32\SecurityHealth\1.0.2402.27001-0\SecurityHealthHost.exe,,0,0,0,0,0,0,0,0,0,0,1,0,Goodware,goodware:Goodware
2024-10-18 15:55:00,SYSTEM\C:\Program Files\NordUpdater\NordUpdateService.exe,,0,0,0,0,0,0,0,0,0,0,1,0,Goodware,goodware:Goodware
2024-10-18 15:55:00,End-user\C:\Windows\System32\WindowsPowerShell\v1.0\powershell.exe,,1,2,1,0,0,1,9,0,0,0,15,0,Goodware,goodware:Goodware
2024-10-18 15:55:00,End-user\C:\Program Files\WindowsApps\Microsoft.WindowsTerminal_1.20.11781.0_x64__8wekyb3d8bbwe\OpenConsole.exe,,0,0,0,0,0,1,1,0,0,0,2,0,Goodware,goodware:Goodware
2024-10-18 15:55:00,End-user\C:\Windows\System32\conhost.exe,,0,0,0,0,0,0,1,0,0,0,1,0,Goodware,goodware:Goodware
2024-10-18 15:55:00,End-user\C:\Program Files\WindowsApps\Microsoft.WindowsTerminal_1.20.11781.0_x64__8wekyb3d8bbwe\WindowsTerminal.exe,,0,0,0,0,0,1,3,0,0,0,4,0,Goodware,goodware:Goodware
2024-10-18 15:55:00,User\C:\Program Files\WindowsApps\MicrosoftWindows.Client.WebExperience_524.24900.130.0_x64__cw5n1h2txyewy\Dashboard\Widgets.exe,,0,0,0,0,0,1,0,0,0,0,3,0,Goodware,goodware:Goodware
2024-10-18 15:55:00,User\C:\Program Files (x86)\Microsoft\EdgeWebView\Application\129.0.2792.89\msedgewebview2.exe,,10,0,1,0,0,12,4,0,0,0,46,0,Goodware,goodware:Goodware
2024-10-18 15:55:00,User\C:\Windows\System32\WindowsPowerShell\v1.0\powershell.exe,,1,2,1,0,0,2,9,0,0,0,16,0,Goodware,goodware:Goodware
2024-10-18 15:55:00,SYSTEM\C:\Windows\System32\sc.exe,,1,0,0,0,0,0,0,0,0,0,1,0,Goodware,goodware:Goodware
2024-10-18 15:55:00,User\C:\Windows\SystemApps\ShellExperienceHost_cw5n1h2txyewy\ShellExperienceHost.exe,,0,0,0,0,0,0,1,0,0,0,1,0,Goodware,goodware:Goodware
2024-10-18 15:55:00,User\C:\Windows\System32\svchost.exe,,1,0,0,0,0,0,0,0,0,0,1,0,Goodware,goodware:Goodware
2024-10-18 15:55:00,LOCAL SERVICE\C:\Windows\System32\wbem\WmiPrvSE.exe,,1,0,0,0,0,0,3,0,0,0,4,0,Goodware,goodware:Goodware
2024-10-18 15:55:00,End-user\C:\Windows\ImmersiveControlPanel\SystemSettings.exe,,0,0,0,0,0,0,1,0,0,0,1,0,Goodware,goodware:Goodware
2024-10-18 16:00:00,-\C:\Program Files\NordVPN\nordvpn-service.exe,,0,0,0,0,0,0,0,0,0,0,46,0,Goodware,goodware:Goodware
2024-10-18 16:00:00,SYSTEM\C:\Windows\System32\sc.exe,,3,0,0,0,0,0,0,0,0,0,3,0,Goodware,goodware:Goodware
2024-10-18 16:00:00,SYSTEM\C:\Windows\system32\svchost.exe,,0,2,0,0,0,20,0,0,0,0,22,0,Goodware,goodware:Goodware
2024-10-18 16:00:00,End-user\C:\Windows\SystemApps\MicrosoftWindows.Client.CBS_cw5n1h2txyewy\SearchHost.exe,,0,0,3,0,0,0,0,0,0,0,3,0,Goodware,goodware:Goodware
2024-10-18 16:00:00,End-user\C:\Program Files\WindowsApps\MicrosoftTeams_24256.2502.3123.1_x64__8wekyb3d8bbwe\msteamsupdate.exe,,0,0,0,0,0,2,1,0,0,0,3,0,Goodware,goodware:Goodware
2024-10-18 16:00:00,End-user\C:\Program Files (x86)\Microsoft\EdgeWebView\Application\129.0.2792.89\msedgewebview2.exe,,10,0,4,0,0,12,5,0,0,0,55,0,Goodware,goodware:Goodware
2024-10-18 16:00:00,SYSTEM\\\?\C:\Windows\system32\wbem\WMIADAP.EXE,,0,10,0,0,0,11,0,0,0,0,21,0,Goodware,goodware:Goodware
2024-10-18 16:00:00,NETWORK SERVICE\C:\Windows\System32\wbem\WmiPrvSE.exe,,2,0,0,0,0,0,2,0,0,0,4,0,Goodware,goodware:Goodware
2024-10-18 16:00:00,End-user\C:\Program Files\WindowsApps\MicrosoftWindows.Client.WebExperience_524.24900.130.0_x64__cw5n1h2txyewy\Dashboard\Widgets.exe,,0,0,0,0,0,1,0,0,0,0,2,0,Goodware,goodware:Goodware
2024-10-18 16:00:00,LOCAL SERVICE\C:\Windows\System32\svchost.exe,,2,0,0,0,0,0,0,0,0,0,2,0,Goodware,goodware:Goodware
2024-10-18 16:00:00,SYSTEM\C:\Windows\System32\svchost.exe,,0,0,0,0,0,24,4,0,0,0,30,0,Goodware,goodware:Goodware
2024-10-18 16:00:00,End-user\C:\Windows\System32\RuntimeBroker.exe,,0,0,0,0,0,1,0,0,0,0,1,0,Goodware,goodware:Goodware
2024-10-18 16:00:00,-\C:\Program Files (x86)\Microsoft\EdgeWebView\Application\129.0.2792.89\msedgewebview2.exe,,0,0,0,0,0,0,0,0,0,0,3,0,Goodware,goodware:Goodware
2024-10-18 16:00:00,End-user\C:\Program Files\NordVPN\NordVPN.exe,,0,0,1,0,0,0,0,0,0,0,1,0,Goodware,goodware:Goodware
2024-10-18 16:00:00,User\C:\Users\User\AppData\Local\Microsoft\OneDrive\OneDriveStandaloneUpdater.exe,,1,0,0,0,0,0,3,0,0,0,6,0,Goodware,goodware:Goodware
2024-10-18 16:00:00,User\C:\Users\User\AppData\Local\Microsoft\OneDrive\24.186.0915.0004\Microsoft.SharePoint.exe,,1,0,0,0,1,2,37,0,0,0,42,0,Goodware,goodware:Goodware
2024-10-18 16:00:00,-\C:\Users\User\AppData\Local\Microsoft\OneDrive\OneDriveStandaloneUpdater.exe,,0,0,0,0,0,0,0,0,0,0,1,0,Goodware,goodware:Goodware
2024-10-18 16:00:00,SYSTEM\C:\Windows\System32\taskhostw.exe,,0,0,0,0,0,0,2,0,0,0,2,0,Goodware,goodware:Goodware
2024-10-18 16:00:00,NETWORK SERVICE\C:\Windows\System32\sppsvc.exe,,0,0,0,0,0,0,1,0,0,0,1,0,Goodware,goodware:Goodware
2024-10-18 16:00:00,NETWORK SERVICE\C:\Windows\system32\sppsvc.exe,,0,1,0,0,0,0,0,0,0,0,1,0,Goodware,goodware:Goodware
2024-10-18 16:00:00,End-user\C:\Program Files\BraveSoftware\Brave-Browser\Application\brave.exe,,0,0,0,0,0,7,0,0,0,0,34,0,Goodware,goodware:Goodware
2024-10-18 16:00:00,End-user\C:\Windows\System32\SecurityHealth\1.0.2402.27001-0\SecurityHealthHost.exe,,0,0,0,0,0,0,0,0,0,0,1,0,Goodware,goodware:Goodware
2024-10-18 16:05:00,-\C:\Program Files\NordVPN\nordvpn-service.exe,,0,0,0,0,0,0,0,0,0,0,48,0,Goodware,goodware:Goodware
2024-10-18 16:05:00,End-user\C:\Program Files (x86)\Microsoft\Edge\Application\msedge.exe,,0,0,0,0,0,2,0,0,0,0,2,0,Goodware,goodware:Goodware
2024-10-18 16:05:00,-\C:\Program Files\NordUpdater\NordUpdateService.exe,,0,0,0,0,0,0,0,0,0,0,2,0,Goodware,goodware:Goodware
2024-10-18 16:05:00,End-user\C:\Program Files\NordVPN\NordVPN.exe,,0,0,1,0,0,0,0,0,0,0,1,0,Goodware,goodware:Goodware
2024-10-18 16:05:00,End-user\C:\Program Files (x86)\Microsoft\EdgeWebView\Application\129.0.2792.89\msedgewebview2.exe,,1,0,0,0,0,2,0,0,0,0,5,0,Goodware,goodware:Goodware
2024-10-18 16:05:00,SYSTEM\C:\ProgramData\Microsoft\Windows Defender\Platform\4.18.24080.9-0\MsMpEng.exe,,0,0,0,0,0,0,1,0,0,0,1,0,Goodware,goodware:Goodware
2024-10-18 16:05:00,SYSTEM\C:\ProgramData\Microsoft\Windows Defender\Platform\4.18.24080.9-0\MpCmdRun.exe,,0,1,0,0,0,0,5,0,0,0,6,0,Goodware,goodware:Goodware
2024-10-18 16:05:00,NETWORK SERVICE\C:\Windows\System32\wbem\WmiPrvSE.exe,,2,0,0,0,0,0,2,0,0,0,4,0,Goodware,goodware:Goodware
2024-10-18 16:05:00,SYSTEM\C:\Windows\system32\svchost.exe,,0,2,0,0,0,6,0,0,0,0,8,0,Goodware,goodware:Goodware
2024-10-18 16:05:00,SYSTEM\C:\Windows\System32\svchost.exe,,0,0,0,0,0,6,1,0,0,0,7,0,Goodware,goodware:Goodware
2024-10-18 16:05:00,User\C:\Program Files (x86)\Microsoft\EdgeWebView\Application\129.0.2792.89\msedgewebview2.exe,,0,0,3,0,0,0,0,0,0,0,3,0,Goodware,goodware:Goodware
2024-10-18 16:05:00,SYSTEM\C:\Windows\System32\taskhostw.exe,,0,0,0,0,0,0,1,0,0,0,1,0,Goodware,goodware:Goodware
2024-10-18 16:05:00,SYSTEM\System,,0,1,0,0,0,0,0,0,0,0,1,0,Goodware,goodware:Goodware
2024-10-18 16:10:00,SYSTEM\C:\Windows\System32\svchost.exe,,0,0,0,0,0,6,1,0,0,0,7,0,Goodware,goodware:Goodware
2024-10-18 16:10:00,-\C:\Program Files\NordVPN\nordvpn-service.exe,,0,0,0,0,0,0,0,0,0,0,28,0,Goodware,goodware:Goodware
2024-10-18 16:10:00,SYSTEM\C:\Windows\system32\svchost.exe,,0,1,0,0,0,10,0,0,0,0,11,0,Goodware,goodware:Goodware
2024-10-18 16:10:00,End-user\C:\Program Files (x86)\Microsoft\EdgeWebView\Application\129.0.2792.89\msedgewebview2.exe,,0,0,0,0,0,0,0,0,0,0,4,0,Goodware,goodware:Goodware
2024-10-18 16:10:00,SYSTEM\C:\Windows\System32\taskhostw.exe,,0,0,0,0,0,0,2,0,0,0,2,0,Goodware,goodware:Goodware
2024-10-18 16:10:00,NETWORK SERVICE\C:\Windows\System32\svchost.exe,,0,1,0,0,8,0,0,0,0,0,11,0,Goodware,goodware:Goodware
2024-10-18 16:10:00,NETWORK SERVICE\C:\Windows\System32\sppsvc.exe,,0,0,0,0,0,0,1,0,0,0,1,0,Goodware,goodware:Goodware
2024-10-18 16:10:00,NETWORK SERVICE\C:\Windows\System32\wbem\WmiPrvSE.exe,,2,0,0,0,0,0,2,0,0,0,4,0,Goodware,goodware:Goodware
2024-10-18 16:10:00,End-user\C:\Program Files\BraveSoftware\Brave-Browser\Application\brave.exe,,0,0,6,0,0,19,0,0,0,0,61,0,Goodware,goodware:Goodware
2024-10-18 16:10:00,End-user\C:\Program Files\NordVPN\NordVPN.exe,,0,0,1,0,0,0,0,0,0,0,3,0,Goodware,goodware:Goodware
2024-10-18 16:10:00,LOCAL SERVICE\C:\Windows\System32\svchost.exe,,0,0,0,0,0,0,0,0,0,0,1,0,Goodware,goodware:Goodware
2024-10-18 16:10:00,-\C:\Windows\Explorer.EXE,,0,0,0,0,0,0,0,0,0,0,1,0,Goodware,goodware:Goodware
2024-10-18 16:10:00,SYSTEM\C:\Windows\System32\netsh.exe,,1,0,0,0,0,0,0,0,0,0,1,0,Goodware,goodware:Goodware
2024-10-18 16:10:00,LOCAL SERVICE\C:\Windows\system32\svchost.exe,,0,0,0,0,0,5,0,0,0,0,5,0,Goodware,goodware:Goodware
2024-10-18 16:10:00,End-user\C:\Windows\SystemApps\MicrosoftWindows.Client.CBS_cw5n1h2txyewy\SearchHost.exe,,0,0,2,0,0,0,0,0,0,0,2,0,Goodware,goodware:Goodware
2024-10-18 20:30:00,-\-,,0,0,0,0,0,0,0,0,0,0,6,0,Goodware,goodware:Goodware
2024-10-18 20:30:00,SYSTEM\C:\Windows\system32\wininit.exe,,0,0,0,0,0,1,0,0,0,0,3,0,Goodware,goodware:Goodware
2024-10-18 20:30:00,-\C:\Windows\system32\wininit.exe,,0,0,0,0,0,0,0,0,0,0,1,0,Goodware,goodware:Goodware
2024-10-18 20:30:00,-\C:\Windows\system32\csrss.exe,,0,0,0,0,0,0,0,0,0,0,1,0,Goodware,goodware:Goodware
2024-10-18 20:30:00,SYSTEM\C:\Windows\System32\lsass.exe,,1,0,0,0,0,0,0,0,0,0,1,0,Goodware,goodware:Goodware
2024-10-18 20:30:00,SYSTEM\C:\Windows\system32\services.exe,,0,8,0,0,0,636,0,0,0,0,646,0,Goodware,goodware:Goodware
2024-10-18 20:30:00,SYSTEM\C:\Windows\system32\lsass.exe,,0,1,1,0,0,3,0,0,0,0,6,0,Goodware,goodware:Goodware
2024-10-18 20:30:00,SYSTEM\C:\Windows\system32\svchost.exe,,0,8,4,0,0,60,0,0,0,0,77,0,Goodware,goodware:Goodware
2024-10-18 20:30:00,NETWORK SERVICE\C:\Windows\system32\svchost.exe,,0,0,0,0,0,2,0,0,0,0,5,0,Goodware,goodware:Goodware
2024-10-18 20:30:00,SYSTEM\C:\Windows\System32\svchost.exe,,8,0,0,0,0,0,12,0,0,0,21,0,Goodware,goodware:Goodware
2024-10-18 20:30:00,SYSTEM\C:\Windows\system32\winlogon.exe,,0,2,0,0,0,2,0,0,0,0,4,0,Goodware,goodware:Goodware
2024-10-18 20:30:00,LOCAL SERVICE\C:\Windows\System32\svchost.exe,,19,3,0,0,0,5,1,0,0,0,31,0,Goodware,goodware:Goodware
2024-10-18 20:30:00,NETWORK SERVICE\C:\Windows\System32\svchost.exe,,0,0,0,0,0,1,1,0,0,0,2,0,Goodware,goodware:Goodware
2024-10-18 20:30:00,LOCAL SERVICE\C:\Windows\system32\svchost.exe,,0,7,0,0,0,22,0,0,0,0,29,0,Goodware,goodware:Goodware
2024-10-18 20:30:00,SYSTEM\C:\Windows\System32\LogonUI.exe,,0,0,0,0,0,0,3,0,0,0,3,0,Goodware,goodware:Goodware
2024-10-18 20:30:00,SYSTEM\C:\Windows\System32\spoolsv.exe,,1,0,0,0,0,6,1,0,0,0,12,0,Goodware,goodware:Goodware
2024-10-18 20:30:00,SYSTEM\C:\Program Files\NordVPN\nordvpn-service.exe,,0,8,1,0,0,0,10,0,0,0,22,0,Goodware,goodware:Goodware
2024-10-18 20:30:00,SYSTEM\C:\Windows\System32\taskhostw.exe,,0,0,0,0,0,0,2,0,0,0,2,0,Goodware,goodware:Goodware
2024-10-18 20:30:00,SYSTEM\C:\ProgramData\Microsoft\Windows Defender\Platform\4.18.24080.9-0\MpDefenderCoreService.exe,,0,0,0,0,1,0,3,0,0,0,4,0,Goodware,goodware:Goodware
2024-10-18 20:30:00,SYSTEM\C:\Program Files\NordUpdater\NordUpdateService.exe,,0,0,0,0,0,0,8,0,0,0,11,0,Goodware,goodware:Goodware
2024-10-18 20:30:00,SYSTEM\C:\ProgramData\Microsoft\Windows Defender\Platform\4.18.24080.9-0\MsMpEng.exe,,0,0,0,0,0,0,5,0,0,0,5,0,Goodware,goodware:Goodware
2024-10-18 20:30:00,SYSTEM\System,,0,5,0,0,0,0,0,0,0,0,5,0,Goodware,goodware:Goodware
2024-10-18 20:30:00,SYSTEM\C:\Windows\Sysmon.exe,,0,0,0,0,0,0,2,0,0,0,2,0,Goodware,goodware:Goodware
2024-10-18 20:30:00,NETWORK SERVICE\C:\Windows\System32\wbem\WmiPrvSE.exe,,1,0,0,0,0,0,1,0,0,0,2,0,Goodware,goodware:Goodware
2024-10-18 20:30:00,SYSTEM\C:\Windows\System32\wevtutil.exe,,12,0,0,0,0,0,0,0,0,0,12,0,Goodware,goodware:Goodware
2024-10-18 20:30:00,SYSTEM\C:\Windows\System32\wbem\WmiPrvSE.exe,,1,0,0,0,0,0,1,0,0,0,2,0,Goodware,goodware:Goodware
2024-10-18 20:30:00,SYSTEM\C:\Windows\System32\sdbinst.exe,,1,0,0,0,0,0,0,0,0,0,1,0,Goodware,goodware:Goodware
2024-10-18 20:30:00,User\C:\Windows\System32\svchost.exe,,2,0,0,0,0,0,0,0,0,0,2,0,Goodware,goodware:Goodware
2024-10-18 20:30:00,User\C:\Windows\system32\userinit.exe,,0,0,0,0,0,1,0,0,0,0,1,0,Goodware,goodware:Goodware
2024-10-18 20:30:00,SYSTEM\C:\Windows\system32\wevtutil.exe,,0,0,0,0,0,16,0,0,0,0,16,0,Goodware,goodware:Goodware
2024-10-18 20:30:00,SYSTEM\C:\Program Files (x86)\Microsoft\EdgeUpdate\MicrosoftEdgeUpdate.exe,,1,0,0,0,0,0,2,0,0,0,3,0,Goodware,goodware:Goodware
2024-10-18 20:30:00,User\C:\Windows\explorer.exe,,0,0,0,0,0,0,2,0,0,0,2,0,Goodware,goodware:Goodware
2024-10-18 20:30:00,NETWORK SERVICE\C:\Windows\system32\sppsvc.exe,,0,3,0,0,0,0,0,0,0,0,3,0,Goodware,goodware:Goodware
2024-10-18 20:30:00,User\C:\Windows\SystemApps\Microsoft.Windows.StartMenuExperienceHost_cw5n1h2txyewy\StartMenuExperienceHost.exe,,0,0,0,0,0,0,1,0,0,0,1,0,Goodware,goodware:Goodware
2024-10-18 20:30:00,User\C:\Windows\SystemApps\MicrosoftWindows.Client.CBS_cw5n1h2txyewy\SearchHost.exe,,0,1,12,0,0,0,1,0,0,0,14,0,Goodware,goodware:Goodware
2024-10-18 20:30:00,User\C:\Windows\system32\DllHost.exe,,0,0,0,0,0,4,0,0,0,0,4,0,Goodware,goodware:Goodware
2024-10-18 20:30:00,User\C:\Program Files\WindowsApps\Microsoft.WidgetsPlatformRuntime_1.4.0.0_x64__8wekyb3d8bbwe\WidgetService\WidgetService.exe,,0,7,0,0,0,0,0,0,0,0,7,0,Goodware,goodware:Goodware
2024-10-18 20:30:00,User\C:\Program Files\WindowsApps\MicrosoftWindows.Client.WebExperience_524.24900.130.0_x64__cw5n1h2txyewy\Dashboard\Widgets.exe,,0,0,0,0,0,0,1,0,0,0,1,0,Goodware,goodware:Goodware
2024-10-18 20:30:00,SYSTEM\C:\Windows\system32\sdbinst.exe,,0,2,0,0,0,0,0,0,0,0,2,0,Goodware,goodware:Goodware
2024-10-18 20:30:00,SYSTEM\C:\Program Files (x86)\BraveSoftware\Update\BraveUpdate.exe,,0,6,0,0,0,0,3,0,0,0,10,0,Goodware,goodware:Goodware
2024-10-18 20:30:00,SYSTEM\C:\Windows\system32\taskhostw.exe,,0,0,0,0,0,20,0,0,0,0,20,0,Goodware,goodware:Goodware
2024-10-18 20:30:00,SYSTEM\C:\Windows\system32\SearchIndexer.exe,,0,0,0,0,0,0,0,0,0,0,1,0,Goodware,goodware:Goodware
2024-10-18 20:30:00,SYSTEM\C:\Program Files (x86)\BraveSoftware\Update\1.3.361.151\BraveCrashHandler.exe,,0,2,0,0,0,0,0,0,0,0,2,0,Goodware,goodware:Goodware
2024-10-18 20:30:00,SYSTEM\C:\Program Files (x86)\BraveSoftware\Update\1.3.361.151\BraveCrashHandler64.exe,,0,2,0,0,0,0,0,0,0,0,2,0,Goodware,goodware:Goodware
2024-10-18 20:30:00,SYSTEM\C:\Windows\System32\cmd.exe,,2,0,0,0,0,0,0,0,0,0,2,0,Goodware,goodware:Goodware
2024-10-18 20:30:00,-\C:\Program Files\NordVPN\nordvpn-service.exe,,0,0,0,0,0,0,0,0,0,0,10,0,Goodware,goodware:Goodware
2024-10-18 20:30:00,SYSTEM\C:\Windows\System32\smss.exe,,0,0,0,0,0,1,0,0,0,0,1,0,Goodware,goodware:Goodware
2024-10-18 20:30:00,SYSTEM\C:\Windows\System32\csrss.exe,,1,0,0,0,0,0,0,0,0,0,1,0,Goodware,goodware:Goodware
2024-10-18 20:30:00,SYSTEM\C:\ProgramData\Microsoft\Windows Defender\Platform\4.18.24080.9-0\MpCmdRun.exe,,0,0,0,0,0,0,2,0,0,0,2,0,Goodware,goodware:Goodware
2024-10-18 20:30:00,End-user\C:\Windows\System32\svchost.exe,,3,0,0,0,0,0,2,0,0,0,5,0,Goodware,goodware:Goodware
2024-10-18 20:30:00,End-user\C:\Users\End-user\AppData\Local\Google\GoogleUpdater\131.0.6776.0\updater.exe,,6,2,0,0,1,0,6,0,0,0,24,0,Goodware,goodware:Goodware
2024-10-18 20:30:00,End-user\C:\Windows\system32\userinit.exe,,0,0,0,0,0,1,0,0,0,0,1,0,Goodware,goodware:Goodware
2024-10-18 20:30:00,End-user\C:\Windows\explorer.exe,,0,0,0,0,0,0,2,0,0,0,2,0,Goodware,goodware:Goodware
2024-10-18 20:30:00,End-user\C:\Windows\SystemApps\Microsoft.Windows.StartMenuExperienceHost_cw5n1h2txyewy\StartMenuExperienceHost.exe,,0,0,0,0,0,0,1,0,0,0,1,0,Goodware,goodware:Goodware
2024-10-18 20:30:00,End-user\C:\Windows\SystemApps\MicrosoftWindows.Client.CBS_cw5n1h2txyewy\SearchHost.exe,,0,1,21,0,0,0,1,0,0,0,24,0,Goodware,goodware:Goodware
2024-10-18 20:30:00,End-user\C:\Program Files\WindowsApps\Microsoft.WidgetsPlatformRuntime_1.4.0.0_x64__8wekyb3d8bbwe\WidgetService\WidgetService.exe,,0,7,0,0,0,0,0,0,0,0,7,0,Goodware,goodware:Goodware
2024-10-18 20:30:00,End-user\C:\Windows\SystemApps\ShellExperienceHost_cw5n1h2txyewy\ShellExperienceHost.exe,,0,0,0,0,0,0,1,0,0,0,1,0,Goodware,goodware:Goodware
2024-10-18 20:30:00,User\C:\Windows\System32\taskhostw.exe,,0,0,0,0,0,0,1,0,0,0,1,0,Goodware,goodware:Goodware
2024-10-18 20:30:00,End-user\C:\Windows\System32\RuntimeBroker.exe,,0,0,0,0,0,1,2,0,0,0,3,0,Goodware,goodware:Goodware
2024-10-18 20:30:00,End-user\C:\Program Files\WindowsApps\MicrosoftWindows.Client.WebExperience_524.24900.130.0_x64__cw5n1h2txyewy\Dashboard\Widgets.exe,,0,0,0,0,0,0,1,0,0,0,1,0,Goodware,goodware:Goodware
2024-10-18 20:30:00,-\C:\Users\End-user\AppData\Local\Google\GoogleUpdater\131.0.6776.0\updater.exe,,0,0,0,0,0,0,0,0,0,0,3,0,Goodware,goodware:Goodware
2024-10-18 20:30:00,User\C:\Windows\System32\SecurityHealthSystray.exe,,1,0,0,0,0,0,0,0,0,0,1,0,Goodware,goodware:Goodware
2024-10-18 20:30:00,SYSTEM\C:\Windows\System32\SecurityHealthService.exe,,0,0,0,0,0,0,4,0,0,0,4,0,Goodware,goodware:Goodware
2024-10-18 20:30:00,SYSTEM\C:\Windows\system32\SecurityHealthService.exe,,0,4,0,0,0,1,0,0,0,0,5,0,Goodware,goodware:Goodware
2024-10-18 20:30:00,End-user\C:\Windows\Explorer.EXE,,0,0,0,0,0,2,0,0,0,0,2,0,Goodware,goodware:Goodware
2024-10-18 20:30:00,End-user\C:\Program Files\NordVPN\NordVPN.exe,,1,0,0,0,0,1,9,0,0,0,17,0,Goodware,goodware:Goodware
2024-10-18 20:30:00,NETWORK SERVICE\C:\Windows\System32\sppsvc.exe,,0,0,0,0,0,0,1,0,0,0,1,0,Goodware,goodware:Goodware
2024-10-18 20:30:00,End-user\C:\Windows\System32\SecurityHealthSystray.exe,,1,0,0,0,0,0,0,0,0,0,1,0,Goodware,goodware:Goodware
2024-10-18 20:30:00,User\C:\Windows\System32\VBoxTray.exe,,1,0,0,0,0,0,0,0,0,0,2,0,Goodware,goodware:Goodware
2024-10-18 20:30:00,End-user\C:\Windows\System32\SecurityHealth\1.0.2402.27001-0\SecurityHealthHost.exe,,0,0,0,0,0,0,0,0,0,0,2,0,Goodware,goodware:Goodware
2024-10-18 20:30:00,-\C:\Program Files\NordUpdater\NordUpdateService.exe,,0,0,0,0,0,0,0,0,0,0,2,0,Goodware,goodware:Goodware
2024-10-18 20:30:00,End-user\C:\Windows\system32\sihost.exe,,0,0,0,0,0,0,0,0,0,0,1,0,Goodware,goodware:Goodware
2024-10-18 20:30:00,End-user\C:\Program Files\WindowsApps\Microsoft.SecHealthUI_1000.25992.9000.0_x64__8wekyb3d8bbwe\SecHealthUI.exe,,0,0,0,0,0,0,1,0,0,0,1,0,Goodware,goodware:Goodware
2024-10-18 20:30:00,End-user\C:\Windows\System32\VBoxTray.exe,,1,0,0,0,0,0,0,0,0,0,2,0,Goodware,goodware:Goodware
2024-10-18 20:30:00,User\C:\Users\User\AppData\Local\Microsoft\OneDrive\OneDrive.exe,,1,0,0,0,0,17,64,0,0,0,83,0,Goodware,goodware:Goodware
2024-10-18 20:30:00,User\C:\Users\User\AppData\Local\Microsoft\OneDrive\24.186.0915.0004\FileCoAuth.exe,,1,0,0,0,0,0,16,0,0,0,18,0,Goodware,goodware:Goodware
2024-10-18 20:30:00,-\C:\Users\User\AppData\Local\Microsoft\OneDrive\OneDrive.exe,,0,0,0,0,0,0,0,0,0,0,1,0,Goodware,goodware:Goodware
2024-10-18 20:30:00,-\C:\Windows\Explorer.EXE,,0,0,0,0,0,0,0,0,0,0,2,0,Goodware,goodware:Goodware
2024-10-18 20:30:00,User\C:\Program Files (x86)\Microsoft\Edge\Application\msedge.exe,,2,0,0,0,0,0,2,0,0,0,5,0,Goodware,goodware:Goodware
2024-10-18 20:30:00,End-user\C:\Users\End-user\AppData\Local\Microsoft\OneDrive\OneDrive.exe,,1,0,0,0,0,17,64,0,0,0,83,0,Goodware,goodware:Goodware
2024-10-18 20:30:00,End-user\C:\Users\End-user\AppData\Local\Microsoft\OneDrive\24.186.0915.0004\FileCoAuth.exe,,1,0,0,0,0,0,16,0,0,0,17,0,Goodware,goodware:Goodware
2024-10-18 20:30:00,-\C:\Users\End-user\AppData\Local\Microsoft\OneDrive\OneDrive.exe,,0,0,0,0,0,0,0,0,0,0,1,0,Goodware,goodware:Goodware
2024-10-18 20:35:00,End-user\C:\Users\End-user\AppData\Local\Microsoft\OneDrive\24.186.0915.0004\FileCoAuth.exe,,0,0,0,0,0,0,0,0,0,0,1,0,Goodware,goodware:Goodware
2024-10-18 20:35:00,End-user\C:\Windows\explorer.exe,,0,0,0,0,0,0,0,0,0,0,1,0,Goodware,goodware:Goodware
2024-10-18 20:35:00,End-user\C:\Windows\Explorer.EXE,,0,0,3,0,0,4,0,0,0,0,7,0,Goodware,goodware:Goodware
2024-10-18 20:35:00,End-user\C:\Program Files (x86)\Microsoft\Edge\Application\msedge.exe,,4,0,7,0,4,117,12,0,0,0,156,0,Goodware,goodware:Goodware
2024-10-18 20:35:00,User\C:\Windows\System32\sihost.exe,,0,0,0,0,0,0,1,0,0,0,1,0,Goodware,goodware:Goodware
2024-10-18 20:35:00,User\C:\Program Files\WindowsApps\MicrosoftTeams_24256.2502.3123.1_x64__8wekyb3d8bbwe\msteams_autostarter.exe,,0,0,0,0,0,0,1,0,0,0,1,0,Goodware,goodware:Goodware
2024-10-18 20:35:00,SYSTEM\C:\Windows\system32\svchost.exe,,0,2,0,0,0,35,0,0,0,0,37,0,Goodware,goodware:Goodware
2024-10-18 20:35:00,User\C:\Windows\Explorer.EXE,,0,0,1,0,0,0,0,0,0,0,1,0,Goodware,goodware:Goodware
2024-10-18 20:35:00,User\C:\Program Files\WindowsApps\MicrosoftTeams_24256.2502.3123.1_x64__8wekyb3d8bbwe\msteams.exe,,0,0,0,0,0,0,1,0,0,0,3,0,Goodware,goodware:Goodware
2024-10-18 20:35:00,User\C:\Program Files (x86)\Microsoft\EdgeWebView\Application\129.0.2792.89\msedgewebview2.exe,,20,0,6,0,0,12,11,0,0,0,83,0,Goodware,goodware:Goodware
2024-10-18 20:35:00,-\C:\Program Files\NordVPN\nordvpn-service.exe,,0,0,0,0,0,0,0,0,0,0,59,0,Goodware,goodware:Goodware
2024-10-18 20:35:00,End-user\C:\Users\End-user\AppData\Local\Google\GoogleUpdater\131.0.6776.0\updater.exe,,6,1,0,0,0,0,6,0,0,0,22,0,Goodware,goodware:Goodware
2024-10-18 20:35:00,-\C:\Users\End-user\AppData\Local\Google\GoogleUpdater\131.0.6776.0\updater.exe,,0,0,0,0,0,0,0,0,0,0,3,0,Goodware,goodware:Goodware
2024-10-18 20:35:00,User\C:\Program Files\WindowsApps\MicrosoftWindows.CrossDevice_1.24091.30.0_x64__cw5n1h2txyewy\CrossDeviceService.exe,,0,0,0,0,0,0,1,0,0,0,2,0,Goodware,goodware:Goodware
2024-10-18 20:35:00,NETWORK SERVICE\C:\Windows\System32\svchost.exe,,0,7,0,0,8,2,2,0,0,0,33,0,Goodware,goodware:Goodware
2024-10-18 20:35:00,End-user\C:\Program Files\NordVPN\NordVPN.exe,,1,0,1,0,0,1,5,0,0,0,15,0,Goodware,goodware:Goodware
2024-10-18 20:35:00,SYSTEM\C:\Program Files (x86)\BraveSoftware\Update\BraveUpdate.exe,,2,12,1,0,0,0,2,0,0,0,17,0,Goodware,goodware:Goodware
2024-10-18 20:35:00,-\C:\Program Files\NordVPN\NordVPN.exe,,0,0,0,0,0,0,0,0,0,0,4,0,Goodware,goodware:Goodware
2024-10-18 20:35:00,SYSTEM\C:\Program Files (x86)\BraveSoftware\Update\1.3.361.151\BraveCrashHandler.exe,,0,2,0,0,0,0,0,0,0,0,2,0,Goodware,goodware:Goodware
2024-10-18 20:35:00,SYSTEM\C:\Program Files (x86)\BraveSoftware\Update\1.3.361.151\BraveCrashHandler64.exe,,0,2,0,0,0,0,0,0,0,0,2,0,Goodware,goodware:Goodware
2024-10-18 20:35:00,SYSTEM\C:\Windows\System32\svchost.exe,,3,0,0,0,0,65,6,0,0,0,76,0,Goodware,goodware:Goodware
2024-10-18 20:35:00,SYSTEM\C:\Program Files\Microsoft Update Health Tools\uhssvc.exe,,1,0,0,0,0,0,0,0,0,0,1,0,Goodware,goodware:Goodware
2024-10-18 20:35:00,SYSTEM\C:\Program Files\Winlogbeat\winlogbeat.exe,,1,0,0,0,0,0,0,0,0,0,3,0,Goodware,goodware:Goodware
2024-10-18 20:35:00,SYSTEM\C:\Windows\UUS\Packages\Preview\amd64\MoUsoCoreWorker.exe,,0,0,0,0,0,0,1,0,0,0,1,0,Goodware,goodware:Goodware
2024-10-18 20:35:00,LOCAL SERVICE\C:\Windows\System32\svchost.exe,,4,0,0,0,0,0,2,0,0,0,7,0,Goodware,goodware:Goodware
2024-10-18 20:35:00,LOCAL SERVICE\C:\Windows\system32\svchost.exe,,0,0,0,0,0,33,0,0,0,0,33,0,Goodware,goodware:Goodware
2024-10-18 20:35:00,-\C:\Program Files (x86)\Microsoft\EdgeWebView\Application\129.0.2792.89\msedgewebview2.exe,,0,0,0,0,0,0,0,0,0,0,15,0,Goodware,goodware:Goodware
2024-10-18 20:35:00,SYSTEM\C:\Windows\System32\netsh.exe,,11,0,0,0,0,0,0,0,0,0,11,0,Goodware,goodware:Goodware
2024-10-18 20:35:00,NETWORK SERVICE\C:\Windows\system32\svchost.exe,,0,0,0,0,0,2,0,0,0,0,2,0,Goodware,goodware:Goodware
2024-10-18 20:35:00,SYSTEM\C:\Windows\SYSTEM32\netsh.exe,,0,0,0,0,0,9,0,0,0,0,9,0,Goodware,goodware:Goodware
2024-10-18 20:35:00,SYSTEM\C:\Windows\System32\ROUTE.EXE,,4,0,0,0,0,0,0,0,0,0,4,0,Goodware,goodware:Goodware
2024-10-18 20:35:00,SYSTEM\C:\Windows\System32\spoolsv.exe,,0,0,0,0,0,0,0,0,0,0,1,0,Goodware,goodware:Goodware
2024-10-18 20:35:00,NETWORK SERVICE\C:\Windows\system32\sppsvc.exe,,0,7,0,0,0,0,0,0,0,0,7,0,Goodware,goodware:Goodware
2024-10-18 20:35:00,NETWORK SERVICE\C:\Windows\System32\SppExtComObj.Exe,,0,0,0,0,0,0,0,0,0,0,3,0,Goodware,goodware:Goodware
2024-10-18 20:35:00,User\C:\Program Files (x86)\Microsoft\Edge\Application\msedge.exe,,0,0,0,0,0,0,3,0,0,0,5,0,Goodware,goodware:Goodware
2024-10-18 20:35:00,-\C:\Windows\system32\sppsvc.exe,,0,0,0,0,0,0,0,0,0,0,2,0,Goodware,goodware:Goodware
2024-10-18 20:35:00,End-user\C:\Windows\System32\sihost.exe,,0,0,0,0,0,0,1,0,0,0,1,0,Goodware,goodware:Goodware
2024-10-18 20:35:00,End-user\C:\Program Files\WindowsApps\MicrosoftTeams_24256.2502.3123.1_x64__8wekyb3d8bbwe\msteams_autostarter.exe,,0,0,0,0,0,1,1,0,0,0,2,0,Goodware,goodware:Goodware
2024-10-18 20:35:00,End-user\C:\Program Files\WindowsApps\MicrosoftTeams_24256.2502.3123.1_x64__8wekyb3d8bbwe\msteams.exe,,0,0,0,0,0,2,1,0,0,0,5,0,Goodware,goodware:Goodware
2024-10-18 20:35:00,End-user\C:\Program Files (x86)\Microsoft\EdgeWebView\Application\129.0.2792.89\msedgewebview2.exe,,31,0,18,0,0,39,14,0,0,0,179,0,Goodware,goodware:Goodware
2024-10-18 20:35:00,End-user\C:\Program Files\WindowsApps\MicrosoftTeams_24256.2502.3123.1_x64__8wekyb3d8bbwe\msteamsupdate.exe,,0,0,0,0,0,3,1,0,0,0,4,0,Goodware,goodware:Goodware
2024-10-18 20:35:00,-\C:\Program Files\NordUpdater\NordUpdateService.exe,,0,0,0,0,0,0,0,0,0,0,2,0,Goodware,goodware:Goodware
2024-10-18 20:35:00,End-user\C:\Program Files\WindowsApps\MicrosoftWindows.CrossDevice_1.24091.30.0_x64__cw5n1h2txyewy\CrossDeviceService.exe,,0,0,0,0,0,0,1,0,0,0,2,0,Goodware,goodware:Goodware
2024-10-18 20:35:00,End-user\C:\Program Files\WindowsApps\MSTeams_24257.205.3165.2029_x64__8wekyb3d8bbwe\msteams_autostarter.exe,,0,0,0,0,0,1,1,0,0,0,2,0,Goodware,goodware:Goodware
2024-10-18 20:35:00,End-user\C:\Windows\System32\RuntimeBroker.exe,,0,0,0,0,0,3,1,0,0,0,4,0,Goodware,goodware:Goodware
2024-10-18 20:35:00,End-user\C:\Program Files\WindowsApps\MSTeams_24257.205.3165.2029_x64__8wekyb3d8bbwe\ms-teams.exe,,0,0,43,0,0,4,4,0,0,0,55,0,Goodware,goodware:Goodware
2024-10-18 20:35:00,End-user\C:\Program Files\WindowsApps\MSTeams_24257.205.3165.2029_x64__8wekyb3d8bbwe\ms-teamsupdate.exe,,0,0,0,0,0,4,1,0,0,0,5,0,Goodware,goodware:Goodware
2024-10-18 20:35:00,NETWORK SERVICE\C:\Windows\System32\sppsvc.exe,,0,0,0,0,0,0,1,0,0,0,1,0,Goodware,goodware:Goodware
2024-10-18 20:35:00,-\C:\Windows\Explorer.EXE,,0,0,0,0,0,0,0,0,0,0,7,0,Goodware,goodware:Goodware
2024-10-18 20:35:00,End-user\C:\Windows\System32\backgroundTaskHost.exe,,0,0,0,0,0,0,5,0,0,0,5,0,Goodware,goodware:Goodware
2024-10-18 20:35:00,User\C:\Windows\System32\backgroundTaskHost.exe,,0,0,0,0,0,0,1,0,0,0,1,0,Goodware,goodware:Goodware
2024-10-18 20:35:00,SYSTEM\C:\Windows\system32\services.exe,,0,0,0,0,0,49,0,0,0,0,49,0,Goodware,goodware:Goodware
2024-10-18 20:35:00,-\C:\Program Files (x86)\Microsoft\Edge\Application\msedge.exe,,0,0,0,0,0,0,0,0,0,0,3,0,Goodware,goodware:Goodware
2024-10-18 20:35:00,SYSTEM\C:\Windows\System32\wbem\WMIADAP.exe,,0,0,0,0,0,0,2,0,0,0,2,0,Goodware,goodware:Goodware
2024-10-18 20:35:00,SYSTEM\C:\Program Files\NordVPN\nordvpn-service.exe,,0,0,0,0,0,1,0,0,0,0,13,0,Goodware,goodware:Goodware
2024-10-18 20:35:00,SYSTEM\C:\Windows\system32\netsh.exe,,0,0,0,0,0,4,0,0,0,0,4,0,Goodware,goodware:Goodware
2024-10-18 20:35:00,SYSTEM\C:\Program Files\NordUpdater\NordUpdateService.exe,,0,0,0,0,0,0,0,0,0,0,1,0,Goodware,goodware:Goodware
2024-10-18 20:35:00,End-user\C:\Windows\System32\SecurityHealth\1.0.2402.27001-0\SecurityHealthHost.exe,,0,0,0,0,0,0,0,0,0,0,2,0,Goodware,goodware:Goodware
2024-10-18 20:35:00,SYSTEM\C:\ProgramData\Microsoft\Windows Defender\Platform\4.18.24080.9-0\MsMpEng.exe,,0,0,7,0,0,8,4,0,0,0,19,0,Goodware,goodware:Goodware
2024-10-18 20:35:00,LOCAL SERVICE\C:\ProgramData\Microsoft\Windows Defender\Platform\4.18.24080.9-0\NisSrv.exe,,0,0,0,0,0,0,2,0,0,0,2,0,Goodware,goodware:Goodware
2024-10-18 20:35:00,SYSTEM\C:\Windows\System32\taskhostw.exe,,0,0,0,0,0,0,2,0,0,0,2,0,Goodware,goodware:Goodware
2024-10-18 20:35:00,SYSTEM\C:\Windows\System32\sc.exe,,3,0,0,0,0,0,0,0,0,0,3,0,Goodware,goodware:Goodware
2024-10-18 20:35:00,User\C:\Program Files\WindowsApps\MicrosoftWindows.Client.WebExperience_524.24900.130.0_x64__cw5n1h2txyewy\Dashboard\Widgets.exe,,0,0,0,0,0,1,0,0,0,0,3,0,Goodware,goodware:Goodware
2024-10-18 20:35:00,User\C:\Windows\SystemApps\ShellExperienceHost_cw5n1h2txyewy\ShellExperienceHost.exe,,0,0,0,0,0,0,1,0,0,0,1,0,Goodware,goodware:Goodware
2024-10-18 20:35:00,User\C:\Windows\System32\svchost.exe,,1,0,0,0,0,0,0,0,0,0,1,0,Goodware,goodware:Goodware
2024-10-18 20:35:00,End-user\C:\Program Files\WindowsApps\MicrosoftWindows.Client.WebExperience_524.24900.130.0_x64__cw5n1h2txyewy\Dashboard\Widgets.exe,,0,0,0,0,0,1,0,0,0,0,2,0,Goodware,goodware:Goodware
2024-10-18 20:35:00,User\C:\Users\User\AppData\Local\Microsoft\OneDrive\OneDriveStandaloneUpdater.exe,,1,0,0,0,0,0,3,0,0,0,5,0,Goodware,goodware:Goodware
2024-10-18 20:35:00,End-user\C:\Users\End-user\AppData\Local\Microsoft\OneDrive\OneDriveStandaloneUpdater.exe,,1,0,0,0,0,0,3,0,0,0,5,0,Goodware,goodware:Goodware
2024-10-18 20:35:00,SYSTEM\System,,0,1,0,0,0,0,0,0,0,0,1,0,Goodware,goodware:Goodware
2024-10-18 20:35:00,SYSTEM\<unknown process>,,0,0,0,0,0,0,0,0,0,0,1,0,Goodware,goodware:Goodware
2024-10-18 20:35:00,End-user\C:\Program Files\BraveSoftware\Brave-Browser\Application\brave.exe,,2,12,6,0,0,36,2,0,0,0,110,0,Goodware,goodware:Goodware
2024-10-18 20:35:00,SYSTEM\C:\ProgramData\Microsoft\Windows Defender\Platform\4.18.24080.9-0\MpDefenderCoreService.exe,,0,0,0,0,1,0,0,0,0,0,2,0,Goodware,goodware:Goodware
2024-10-18 20:40:00,End-user\C:\Program Files\BraveSoftware\Brave-Browser\Application\brave.exe,,0,0,1,0,0,21,0,0,0,0,62,0,Goodware,goodware:Goodware
2024-10-18 20:40:00,NETWORK SERVICE\C:\Windows\System32\SppExtComObj.Exe,,0,0,0,0,0,0,0,0,0,0,2,0,Goodware,goodware:Goodware
2024-10-18 20:40:00,End-user\C:\Windows\System32\RuntimeBroker.exe,,0,0,0,0,0,1,0,0,0,0,1,0,Goodware,goodware:Goodware
2024-10-18 20:40:00,-\C:\Program Files\NordVPN\nordvpn-service.exe,,0,0,0,0,0,0,0,0,0,0,52,0,Goodware,goodware:Goodware
2024-10-18 20:40:00,NETWORK SERVICE\C:\Windows\system32\sppsvc.exe,,0,5,0,0,0,0,0,0,0,0,5,0,Goodware,goodware:Goodware
2024-10-18 20:40:00,End-user\C:\Program Files (x86)\Microsoft\Edge\Application\msedge.exe,,0,0,0,0,0,6,1,0,0,0,12,0,Goodware,goodware:Goodware
2024-10-18 20:40:00,End-user\C:\Users\End-user\AppData\Local\Microsoft\OneDrive\OneDriveStandaloneUpdater.exe,,0,0,0,0,0,0,0,0,0,0,1,0,Goodware,goodware:Goodware
2024-10-18 20:40:00,User\C:\Users\User\AppData\Local\Microsoft\OneDrive\OneDriveStandaloneUpdater.exe,,0,0,0,0,0,0,0,0,0,0,1,0,Goodware,goodware:Goodware
2024-10-18 20:40:00,SYSTEM\C:\Windows\system32\svchost.exe,,0,0,0,0,0,4,0,0,0,0,4,0,Goodware,goodware:Goodware
2024-10-18 20:40:00,NETWORK SERVICE\C:\Windows\System32\sppsvc.exe,,0,0,0,0,0,0,1,0,0,0,1,0,Goodware,goodware:Goodware
2024-10-18 20:40:00,SYSTEM\\\?\C:\Windows\system32\wbem\WMIADAP.EXE,,0,10,0,0,0,11,0,0,0,0,21,0,Goodware,goodware:Goodware
2024-10-18 20:40:00,End-user\C:\Windows\ImmersiveControlPanel\SystemSettings.exe,,0,0,0,0,0,0,1,0,0,0,1,0,Goodware,goodware:Goodware
2024-10-18 20:40:00,End-user\C:\Program Files (x86)\Microsoft\EdgeWebView\Application\129.0.2792.89\msedgewebview2.exe,,0,0,0,0,0,0,0,0,0,0,1,0,Goodware,goodware:Goodware
2024-10-18 20:40:00,SYSTEM\C:\Windows\System32\ROUTE.EXE,,2,0,0,0,0,0,0,0,0,0,2,0,Goodware,goodware:Goodware
2024-10-18 20:40:00,LOCAL SERVICE\C:\Windows\system32\svchost.exe,,0,0,0,0,0,21,0,0,0,0,21,0,Goodware,goodware:Goodware
2024-10-18 20:40:00,NETWORK SERVICE\C:\Windows\System32\svchost.exe,,0,1,0,0,5,1,0,0,0,0,11,0,Goodware,goodware:Goodware
2024-10-18 20:40:00,SYSTEM\C:\Windows\System32\netsh.exe,,8,0,0,0,0,0,0,0,0,0,8,0,Goodware,goodware:Goodware
2024-10-18 20:40:00,SYSTEM\C:\Windows\System32\spoolsv.exe,,0,0,0,0,0,0,0,0,0,0,2,0,Goodware,goodware:Goodware
2024-10-18 20:40:00,SYSTEM\C:\Windows\SYSTEM32\netsh.exe,,0,0,0,0,0,1,0,0,0,0,1,0,Goodware,goodware:Goodware
2024-10-18 20:40:00,SYSTEM\C:\Program Files\NordVPN\nordvpn-service.exe,,0,0,0,0,0,1,0,0,0,0,15,0,Goodware,goodware:Goodware
2024-10-18 20:40:00,SYSTEM\C:\Windows\system32\netsh.exe,,0,0,0,0,0,5,0,0,0,0,5,0,Goodware,goodware:Goodware
2024-10-18 20:40:00,NETWORK SERVICE\C:\Windows\system32\SppExtComObj.exe,,0,0,0,0,0,0,0,0,0,0,1,0,Goodware,goodware:Goodware
2024-10-18 20:40:00,NETWORK SERVICE\C:\Windows\system32\svchost.exe,,0,0,0,0,0,2,0,0,0,0,2,0,Goodware,goodware:Goodware
2024-10-18 20:40:00,End-user\C:\Windows\System32\SecurityHealth\1.0.2402.27001-0\SecurityHealthHost.exe,,0,0,0,0,0,0,0,0,0,0,1,0,Goodware,goodware:Goodware
2024-10-18 20:40:00,SYSTEM\C:\Windows\System32\taskhostw.exe,,0,0,0,0,0,0,1,0,0,0,1,0,Goodware,goodware:Goodware
2024-10-18 20:40:00,SYSTEM\C:\Windows\System32\ipconfig.exe,,2,0,0,0,0,0,0,0,0,0,2,0,Goodware,goodware:Goodware
2024-10-18 20:40:00,-\C:\Windows\system32\sppsvc.exe,,0,0,0,0,0,0,0,0,0,0,1,0,Goodware,goodware:Goodware
2024-10-18 20:40:00,End-user\C:\Program Files\NordVPN\NordVPN.exe,,0,0,1,0,0,0,0,0,0,0,3,0,Goodware,goodware:Goodware
2024-10-18 20:40:00,SYSTEM\C:\ProgramData\Microsoft\Windows Defender\Platform\4.18.24080.9-0\MpDefenderCoreService.exe,,0,0,0,0,2,0,0,0,0,0,3,0,Goodware,goodware:Goodware
2024-10-18 20:40:00,-\C:\Program Files\NordUpdater\NordUpdateService.exe,,0,0,0,0,0,0,0,0,0,0,2,0,Goodware,goodware:Goodware
2024-10-18 20:45:00,NETWORK SERVICE\C:\Windows\System32\sppsvc.exe,,0,0,0,0,0,0,1,0,0,0,1,0,Goodware,goodware:Goodware
2024-10-18 20:45:00,SYSTEM\C:\Windows\system32\svchost.exe,,0,7,3,0,0,5,0,0,0,0,15,0,Goodware,goodware:Goodware
2024-10-18 20:45:00,-\C:\Program Files\NordVPN\nordvpn-service.exe,,0,0,0,0,0,0,0,0,0,0,56,0,Goodware,goodware:Goodware
2024-10-18 20:45:00,End-user\C:\Program Files\BraveSoftware\Brave-Browser\Application\brave.exe,,1,3,5,0,0,64,6,0,0,0,210,0,Goodware,goodware:Goodware
2024-10-18 20:45:00,User\C:\Program Files (x86)\Microsoft\EdgeWebView\Application\129.0.2792.89\msedgewebview2.exe,,0,0,2,0,0,0,0,0,0,0,2,0,Goodware,goodware:Goodware
2024-10-18 20:45:00,End-user\C:\Windows\system32\svchost.exe,,0,0,0,0,0,0,0,0,0,0,1,0,Goodware,goodware:Goodware
2024-10-18 20:45:00,NETWORK SERVICE\C:\Windows\System32\svchost.exe,,0,3,0,0,3,0,1,0,0,0,7,0,Goodware,goodware:Goodware
2024-10-18 20:45:00,SYSTEM\C:\ProgramData\Microsoft\Windows Defender\Platform\4.18.24080.9-0\MsMpEng.exe,,0,0,11,0,0,2,2,0,0,0,15,0,Goodware,goodware:Goodware
2024-10-18 20:45:00,SYSTEM\C:\ProgramData\Microsoft\Windows Defender\Platform\4.18.24080.9-0\MpCmdRun.exe,,0,1,0,0,0,0,5,0,0,0,6,0,Goodware,goodware:Goodware
2024-10-18 20:45:00,NETWORK SERVICE\C:\Windows\System32\wbem\WmiPrvSE.exe,,1,0,0,0,0,0,1,0,0,0,2,0,Goodware,goodware:Goodware
2024-10-18 20:45:00,SYSTEM\C:\Windows\System32\svchost.exe,,0,0,0,0,0,29,1,0,0,0,30,0,Goodware,goodware:Goodware
2024-10-18 20:45:00,LOCAL SERVICE\C:\Windows\System32\wbem\WmiPrvSE.exe,,1,0,0,0,0,0,3,0,0,0,4,0,Goodware,goodware:Goodware
2024-10-18 20:45:00,SYSTEM\System,,0,2,0,0,0,0,0,0,0,0,2,0,Goodware,goodware:Goodware
2024-10-18 20:45:00,SYSTEM\C:\Windows\System32\MpSigStub.exe,,0,0,0,0,0,0,1,0,0,0,1,0,Goodware,goodware:Goodware
2024-10-18 20:45:00,SYSTEM\C:\Windows\system32\MpSigStub.exe,,0,6,2,0,0,0,0,0,0,0,9,0,Goodware,goodware:Goodware
2024-10-18 20:45:00,-\C:\Windows\Explorer.EXE,,0,0,0,0,0,0,0,0,0,0,1,0,Goodware,goodware:Goodware
2024-10-18 20:45:00,End-user\C:\Windows\Explorer.EXE,,0,0,1,0,0,1,0,0,0,0,2,0,Goodware,goodware:Goodware
2024-10-18 20:45:00,SYSTEM\C:\Windows\system32\services.exe,,0,0,0,0,0,10,0,0,0,0,10,0,Goodware,goodware:Goodware
2024-10-18 20:45:00,End-user\C:\Users\End-user\AppData\Local\Google\GoogleUpdater\131.0.6776.0\updater.exe,,6,1,0,0,0,0,6,0,0,0,22,0,Goodware,goodware:Goodware
2024-10-18 20:45:00,-\C:\Users\End-user\AppData\Local\Google\GoogleUpdater\131.0.6776.0\updater.exe,,0,0,0,0,0,0,0,0,0,0,3,0,Goodware,goodware:Goodware
2024-10-18 20:45:00,SYSTEM\C:\Windows\System32\taskhostw.exe,,0,0,0,0,0,0,3,0,0,0,3,0,Goodware,goodware:Goodware
2024-10-18 20:45:00,-\C:\Windows\Sysmon.exe,,0,0,0,0,0,0,0,0,0,0,1,0,Goodware,goodware:Goodware
2024-10-18 20:45:00,SYSTEM\C:\Windows\System32\consent.exe,,0,0,0,0,0,0,4,0,0,0,4,0,Goodware,goodware:Goodware
2024-10-18 20:45:00,User\C:\Windows\System32\SecurityHealth\1.0.2402.27001-0\SecurityHealthHost.exe,,0,0,0,0,0,0,0,0,0,0,1,0,Goodware,goodware:Goodware
2024-10-18 20:45:00,SYSTEM\C:\Windows\System32\WerFault.exe,,1,0,0,0,0,0,0,0,0,0,1,0,Goodware,goodware:Goodware
2024-10-18 20:45:00,End-user\C:\Windows\System32\WerFault.exe,,1,0,0,0,0,0,0,0,0,0,1,0,Goodware,goodware:Goodware
2024-10-18 20:45:00,-\C:\Windows\system32\WerFault.exe,,0,0,0,0,0,0,0,0,0,0,2,0,Goodware,goodware:Goodware
2024-10-18 20:45:00,End-user\C:\Windows\system32\WerFault.exe,,0,0,1,0,0,0,0,0,0,0,1,0,Goodware,goodware:Goodware
2024-10-18 20:45:00,End-user\C:\Program Files\WindowsApps\Microsoft.SecHealthUI_1000.25992.9000.0_x64__8wekyb3d8bbwe\SecHealthUI.exe,,0,0,0,0,0,1,0,0,0,0,1,0,Goodware,goodware:Goodware
2024-10-18 20:45:00,End-user\C:\Windows\System32\SecurityHealth\1.0.2402.27001-0\SecurityHealthHost.exe,,0,0,0,0,0,0,0,0,0,0,2,0,Goodware,goodware:Goodware
2024-10-18 20:45:00,End-user\C:\Windows\System32\WindowsPowerShell\v1.0\powershell.exe,,1,2,1,0,0,1,9,0,0,0,15,0,Goodware,goodware:Goodware
2024-10-18 20:45:00,End-user\C:\Program Files\WindowsApps\Microsoft.WindowsTerminal_1.20.11781.0_x64__8wekyb3d8bbwe\OpenConsole.exe,,0,0,0,0,0,1,1,0,0,0,2,0,Goodware,goodware:Goodware
2024-10-18 20:45:00,End-user\C:\Windows\System32\conhost.exe,,0,0,0,0,0,0,1,0,0,0,1,0,Goodware,goodware:Goodware
2024-10-18 20:45:00,End-user\C:\Program Files\WindowsApps\Microsoft.WindowsTerminal_1.20.11781.0_x64__8wekyb3d8bbwe\WindowsTerminal.exe,,0,0,0,0,0,1,3,0,0,0,4,0,Goodware,goodware:Goodware
2024-10-18 20:45:00,User\C:\Windows\System32\WindowsPowerShell\v1.0\powershell.exe,,1,2,1,0,0,2,9,0,0,0,16,0,Goodware,goodware:Goodware
2024-10-18 20:45:00,End-user\C:\Program Files (x86)\Microsoft\Edge\Application\msedge.exe,,0,0,3,0,0,1,0,0,0,0,4,0,Goodware,goodware:Goodware
2024-10-18 20:45:00,SYSTEM\C:\Program Files (x86)\BraveSoftware\Update\BraveUpdate.exe,,1,2,0,0,0,0,0,0,0,0,3,0,Goodware,goodware:Goodware
2024-10-18 20:45:00,SYSTEM\C:\ProgramData\Microsoft\Windows Defender\Platform\4.18.24080.9-0\MpDefenderCoreService.exe,,0,0,0,0,1,0,0,0,0,0,1,0,Goodware,goodware:Goodware
2024-10-18 20:45:00,End-user\C:\Program Files\NordVPN\NordVPN.exe,,0,0,1,0,0,0,0,0,0,0,1,0,Goodware,goodware:Goodware
2024-10-18 20:50:00,-\C:\Program Files\NordVPN\nordvpn-service.exe,,0,0,0,0,0,0,0,0,0,0,56,0,Goodware,goodware:Goodware
2024-10-18 20:50:00,End-user\C:\Program Files (x86)\Microsoft\Edge\Application\msedge.exe,,0,0,0,0,0,1,0,0,0,0,1,0,Goodware,goodware:Goodware
2024-10-18 20:50:00,End-user\C:\Windows\System32\RuntimeBroker.exe,,0,0,0,0,0,1,0,0,0,0,1,0,Goodware,goodware:Goodware
2024-10-18 20:50:00,SYSTEM\C:\Windows\system32\svchost.exe,,0,0,0,0,0,4,0,0,0,0,4,0,Goodware,goodware:Goodware
2024-10-18 20:50:00,End-user\C:\Windows\System32\rundll32.exe,,1,0,0,0,0,0,0,0,0,0,1,0,Goodware,goodware:Goodware
2024-10-18 20:50:00,End-user\C:\Users\End-user\AppData\Local\Microsoft\OneDrive\24.186.0915.0004\FileCoAuth.exe,,1,0,0,0,0,0,15,0,0,0,16,0,Goodware,goodware:Goodware
2024-10-18 20:50:00,-\C:\Users\End-user\AppData\Local\Microsoft\OneDrive\OneDrive.exe,,0,0,0,0,0,0,0,0,0,0,1,0,Goodware,goodware:Goodware
2024-10-18 20:50:00,NETWORK SERVICE\C:\Windows\System32\svchost.exe,,0,0,0,0,3,0,0,0,0,0,3,0,Goodware,goodware:Goodware
2024-10-18 20:50:00,End-user\C:\Windows\Explorer.EXE,,0,0,2,0,0,0,0,0,0,0,2,0,Goodware,goodware:Goodware
2024-10-18 20:50:00,End-user\C:\Windows\system32\DllHost.exe,,0,0,0,0,0,3,0,0,0,0,3,0,Goodware,goodware:Goodware
2024-10-18 20:50:00,End-user\C:\Program Files\BraveSoftware\Brave-Browser\Application\brave.exe,,0,0,103,0,0,19,2,0,0,0,173,0,Goodware,goodware:Goodware
2024-10-18 20:50:00,-\C:\Windows\Explorer.EXE,,0,0,0,0,0,0,0,0,0,0,1,0,Goodware,goodware:Goodware
2024-10-18 20:50:00,End-user\C:\Program Files (x86)\Microsoft\EdgeWebView\Application\129.0.2792.89\msedgewebview2.exe,,1,0,0,0,0,1,1,0,0,0,6,0,Goodware,goodware:Goodware
2024-10-18 20:50:00,-\C:\Program Files\NordUpdater\NordUpdateService.exe,,0,0,0,0,0,0,0,0,0,0,2,0,Goodware,goodware:Goodware
2024-10-18 20:50:00,End-user\C:\Program Files\NordVPN\NordVPN.exe,,0,0,1,0,0,0,0,0,0,0,1,0,Goodware,goodware:Goodware
2024-10-18 20:55:00,End-user\C:\Program Files\BraveSoftware\Brave-Browser\Application\brave.exe,,0,0,155,0,0,0,0,0,0,0,158,0,Goodware,goodware:Goodware
2024-10-18 20:55:00,-\C:\Program Files\NordVPN\nordvpn-service.exe,,0,0,0,0,0,0,0,0,0,0,56,0,Goodware,goodware:Goodware
2024-10-18 20:55:00,SYSTEM\C:\Windows\system32\svchost.exe,,0,1,1,0,0,1,0,0,0,0,3,0,Goodware,goodware:Goodware
2024-10-18 20:55:00,End-user\C:\Program Files\WindowsApps\MicrosoftTeams_24256.2502.3123.1_x64__8wekyb3d8bbwe\msteamsupdate.exe,,0,0,0,0,0,1,0,0,0,0,1,0,Goodware,goodware:Goodware
2024-10-18 20:55:00,End-user\C:\Program Files\NordVPN\NordVPN.exe,,0,0,1,0,0,0,0,0,0,0,1,0,Goodware,goodware:Goodware
2024-10-18 21:00:00,-\C:\Program Files\NordVPN\nordvpn-service.exe,,0,0,0,0,0,0,0,0,0,0,56,0,Goodware,goodware:Goodware
2024-10-18 21:00:00,End-user\C:\Program Files (x86)\Microsoft\EdgeWebView\Application\129.0.2792.89\msedgewebview2.exe,,0,0,2,0,0,0,0,0,0,0,2,0,Goodware,goodware:Goodware
2024-10-18 21:00:00,End-user\C:\Program Files\BraveSoftware\Brave-Browser\Application\brave.exe,,0,0,0,0,0,0,0,0,0,0,1,0,Goodware,goodware:Goodware
2024-10-18 21:00:00,NETWORK SERVICE\C:\Windows\System32\svchost.exe,,0,0,0,0,1,0,0,0,0,0,1,0,Goodware,goodware:Goodware
2024-10-18 21:00:00,SYSTEM\C:\ProgramData\Microsoft\Windows Defender\Platform\4.18.24080.9-0\MpDefenderCoreService.exe,,0,0,0,0,1,0,0,0,0,0,1,0,Goodware,goodware:Goodware
2024-10-18 21:00:00,SYSTEM\C:\Windows\system32\svchost.exe,,0,0,0,0,0,9,0,0,0,0,9,0,Goodware,goodware:Goodware
2024-10-18 21:00:00,User\C:\Windows\System32\RuntimeBroker.exe,,0,0,0,0,0,0,1,0,0,0,1,0,Goodware,goodware:Goodware
2024-10-18 21:00:00,End-user\C:\Windows\System32\RuntimeBroker.exe,,0,0,0,0,0,0,1,0,0,0,1,0,Goodware,goodware:Goodware
2024-10-18 21:00:00,NETWORK SERVICE\C:\Windows\system32\sppsvc.exe,,0,1,0,0,0,0,0,0,0,0,1,0,Goodware,goodware:Goodware
2024-10-18 21:00:00,NETWORK SERVICE\C:\Windows\System32\sppsvc.exe,,0,0,0,0,0,0,1,0,0,0,1,0,Goodware,goodware:Goodware
2024-10-18 21:00:00,-\C:\Program Files\NordUpdater\NordUpdateService.exe,,0,0,0,0,0,0,0,0,0,0,2,0,Goodware,goodware:Goodware
2024-10-18 21:00:00,End-user\C:\Program Files\NordVPN\NordVPN.exe,,0,0,1,0,0,0,0,0,0,0,1,0,Goodware,goodware:Goodware
2024-10-18 21:00:00,-\C:\Users\User\AppData\Local\Microsoft\OneDrive\OneDrive.exe,,0,0,0,0,0,0,0,0,0,0,43,0,Goodware,goodware:Goodware
2024-10-18 21:00:00,-\C:\Users\End-user\AppData\Local\Microsoft\OneDrive\OneDrive.exe,,0,0,0,0,0,0,0,0,0,0,82,0,Goodware,goodware:Goodware
2024-10-18 21:05:00,-\C:\Program Files\NordVPN\nordvpn-service.exe,,0,0,0,0,0,0,0,0,0,0,58,0,Goodware,goodware:Goodware
2024-10-18 21:05:00,End-user\C:\Program Files\BraveSoftware\Brave-Browser\Application\brave.exe,,0,0,8,0,0,0,0,0,0,0,11,0,Goodware,goodware:Goodware
2024-10-18 21:05:00,NETWORK SERVICE\C:\Windows\System32\svchost.exe,,0,0,0,0,3,0,0,0,0,0,3,0,Goodware,goodware:Goodware
2024-10-18 21:05:00,SYSTEM\C:\Windows\system32\svchost.exe,,0,4,0,0,0,0,0,0,0,0,4,0,Goodware,goodware:Goodware
2024-10-18 21:05:00,End-user\C:\Program Files\NordVPN\NordVPN.exe,,0,0,1,0,0,0,0,0,0,0,1,0,Goodware,goodware:Goodware
2024-10-18 21:10:00,-\C:\Program Files\NordVPN\nordvpn-service.exe,,0,0,0,0,0,0,0,0,0,0,56,0,Goodware,goodware:Goodware
2024-10-18 21:10:00,End-user\C:\Windows\System32\RuntimeBroker.exe,,0,0,0,0,0,1,0,0,0,0,1,0,Goodware,goodware:Goodware
2024-10-18 21:10:00,-\C:\Program Files\NordUpdater\NordUpdateService.exe,,0,0,0,0,0,0,0,0,0,0,2,0,Goodware,goodware:Goodware
2024-10-18 21:10:00,End-user\C:\Program Files\NordVPN\NordVPN.exe,,0,0,1,0,0,0,0,0,0,0,1,0,Goodware,goodware:Goodware
2024-10-18 21:15:00,-\C:\Program Files\NordVPN\nordvpn-service.exe,,0,0,0,0,0,0,0,0,0,0,46,0,Goodware,goodware:Goodware
2024-10-18 21:15:00,End-user\C:\Program Files\BraveSoftware\Brave-Browser\Application\brave.exe,,0,0,0,0,0,4,0,0,0,0,19,0,Goodware,goodware:Goodware
2024-10-18 21:15:00,End-user\C:\Users\End-user\Downloads\PDF-XChangeEditorPortable\PDF-XChangeEditorPortable.exe,,1,1,3,0,0,1,4,0,0,0,13,0,Goodware,goodware:Goodware
2024-10-18 21:15:00,End-user\C:\Users\End-user\Downloads\PDF-XChangeEditorPortable\App\PDFXEdit\PDFXEdit.exe,,1,4,0,0,0,1,23,0,0,0,30,0,Goodware,goodware:Goodware
2024-10-18 21:15:00,-\C:\Windows\Explorer.EXE,,0,0,0,0,0,0,0,0,0,0,6,0,Goodware,goodware:Goodware
2024-10-18 21:15:00,SYSTEM\C:\Windows\system32\svchost.exe,,0,0,0,0,0,5,0,0,0,0,5,0,Goodware,goodware:Goodware
2024-10-18 21:15:00,End-user\C:\Windows\system32\DllHost.exe,,0,0,0,0,0,2,0,0,0,0,2,0,Goodware,goodware:Goodware
2024-10-18 21:15:00,End-user\C:\Windows\Explorer.EXE,,0,0,2,0,0,1,0,0,0,0,3,0,Goodware,goodware:Goodware
2024-10-18 21:15:00,End-user\C:\Windows\System32\OpenWith.exe,,0,0,0,0,0,0,1,0,0,0,1,0,Goodware,goodware:Goodware
2024-10-18 21:15:00,End-user\C:\Users\End-user\AppData\Local\Google\Chrome\Application\chrome.exe,,44,5,0,0,38,79,177,0,0,0,488,0,Goodware,goodware:Goodware
2024-10-18 21:15:00,-\C:\Users\End-user\AppData\Local\Google\Chrome\Application\chrome.exe,,0,0,0,0,0,0,0,0,0,0,450,0,Goodware,goodware:Goodware
2024-10-18 21:15:00,End-user\C:\Windows\system32\OpenWith.exe,,0,0,0,0,0,1,0,0,0,0,1,0,Goodware,goodware:Goodware
2024-10-18 21:15:00,NETWORK SERVICE\C:\Windows\System32\svchost.exe,,0,0,0,0,1,0,0,0,0,0,1,0,Goodware,goodware:Goodware
2024-10-18 21:15:00,NETWORK SERVICE\C:\Windows\System32\wbem\WmiPrvSE.exe,,1,0,0,0,0,0,1,0,0,0,2,0,Goodware,goodware:Goodware
2024-10-18 21:15:00,SYSTEM\C:\Windows\System32\svchost.exe,,1,0,0,0,0,6,0,0,0,0,7,0,Goodware,goodware:Goodware
2024-10-18 21:15:00,LOCAL SERVICE\C:\Windows\System32\svchost.exe,,1,0,0,0,0,0,0,0,0,0,1,0,Goodware,goodware:Goodware
2024-10-18 21:15:00,End-user\C:\Users\End-user\Downloads\OpenOfficePortable\OpenOfficeImpressPortable.exe,,1,0,0,0,0,0,1,0,0,0,3,0,Goodware,goodware:Goodware
2024-10-18 21:15:00,End-user\C:\Users\End-user\Downloads\OpenOfficePortable\OpenOfficePortable.exe,,1,2,0,0,0,0,7,0,0,0,13,0,Goodware,goodware:Goodware
2024-10-18 21:15:00,End-user\C:\Users\End-user\Downloads\OpenOfficePortable\App\openoffice\program\soffice.exe,,1,0,0,0,0,1,2,0,0,0,4,0,Goodware,goodware:Goodware
2024-10-18 21:15:00,End-user\C:\Users\End-user\Downloads\OpenOfficePortable\App\openoffice\program\soffice.bin,,1,8,0,0,0,0,72,0,0,0,82,0,Goodware,goodware:Goodware
2024-10-18 21:15:00,End-user\C:\Program Files\NordVPN\NordVPN.exe,,0,0,1,0,0,0,0,0,0,0,1,0,Goodware,goodware:Goodware
2024-10-18 21:20:00,-\C:\Program Files\NordVPN\nordvpn-service.exe,,0,0,0,0,0,0,0,0,0,0,48,0,Goodware,goodware:Goodware
2024-10-18 21:20:00,SYSTEM\C:\Program Files (x86)\Microsoft\EdgeUpdate\MicrosoftEdgeUpdate.exe,,1,0,0,0,0,0,1,0,0,0,2,0,Goodware,goodware:Goodware
2024-10-18 21:20:00,SYSTEM\C:\Windows\System32\svchost.exe,,0,0,0,0,0,12,0,0,0,0,12,0,Goodware,goodware:Goodware
2024-10-18 21:20:00,End-user\C:\Users\End-user\Downloads\OpenOfficePortable\App\openoffice\program\soffice.bin,,0,18,2,0,0,1,36,0,0,0,59,0,Goodware,goodware:Goodware
2024-10-18 21:20:00,-\C:\Windows\Explorer.EXE,,0,0,0,0,0,0,0,0,0,0,7,0,Goodware,goodware:Goodware
2024-10-18 21:20:00,End-user\C:\Windows\Explorer.EXE,,0,0,1,0,0,1,0,0,0,0,2,0,Goodware,goodware:Goodware
2024-10-18 21:20:00,SYSTEM\C:\Windows\system32\svchost.exe,,0,0,0,0,0,4,0,0,0,0,4,0,Goodware,goodware:Goodware
2024-10-18 21:20:00,End-user\C:\Program Files\WindowsApps\MSTeams_24257.205.3165.2029_x64__8wekyb3d8bbwe\ms-teamsupdate.exe,,0,0,0,0,0,2,1,0,0,0,3,0,Goodware,goodware:Goodware
2024-10-18 21:20:00,End-user\C:\Users\End-user\Downloads\OpenOfficePortable\App\openoffice\program\soffice.exe,,0,0,0,0,0,0,0,0,0,0,1,0,Goodware,goodware:Goodware
2024-10-18 21:20:00,End-user\C:\Users\End-user\Downloads\OpenOfficePortable\OpenOfficePortable.exe,,0,0,6,0,0,0,3,0,0,0,12,0,Goodware,goodware:Goodware
2024-10-18 21:20:00,NETWORK SERVICE\C:\Windows\System32\svchost.exe,,0,0,0,0,3,0,0,0,0,0,3,0,Goodware,goodware:Goodware
2024-10-18 21:20:00,End-user\C:\Windows\SystemApps\MicrosoftWindows.Client.CBS_cw5n1h2txyewy\SearchHost.exe,,0,0,8,0,0,0,0,0,0,0,9,0,Goodware,goodware:Goodware
2024-10-18 21:20:00,End-user\C:\Windows\System32\svchost.exe,,0,0,0,0,0,0,1,0,0,0,1,0,Goodware,goodware:Goodware
2024-10-18 21:20:00,End-user\C:\Windows\system32\sihost.exe,,0,0,0,0,0,0,0,0,0,0,5,0,Goodware,goodware:Goodware
2024-10-18 21:20:00,End-user\C:\Program Files\WindowsApps\Microsoft.SecHealthUI_1000.25992.9000.0_x64__8wekyb3d8bbwe\SecHealthUI.exe,,0,0,0,0,0,0,1,0,0,0,1,0,Goodware,goodware:Goodware
2024-10-18 21:20:00,NETWORK SERVICE\C:\Windows\System32\wbem\WmiPrvSE.exe,,1,0,0,0,0,0,1,0,0,0,2,0,Goodware,goodware:Goodware
2024-10-18 21:20:00,End-user\C:\Program Files\BraveSoftware\Brave-Browser\Application\brave.exe,,0,0,0,0,0,0,0,0,0,0,1,0,Goodware,goodware:Goodware
2024-10-18 21:20:00,-\C:\Program Files\NordUpdater\NordUpdateService.exe,,0,0,0,0,0,0,0,0,0,0,2,0,Goodware,goodware:Goodware
2024-10-18 21:20:00,End-user\C:\Program Files\NordVPN\NordVPN.exe,,0,0,1,0,0,0,0,0,0,0,1,0,Goodware,goodware:Goodware
2024-10-18 21:25:00,-\C:\Program Files\NordVPN\nordvpn-service.exe,,0,0,0,0,0,0,0,0,0,0,50,0,Goodware,goodware:Goodware
2024-10-18 21:25:00,End-user\C:\Program Files\WindowsApps\Microsoft.SecHealthUI_1000.25992.9000.0_x64__8wekyb3d8bbwe\SecHealthUI.exe,,0,0,0,0,0,1,0,0,0,0,1,0,Goodware,goodware:Goodware
2024-10-18 21:25:00,End-user\C:\Program Files\BraveSoftware\Brave-Browser\Application\brave.exe,,0,3,2,0,0,16,5,0,0,0,47,0,Goodware,goodware:Goodware
2024-10-18 21:25:00,-\C:\Windows\Explorer.EXE,,0,0,0,0,0,0,0,0,0,0,1,0,Goodware,goodware:Goodware
2024-10-18 21:25:00,SYSTEM\C:\Windows\System32\svchost.exe,,0,0,0,0,0,6,0,0,0,0,6,0,Goodware,goodware:Goodware
2024-10-18 21:25:00,End-user\C:\Windows\SystemApps\MicrosoftWindows.Client.CBS_cw5n1h2txyewy\SearchHost.exe,,0,0,17,0,0,0,0,0,0,0,21,0,Goodware,goodware:Goodware
2024-10-18 21:25:00,SYSTEM\C:\Windows\system32\svchost.exe,,0,0,0,0,0,5,0,0,0,0,5,0,Goodware,goodware:Goodware
2024-10-18 21:25:00,SYSTEM\C:\Windows\System32\consent.exe,,0,0,0,0,0,0,6,0,0,0,6,0,Goodware,goodware:Goodware
2024-10-18 21:25:00,User\C:\Users\End-user\Desktop\goodware\gVimPortable\gVimPortable.exe,,2,4,4,0,0,4,6,0,0,0,26,0,Goodware,goodware:Goodware
2024-10-18 21:25:00,-\C:\Windows\system32\svchost.exe,,0,0,0,0,0,0,0,0,0,0,21,0,Goodware,goodware:Goodware
2024-10-18 21:25:00,-\C:\Windows\system32\csrss.exe,,0,0,0,0,0,0,0,0,0,0,6,0,Goodware,goodware:Goodware
2024-10-18 21:25:00,-\C:\Windows\System32\svchost.exe,,0,0,0,0,0,0,0,0,0,0,4,0,Goodware,goodware:Goodware
2024-10-18 21:25:00,-\C:\Windows\system32\lsass.exe,,0,0,0,0,0,0,0,0,0,0,6,0,Goodware,goodware:Goodware
2024-10-18 21:25:00,User\C:\Users\End-user\Desktop\goodware\gVimPortable\App\vim\gvim.exe,,2,2,0,0,0,2,2,0,0,0,10,0,Goodware,goodware:Goodware
2024-10-18 21:25:00,-\C:\Users\End-user\Desktop\goodware\gVimPortable\gVimPortable.exe,,0,0,0,0,0,0,0,0,0,0,2,0,Goodware,goodware:Goodware
2024-10-18 21:25:00,End-user\C:\Windows\system32\DllHost.exe,,0,0,0,0,0,2,0,0,0,0,2,0,Goodware,goodware:Goodware
2024-10-18 21:25:00,End-user\C:\Windows\Explorer.EXE,,0,0,2,0,0,0,0,0,0,0,2,0,Goodware,goodware:Goodware
2024-10-18 21:25:00,End-user\C:\Windows\system32\sihost.exe,,0,0,0,0,0,0,0,0,0,0,6,0,Goodware,goodware:Goodware
2024-10-18 21:25:00,User\C:\Windows\System32\mmc.exe,,1,0,0,0,0,0,6,0,0,0,7,0,Goodware,goodware:Goodware
2024-10-18 21:25:00,End-user\C:\Program Files\NordVPN\NordVPN.exe,,0,0,1,0,0,0,0,0,0,0,1,0,Goodware,goodware:Goodware
2024-10-18 21:30:00,SYSTEM\C:\Program Files\Winlogbeat\winlogbeat.exe,,1,0,0,0,0,0,0,0,0,0,2,0,Goodware,goodware:Goodware
2024-10-18 21:30:00,-\C:\Program Files\NordVPN\nordvpn-service.exe,,0,0,0,0,0,0,0,0,0,0,38,0,Goodware,goodware:Goodware
2024-10-18 21:30:00,User\C:\Windows\system32\mmc.exe,,0,0,0,0,0,1,0,0,0,0,1,0,Goodware,goodware:Goodware
2024-10-18 21:30:00,SYSTEM\C:\Windows\system32\svchost.exe,,0,6,9,0,0,22,0,0,0,0,42,0,Goodware,goodware:Goodware
2024-10-18 21:30:00,End-user\C:\Windows\System32\smartscreen.exe,,0,0,0,0,0,0,1,0,0,0,3,0,Goodware,goodware:Goodware
2024-10-18 21:30:00,End-user\C:\Windows\Explorer.EXE,,0,0,1,0,0,1,0,0,0,0,2,0,Goodware,goodware:Goodware
2024-10-18 21:30:00,SYSTEM\C:\Windows\System32\svchost.exe,,7,0,0,0,0,6,9,0,0,0,23,0,Goodware,goodware:Goodware
2024-10-18 21:30:00,End-user\C:\Users\End-user\Downloads\xampp-windows-x64-8.0.30-0-VS16-installer.exe,,1,0,0,0,0,0,1,0,0,0,3,0,Goodware,goodware:Goodware
2024-10-18 21:30:00,SYSTEM\C:\Windows\System32\consent.exe,,0,0,0,0,0,0,2,0,0,0,2,0,Goodware,goodware:Goodware
2024-10-18 21:30:00,User\C:\Users\End-user\Downloads\xampp-windows-x64-8.0.30-0-VS16-installer.exe,,1,4215,8,0,0,8,19,0,0,0,4267,0,Goodware,goodware:Goodware
2024-10-18 21:30:00,End-user\C:\Windows\system32\DllHost.exe,,0,0,0,0,0,1,0,0,0,0,1,0,Goodware,goodware:Goodware
2024-10-18 21:30:00,User\C:\Windows\System32\cmd.exe,,64,0,0,0,0,0,0,0,0,0,64,0,Goodware,goodware:Goodware
2024-10-18 21:30:00,User\C:\Windows\system32\cmd.exe,,0,0,0,0,0,19,0,0,0,0,19,0,Goodware,goodware:Goodware
2024-10-18 21:30:00,User\C:\Windows\System32\tasklist.exe,,2,0,0,0,0,0,6,0,0,0,8,0,Goodware,goodware:Goodware
2024-10-18 21:30:00,User\C:\Windows\System32\findstr.exe,,2,0,0,0,0,0,0,0,0,0,2,0,Goodware,goodware:Goodware
2024-10-18 21:30:00,NETWORK SERVICE\C:\Windows\System32\wbem\WmiPrvSE.exe,,2,0,0,0,0,0,2,0,0,0,4,0,Goodware,goodware:Goodware
2024-10-18 21:30:00,User\C:\xampp\apache\bin\httpd.exe,,2,0,0,0,0,0,0,0,0,0,3,0,Goodware,goodware:Goodware
2024-10-18 21:30:00,User\C:\xampp\vcredist\VCREDI~1.EXE,,0,3,1,0,0,0,0,0,0,0,4,0,Goodware,goodware:Goodware
2024-10-18 21:30:00,User\C:\Windows\Temp\{A6FC128F-5801-430D-B822-88F1A5CFBA2E}\.cr\VCREDI~1.EXE,,1,79,15,0,0,1,2,0,0,0,99,0,Goodware,goodware:Goodware
2024-10-18 21:30:00,User\C:\xampp\php\php.exe,,0,24,19,0,0,53,0,0,0,0,96,0,Goodware,goodware:Goodware
2024-10-18 21:30:00,User\C:\Windows\SYSTEM32\cmd.exe,,0,0,0,0,0,52,0,0,0,0,52,0,Goodware,goodware:Goodware
2024-10-18 21:30:00,User\C:\xampp\install\awk.exe,,51,0,0,0,0,0,0,0,0,0,51,0,Goodware,goodware:Goodware
2024-10-18 21:30:00,SYSTEM\C:\Windows\System32\SearchProtocolHost.exe,,0,0,0,0,0,0,1,0,0,0,1,0,Goodware,goodware:Goodware
2024-10-18 21:30:00,User\C:\Windows\System32\taskkill.exe,,1,0,0,0,0,0,2,0,0,0,3,0,Goodware,goodware:Goodware
2024-10-18 21:30:00,User\C:\Windows\System32\net.exe,,1,0,0,0,0,0,0,0,0,0,1,0,Goodware,goodware:Goodware
2024-10-18 21:30:00,User\C:\Windows\System32\net1.exe,,1,0,0,0,0,0,0,0,0,0,1,0,Goodware,goodware:Goodware
2024-10-18 21:30:00,User\C:\Windows\system32\net.exe,,0,0,0,0,0,1,0,0,0,0,1,0,Goodware,goodware:Goodware
2024-10-18 21:30:00,User\C:\Program Files\WindowsApps\MicrosoftWindows.Client.WebExperience_524.24900.130.0_x64__cw5n1h2txyewy\Dashboard\Widgets.exe,,0,0,0,0,0,1,0,0,0,0,1,0,Goodware,goodware:Goodware
2024-10-18 21:30:00,User\C:\Program Files (x86)\Microsoft\EdgeWebView\Application\129.0.2792.89\msedgewebview2.exe,,0,0,0,0,0,7,0,0,0,0,7,0,Goodware,goodware:Goodware
2024-10-18 21:30:00,SYSTEM\C:\Windows\System32\LogonUI.exe,,0,0,0,0,0,0,2,0,0,0,2,0,Goodware,goodware:Goodware
2024-10-18 21:30:00,User\C:\Windows\system32\DllHost.exe,,0,0,0,0,0,1,0,0,0,0,1,0,Goodware,goodware:Goodware
2024-10-18 21:30:00,End-user\C:\Program Files\WindowsApps\MicrosoftWindows.Client.WebExperience_524.24900.130.0_x64__cw5n1h2txyewy\Dashboard\Widgets.exe,,0,0,0,0,0,1,0,0,0,0,1,0,Goodware,goodware:Goodware
2024-10-18 21:30:00,End-user\C:\Windows\System32\VBoxTray.exe,,0,0,0,0,0,1,0,0,0,0,1,0,Goodware,goodware:Goodware
2024-10-18 21:30:00,End-user\C:\Program Files\WindowsApps\MicrosoftTeams_24256.2502.3123.1_x64__8wekyb3d8bbwe\msteams.exe,,0,0,0,0,0,1,0,0,0,0,1,0,Goodware,goodware:Goodware
2024-10-18 21:30:00,End-user\C:\Program Files\WindowsApps\MSTeams_24257.205.3165.2029_x64__8wekyb3d8bbwe\ms-teams.exe,,0,0,0,0,0,2,0,0,0,0,2,0,Goodware,goodware:Goodware
2024-10-18 21:30:00,End-user\C:\Program Files\NordVPN\NordVPN.exe,,0,0,0,0,0,1,0,0,0,0,1,0,Goodware,goodware:Goodware
2024-10-18 21:30:00,User\C:\Users\User\AppData\Local\Microsoft\OneDrive\OneDrive.exe,,0,0,0,0,0,0,0,0,0,0,1,0,Goodware,goodware:Goodware
2024-10-18 21:30:00,End-user\C:\Program Files\BraveSoftware\Brave-Browser\Application\brave.exe,,0,0,0,0,0,17,0,0,0,0,17,0,Goodware,goodware:Goodware
2024-10-18 21:30:00,User\C:\Windows\SystemApps\Microsoft.Windows.StartMenuExperienceHost_cw5n1h2txyewy\StartMenuExperienceHost.exe,,0,0,0,0,0,1,0,0,0,0,1,0,Goodware,goodware:Goodware
2024-10-18 21:30:00,User\C:\Windows\SystemApps\ShellExperienceHost_cw5n1h2txyewy\ShellExperienceHost.exe,,0,0,0,0,0,1,0,0,0,0,1,0,Goodware,goodware:Goodware
2024-10-18 21:30:00,End-user\C:\Program Files (x86)\Microsoft\Edge\Application\msedge.exe,,0,0,0,0,0,8,0,0,0,0,8,0,Goodware,goodware:Goodware
2024-10-18 21:30:00,User\C:\Windows\SystemApps\MicrosoftWindows.Client.CBS_cw5n1h2txyewy\SearchHost.exe,,0,0,0,0,0,1,0,0,0,0,1,0,Goodware,goodware:Goodware
2024-10-18 21:30:00,End-user\C:\Program Files (x86)\Microsoft\EdgeWebView\Application\129.0.2792.89\msedgewebview2.exe,,0,0,0,0,0,21,0,0,0,0,21,0,Goodware,goodware:Goodware
2024-10-18 21:30:00,SYSTEM\C:\ProgramData\Microsoft\Windows Defender\Platform\4.18.24080.9-0\MpDefenderCoreService.exe,,0,0,0,0,2,0,3,0,0,0,5,0,Goodware,goodware:Goodware
2024-10-18 21:30:00,User\C:\Windows\Explorer.EXE,,0,0,0,0,0,1,0,0,0,0,1,0,Goodware,goodware:Goodware
2024-10-18 21:30:00,User\C:\Windows\System32\RuntimeBroker.exe,,0,0,0,0,0,2,0,0,0,0,2,0,Goodware,goodware:Goodware
2024-10-18 21:30:00,SYSTEM\C:\Windows\system32\services.exe,,0,0,0,0,0,396,0,0,0,0,398,0,Goodware,goodware:Goodware
2024-10-18 21:30:00,End-user\C:\Users\End-user\AppData\Local\Microsoft\OneDrive\24.186.0915.0004\FileCoAuth.exe,,0,0,0,0,0,0,0,0,0,0,1,0,Goodware,goodware:Goodware
2024-10-18 21:30:00,NETWORK SERVICE\C:\Windows\System32\svchost.exe,,0,3,0,0,0,5,1,0,0,0,9,0,Goodware,goodware:Goodware
2024-10-18 21:30:00,DWM-1\C:\Windows\system32\dwm.exe,,0,0,0,0,0,1,0,0,0,0,1,0,Goodware,goodware:Goodware
2024-10-18 21:30:00,End-user\C:\Users\End-user\AppData\Local\Microsoft\OneDrive\OneDrive.exe,,0,0,0,0,0,0,0,0,0,0,1,0,Goodware,goodware:Goodware
2024-10-18 21:30:00,End-user\C:\Windows\SystemApps\ShellExperienceHost_cw5n1h2txyewy\ShellExperienceHost.exe,,0,0,0,0,0,1,0,0,0,0,1,0,Goodware,goodware:Goodware
2024-10-18 21:30:00,End-user\C:\Windows\ImmersiveControlPanel\SystemSettings.exe,,0,0,0,0,0,1,0,0,0,0,1,0,Goodware,goodware:Goodware
2024-10-18 21:30:00,End-user\C:\Windows\SystemApps\Microsoft.Windows.StartMenuExperienceHost_cw5n1h2txyewy\StartMenuExperienceHost.exe,,0,0,0,0,0,1,0,0,0,0,1,0,Goodware,goodware:Goodware
2024-10-18 21:30:00,End-user\C:\Windows\SystemApps\MicrosoftWindows.Client.CBS_cw5n1h2txyewy\SearchHost.exe,,0,0,0,0,0,1,0,0,0,0,1,0,Goodware,goodware:Goodware
2024-10-18 21:30:00,SYSTEM\C:\Windows\system32\csrss.exe,,0,0,0,0,0,3,0,0,0,0,3,0,Goodware,goodware:Goodware
2024-10-18 21:30:00,End-user\C:\Windows\system32\ApplicationFrameHost.exe,,0,0,0,0,0,1,0,0,0,0,1,0,Goodware,goodware:Goodware
2024-10-18 21:30:00,End-user\C:\Windows\System32\RuntimeBroker.exe,,0,0,0,0,0,5,0,0,0,0,5,0,Goodware,goodware:Goodware
2024-10-18 21:30:00,SYSTEM\C:\Program Files\NordVPN\nordvpn-service.exe,,0,6,0,0,0,0,8,0,0,0,15,0,Goodware,goodware:Goodware
2024-10-18 21:30:00,LOCAL SERVICE\C:\Windows\System32\svchost.exe,,18,8,0,0,0,7,1,0,0,0,36,0,Goodware,goodware:Goodware
2024-10-18 21:30:00,SYSTEM\C:\Windows\System32\ROUTE.EXE,,2,0,0,0,0,0,0,0,0,0,2,0,Goodware,goodware:Goodware
2024-10-18 21:30:00,SYSTEM\C:\ProgramData\Microsoft\Windows Defender\Platform\4.18.24080.9-0\MsMpEng.exe,,0,0,0,0,0,3,4,0,0,0,7,0,Goodware,goodware:Goodware
2024-10-18 21:30:00,-\-,,0,0,0,0,0,0,0,0,0,0,9,0,Goodware,goodware:Goodware
2024-10-18 21:30:00,SYSTEM\System,,0,18,0,0,0,0,0,0,0,0,18,0,Goodware,goodware:Goodware
2024-10-18 21:30:00,SYSTEM\C:\Windows\System32\smss.exe,,0,0,0,0,0,9,0,0,0,0,9,0,Goodware,goodware:Goodware
2024-10-18 21:30:00,SYSTEM\C:\Windows\System32\csrss.exe,,2,0,0,0,0,0,0,0,0,0,2,0,Goodware,goodware:Goodware
2024-10-18 21:30:00,SYSTEM\C:\Windows\system32\wininit.exe,,0,0,0,0,0,4,0,0,0,0,6,0,Goodware,goodware:Goodware
2024-10-18 21:30:00,-\C:\Windows\system32\wininit.exe,,0,0,0,0,0,0,0,0,0,0,1,0,Goodware,goodware:Goodware
2024-10-18 21:30:00,-\C:\Windows\system32\csrss.exe,,0,0,0,0,0,0,0,0,0,0,1,0,Goodware,goodware:Goodware
2024-10-18 21:30:00,SYSTEM\C:\Windows\System32\lsass.exe,,1,0,0,0,0,0,0,0,0,0,1,0,Goodware,goodware:Goodware
2024-10-18 21:30:00,SYSTEM\C:\Windows\system32\lsass.exe,,0,1,0,0,0,3,0,0,0,0,5,0,Goodware,goodware:Goodware
2024-10-18 21:30:00,NETWORK SERVICE\C:\Windows\system32\svchost.exe,,0,0,0,0,0,2,0,0,0,0,5,0,Goodware,goodware:Goodware
2024-10-18 21:30:00,SYSTEM\C:\Windows\system32\winlogon.exe,,0,2,0,0,0,1,0,0,0,0,3,0,Goodware,goodware:Goodware
2024-10-18 21:30:00,LOCAL SERVICE\C:\Windows\system32\svchost.exe,,0,0,0,0,0,12,0,0,0,0,12,0,Goodware,goodware:Goodware
2024-10-18 21:30:00,SYSTEM\C:\Windows\System32\spoolsv.exe,,1,0,0,0,0,5,1,0,0,0,11,0,Goodware,goodware:Goodware
2024-10-18 21:30:00,SYSTEM\C:\Program Files\NordUpdater\NordUpdateService.exe,,0,0,0,0,0,0,8,0,0,0,10,0,Goodware,goodware:Goodware
2024-10-18 21:30:00,SYSTEM\C:\Windows\Sysmon.exe,,0,0,0,0,0,0,2,0,0,0,2,0,Goodware,goodware:Goodware
2024-10-18 21:30:00,SYSTEM\C:\Windows\System32\wbem\WmiPrvSE.exe,,1,0,0,0,0,0,1,0,0,0,2,0,Goodware,goodware:Goodware
2024-10-18 21:30:00,SYSTEM\C:\Windows\System32\wevtutil.exe,,8,0,0,0,0,0,0,0,0,0,8,0,Goodware,goodware:Goodware
2024-10-18 21:30:00,User\C:\Windows\System32\svchost.exe,,2,0,0,0,0,0,0,0,0,0,2,0,Goodware,goodware:Goodware
2024-10-18 21:30:00,User\C:\Windows\system32\userinit.exe,,0,0,0,0,0,1,0,0,0,0,1,0,Goodware,goodware:Goodware
2024-10-18 21:30:00,SYSTEM\C:\Program Files (x86)\Microsoft\EdgeUpdate\MicrosoftEdgeUpdate.exe,,1,0,0,0,0,0,2,0,0,0,3,0,Goodware,goodware:Goodware
2024-10-18 21:30:00,SYSTEM\C:\Windows\system32\wevtutil.exe,,0,0,0,0,0,16,0,0,0,0,16,0,Goodware,goodware:Goodware
2024-10-18 21:30:00,SYSTEM\C:\Windows\System32\sdbinst.exe,,1,0,0,0,0,0,0,0,0,0,1,0,Goodware,goodware:Goodware
2024-10-18 21:30:00,User\C:\Windows\explorer.exe,,0,0,0,0,0,0,2,0,0,0,2,0,Goodware,goodware:Goodware
2024-10-18 21:35:00,SYSTEM\C:\Windows\system32\svchost.exe,,0,4,0,0,0,53,0,0,0,0,57,0,Goodware,goodware:Goodware
2024-10-18 21:35:00,User\C:\Windows\SystemApps\Microsoft.Windows.StartMenuExperienceHost_cw5n1h2txyewy\StartMenuExperienceHost.exe,,0,0,1,0,0,0,1,0,0,0,2,0,Goodware,goodware:Goodware
2024-10-18 21:35:00,User\C:\Windows\SystemApps\MicrosoftWindows.Client.CBS_cw5n1h2txyewy\SearchHost.exe,,0,0,10,0,0,0,1,0,0,0,11,0,Goodware,goodware:Goodware
2024-10-18 21:35:00,SYSTEM\C:\Windows\System32\wevtutil.exe,,4,0,0,0,0,0,0,0,0,0,4,0,Goodware,goodware:Goodware
2024-10-18 21:35:00,SYSTEM\C:\Program Files\NordVPN\nordvpn-service.exe,,0,2,1,0,0,0,2,0,0,0,8,0,Goodware,goodware:Goodware
2024-10-18 21:35:00,LOCAL SERVICE\C:\Windows\System32\svchost.exe,,3,5,2,0,0,0,2,0,0,0,13,0,Goodware,goodware:Goodware
2024-10-18 21:35:00,LOCAL SERVICE\C:\Windows\system32\svchost.exe,,0,0,0,0,0,10,0,0,0,0,10,0,Goodware,goodware:Goodware
2024-10-18 21:35:00,User\C:\Program Files\WindowsApps\Microsoft.WidgetsPlatformRuntime_1.4.0.0_x64__8wekyb3d8bbwe\WidgetService\WidgetService.exe,,0,7,0,0,0,0,0,0,0,0,7,0,Goodware,goodware:Goodware
2024-10-18 21:35:00,SYSTEM\C:\ProgramData\Microsoft\Windows Defender\Platform\4.18.24080.9-0\MsMpEng.exe,,0,0,7,0,0,8,5,0,0,0,20,0,Goodware,goodware:Goodware
2024-10-18 21:35:00,SYSTEM\C:\Windows\system32\services.exe,,0,0,0,0,0,289,0,0,0,0,289,0,Goodware,goodware:Goodware
2024-10-18 21:35:00,User\C:\Windows\system32\DllHost.exe,,0,0,1,0,0,5,0,0,0,0,6,0,Goodware,goodware:Goodware
2024-10-18 21:35:00,NETWORK SERVICE\C:\Windows\System32\SppExtComObj.Exe,,0,0,0,0,0,0,0,0,0,0,2,0,Goodware,goodware:Goodware
2024-10-18 21:35:00,User\C:\Program Files\WindowsApps\MicrosoftWindows.Client.WebExperience_524.24900.130.0_x64__cw5n1h2txyewy\Dashboard\Widgets.exe,,0,0,0,0,0,1,1,0,0,0,4,0,Goodware,goodware:Goodware
2024-10-18 21:35:00,SYSTEM\C:\Windows\System32\taskhostw.exe,,0,0,0,0,0,0,4,0,0,0,4,0,Goodware,goodware:Goodware
2024-10-18 21:35:00,NETWORK SERVICE\C:\Windows\system32\sppsvc.exe,,0,7,0,0,0,0,0,0,0,0,7,0,Goodware,goodware:Goodware
2024-10-18 21:35:00,SYSTEM\C:\Windows\system32\SearchIndexer.exe,,0,0,0,0,0,0,0,0,0,0,1,0,Goodware,goodware:Goodware
2024-10-18 21:35:00,SYSTEM\C:\Windows\system32\sdbinst.exe,,0,2,0,0,0,0,0,0,0,0,2,0,Goodware,goodware:Goodware
2024-10-18 21:35:00,SYSTEM\C:\Windows\system32\taskhostw.exe,,0,0,0,0,0,20,0,0,0,0,20,0,Goodware,goodware:Goodware
2024-10-18 21:35:00,SYSTEM\C:\Program Files (x86)\BraveSoftware\Update\BraveUpdate.exe,,0,8,0,0,0,0,3,0,0,0,11,0,Goodware,goodware:Goodware
2024-10-18 21:35:00,SYSTEM\C:\Program Files (x86)\BraveSoftware\Update\1.3.361.151\BraveCrashHandler64.exe,,0,3,0,0,0,0,0,0,0,0,3,0,Goodware,goodware:Goodware
2024-10-18 21:35:00,SYSTEM\C:\Program Files (x86)\BraveSoftware\Update\1.3.361.151\BraveCrashHandler.exe,,0,3,0,0,0,0,0,0,0,0,3,0,Goodware,goodware:Goodware
2024-10-18 21:35:00,-\C:\Program Files\NordVPN\nordvpn-service.exe,,0,0,0,0,0,0,0,0,0,0,6,0,Goodware,goodware:Goodware
2024-10-18 21:35:00,SYSTEM\C:\Windows\System32\cmd.exe,,2,0,0,0,0,0,0,0,0,0,2,0,Goodware,goodware:Goodware
2024-10-18 21:35:00,-\C:\Windows\system32\sppsvc.exe,,0,0,0,0,0,0,0,0,0,0,1,0,Goodware,goodware:Goodware
2024-10-18 21:35:00,User\C:\Windows\System32\SecurityHealthSystray.exe,,1,0,0,0,0,0,0,0,0,0,1,0,Goodware,goodware:Goodware
2024-10-18 21:35:00,SYSTEM\C:\Windows\System32\SecurityHealthService.exe,,0,0,0,0,0,0,4,0,0,0,4,0,Goodware,goodware:Goodware
2024-10-18 21:35:00,SYSTEM\C:\Windows\system32\SecurityHealthService.exe,,0,8,0,0,0,1,0,0,0,0,9,0,Goodware,goodware:Goodware
2024-10-18 21:35:00,User\C:\Windows\System32\VBoxTray.exe,,1,0,0,0,0,0,0,0,0,0,2,0,Goodware,goodware:Goodware
2024-10-18 21:35:00,User\C:\Windows\System32\taskhostw.exe,,0,0,0,0,0,0,1,0,0,0,1,0,Goodware,goodware:Goodware
2024-10-18 21:35:00,User\C:\Users\User\AppData\Local\Microsoft\OneDrive\OneDrive.exe,,1,0,0,0,0,17,64,0,0,0,83,0,Goodware,goodware:Goodware
2024-10-18 21:35:00,User\C:\Users\User\AppData\Local\Microsoft\OneDrive\24.186.0915.0004\FileCoAuth.exe,,1,0,0,0,0,0,16,0,0,0,18,0,Goodware,goodware:Goodware
2024-10-18 21:35:00,SYSTEM\C:\Windows\System32\svchost.exe,,4,0,0,0,0,0,6,0,0,0,10,0,Goodware,goodware:Goodware
2024-10-18 21:35:00,-\C:\Users\User\AppData\Local\Microsoft\OneDrive\OneDrive.exe,,0,0,0,0,0,0,0,0,0,0,1,0,Goodware,goodware:Goodware
2024-10-18 21:35:00,-\C:\Windows\Explorer.EXE,,0,0,0,0,0,0,0,0,0,0,3,0,Goodware,goodware:Goodware
2024-10-18 21:35:00,User\C:\Program Files (x86)\Microsoft\Edge\Application\msedge.exe,,2,0,0,0,0,0,6,0,0,0,9,0,Goodware,goodware:Goodware
2024-10-18 21:35:00,User\C:\Windows\System32\sihost.exe,,0,0,0,0,0,0,1,0,0,0,1,0,Goodware,goodware:Goodware
2024-10-18 21:35:00,User\C:\Program Files\WindowsApps\MicrosoftTeams_24256.2502.3123.1_x64__8wekyb3d8bbwe\msteams_autostarter.exe,,0,0,0,0,0,0,1,0,0,0,1,0,Goodware,goodware:Goodware
2024-10-18 21:35:00,User\C:\Program Files\WindowsApps\MicrosoftWindows.CrossDevice_1.24091.30.0_x64__cw5n1h2txyewy\CrossDeviceService.exe,,0,0,0,0,0,0,1,0,0,0,2,0,Goodware,goodware:Goodware
2024-10-18 21:35:00,User\C:\Windows\Explorer.EXE,,0,0,1,0,0,0,0,0,0,0,1,0,Goodware,goodware:Goodware
2024-10-18 21:35:00,User\C:\Program Files\WindowsApps\MicrosoftTeams_24256.2502.3123.1_x64__8wekyb3d8bbwe\msteams.exe,,0,0,0,0,0,0,1,0,0,0,3,0,Goodware,goodware:Goodware
2024-10-18 21:35:00,User\C:\Program Files (x86)\Microsoft\EdgeWebView\Application\129.0.2792.89\msedgewebview2.exe,,15,0,2,0,0,5,6,0,0,0,49,0,Goodware,goodware:Goodware
2024-10-18 21:35:00,-\C:\Program Files (x86)\Microsoft\EdgeWebView\Application\129.0.2792.89\msedgewebview2.exe,,0,0,0,0,0,0,0,0,0,0,3,0,Goodware,goodware:Goodware
2024-10-18 21:35:00,NETWORK SERVICE\C:\Windows\System32\sppsvc.exe,,0,0,0,0,0,0,3,0,0,0,3,0,Goodware,goodware:Goodware
2024-10-18 21:35:00,User\C:\Windows\System32\SecurityHealth\1.0.2402.27001-0\SecurityHealthHost.exe,,0,0,0,0,0,0,0,0,0,0,1,0,Goodware,goodware:Goodware
2024-10-18 21:35:00,User\C:\Windows\System32\backgroundTaskHost.exe,,0,0,0,0,0,0,2,0,0,0,2,0,Goodware,goodware:Goodware
2024-10-18 21:35:00,User\C:\Windows\System32\RuntimeBroker.exe,,0,0,0,0,0,0,1,0,0,0,1,0,Goodware,goodware:Goodware
2024-10-18 21:35:00,NETWORK SERVICE\C:\Windows\System32\svchost.exe,,0,7,0,0,4,0,2,0,0,0,15,0,Goodware,goodware:Goodware
2024-10-18 21:35:00,SYSTEM\C:\Program Files\Microsoft Update Health Tools\uhssvc.exe,,1,0,0,0,0,0,0,0,0,0,1,0,Goodware,goodware:Goodware
2024-10-18 21:35:00,SYSTEM\C:\Program Files\Winlogbeat\winlogbeat.exe,,1,0,0,0,0,0,0,0,0,0,2,0,Goodware,goodware:Goodware
2024-10-18 21:35:00,SYSTEM\C:\Windows\UUS\Packages\Preview\amd64\MoUsoCoreWorker.exe,,0,0,0,0,0,0,1,0,0,0,1,0,Goodware,goodware:Goodware
2024-10-18 21:35:00,NETWORK SERVICE\C:\Windows\System32\wbem\WmiPrvSE.exe,,2,0,0,0,0,0,2,0,0,0,4,0,Goodware,goodware:Goodware
2024-10-18 21:35:00,SYSTEM\C:\Windows\System32\smss.exe,,0,0,0,0,0,1,0,0,0,0,1,0,Goodware,goodware:Goodware
2024-10-18 21:35:00,SYSTEM\C:\Windows\System32\csrss.exe,,1,0,0,0,0,0,0,0,0,0,1,0,Goodware,goodware:Goodware
2024-10-18 21:35:00,SYSTEM\C:\Windows\System32\LogonUI.exe,,0,0,0,0,0,0,2,0,0,0,2,0,Goodware,goodware:Goodware
2024-10-18 21:35:00,SYSTEM\C:\Windows\system32\winlogon.exe,,0,0,0,0,0,1,0,0,0,0,1,0,Goodware,goodware:Goodware
2024-10-18 21:35:00,SYSTEM\C:\Windows\system32\lsass.exe,,0,0,1,0,0,0,0,0,0,0,1,0,Goodware,goodware:Goodware
2024-10-18 21:35:00,SYSTEM\C:\Windows\System32\spoolsv.exe,,0,0,0,0,0,1,0,0,0,0,1,0,Goodware,goodware:Goodware
2024-10-18 21:35:00,End-user\C:\Windows\System32\svchost.exe,,2,0,0,0,0,0,3,0,0,0,5,0,Goodware,goodware:Goodware
2024-10-18 21:35:00,SYSTEM\System,,0,1,0,0,0,0,0,0,0,0,1,0,Goodware,goodware:Goodware
2024-10-18 21:35:00,End-user\C:\Program Files\WindowsApps\Microsoft.XboxGamingOverlay_7.224.9242.0_x64__8wekyb3d8bbwe\GameBar.exe,,0,0,0,0,0,0,1,0,0,0,2,0,Goodware,goodware:Goodware
2024-10-18 21:35:00,End-user\C:\Users\End-user\AppData\Local\Google\GoogleUpdater\131.0.6776.0\updater.exe,,12,2,0,0,0,0,12,0,0,0,44,0,Goodware,goodware:Goodware
2024-10-18 21:35:00,End-user\C:\Windows\system32\userinit.exe,,0,0,0,0,0,1,0,0,0,0,1,0,Goodware,goodware:Goodware
2024-10-18 21:35:00,End-user\C:\Windows\explorer.exe,,0,0,0,0,0,0,2,0,0,0,2,0,Goodware,goodware:Goodware
2024-10-18 21:35:00,End-user\C:\Windows\SystemApps\MicrosoftWindows.Client.CBS_cw5n1h2txyewy\SearchHost.exe,,0,0,17,0,0,0,1,0,0,0,18,0,Goodware,goodware:Goodware
2024-10-18 21:35:00,End-user\C:\Windows\SystemApps\Microsoft.Windows.StartMenuExperienceHost_cw5n1h2txyewy\StartMenuExperienceHost.exe,,0,0,1,0,0,0,1,0,0,0,2,0,Goodware,goodware:Goodware
2024-10-18 21:35:00,End-user\C:\Windows\system32\svchost.exe,,0,1,0,0,0,0,0,0,0,0,2,0,Goodware,goodware:Goodware
2024-10-18 21:35:00,End-user\C:\Windows\System32\RuntimeBroker.exe,,0,0,2,0,0,0,3,0,0,0,6,0,Goodware,goodware:Goodware
2024-10-18 21:35:00,End-user\C:\Program Files\WindowsApps\Microsoft.WidgetsPlatformRuntime_1.4.0.0_x64__8wekyb3d8bbwe\WidgetService\WidgetService.exe,,0,7,0,0,0,0,0,0,0,0,7,0,Goodware,goodware:Goodware
2024-10-18 21:35:00,End-user\C:\Windows\SystemApps\ShellExperienceHost_cw5n1h2txyewy\ShellExperienceHost.exe,,0,0,0,0,0,0,1,0,0,0,1,0,Goodware,goodware:Goodware
2024-10-18 21:35:00,End-user\C:\Windows\system32\DllHost.exe,,0,0,1,0,0,0,0,0,0,0,1,0,Goodware,goodware:Goodware
2024-10-18 21:35:00,End-user\C:\Program Files\WindowsApps\MicrosoftWindows.Client.WebExperience_524.24900.130.0_x64__cw5n1h2txyewy\Dashboard\Widgets.exe,,0,0,0,0,0,0,1,0,0,0,1,0,Goodware,goodware:Goodware
2024-10-18 21:35:00,-\C:\Users\End-user\AppData\Local\Google\GoogleUpdater\131.0.6776.0\updater.exe,,0,0,0,0,0,0,0,0,0,0,6,0,Goodware,goodware:Goodware
2024-10-18 21:35:00,End-user\C:\Windows\System32\BackgroundTransferHost.exe,,0,0,0,0,0,0,1,0,0,0,1,0,Goodware,goodware:Goodware
2024-10-18 21:35:00,End-user\C:\Windows\system32\sihost.exe,,0,0,0,0,0,0,0,0,0,0,2,0,Goodware,goodware:Goodware
2024-10-18 21:35:00,End-user\C:\Windows\System32\SecurityHealthSystray.exe,,1,0,0,0,0,0,0,0,0,0,1,0,Goodware,goodware:Goodware
2024-10-18 21:35:00,End-user\C:\xampp\xampp-control.exe,,1,0,0,0,0,0,0,0,0,0,1,0,Goodware,goodware:Goodware
2024-10-18 21:35:00,SYSTEM\C:\Windows\System32\wbem\WMIADAP.exe,,0,0,0,0,0,0,2,0,0,0,2,0,Goodware,goodware:Goodware
2024-10-18 21:35:00,End-user\C:\xampp\apache\bin\httpd.exe,,2,0,0,0,0,0,0,0,0,0,2,0,Goodware,goodware:Goodware
2024-10-18 21:35:00,End-user\C:\Program Files\BraveSoftware\Brave-Browser\Application\brave.exe,,2,12,6,0,0,47,2,0,0,0,144,0,Goodware,goodware:Goodware
2024-10-18 21:35:00,End-user\c:\xampp\apache\bin\httpd.exe,,0,0,0,0,0,0,0,0,0,0,1,0,Goodware,goodware:Goodware
2024-10-18 21:35:00,LOCAL SERVICE\C:\ProgramData\Microsoft\Windows Defender\Platform\4.18.24080.9-0\NisSrv.exe,,0,0,0,0,0,0,2,0,0,0,2,0,Goodware,goodware:Goodware
2024-10-18 21:35:00,End-user\C:\Windows\Explorer.EXE,,0,0,0,0,0,4,0,0,0,0,4,0,Goodware,goodware:Goodware
2024-10-18 21:35:00,End-user\C:\Users\End-user\AppData\Local\Microsoft\OneDrive\OneDrive.exe,,1,0,0,0,0,17,64,0,0,0,83,0,Goodware,goodware:Goodware
2024-10-18 21:35:00,End-user\C:\Windows\System32\VBoxTray.exe,,1,0,0,0,0,0,0,0,0,0,2,0,Goodware,goodware:Goodware
2024-10-18 21:35:00,End-user\C:\Program Files (x86)\Microsoft\Edge\Application\msedge.exe,,2,0,1,0,0,32,4,0,0,0,44,0,Goodware,goodware:Goodware
2024-10-18 21:35:00,End-user\C:\Users\End-user\AppData\Local\Microsoft\OneDrive\24.186.0915.0004\FileCoAuth.exe,,1,0,0,0,0,0,17,0,0,0,19,0,Goodware,goodware:Goodware
2024-10-18 21:35:00,-\C:\Users\End-user\AppData\Local\Microsoft\OneDrive\OneDrive.exe,,0,0,0,0,0,0,0,0,0,0,1,0,Goodware,goodware:Goodware
2024-10-18 21:35:00,End-user\C:\Program Files\NordVPN\NordVPN.exe,,1,0,0,0,0,0,9,0,0,0,12,0,Goodware,goodware:Goodware
2024-10-18 21:35:00,End-user\C:\Windows\system32\BackgroundTransferHost.exe,,0,0,0,0,0,1,0,0,0,0,1,0,Goodware,goodware:Goodware
2024-10-18 21:35:00,End-user\C:\Windows\System32\sihost.exe,,0,0,0,0,0,0,1,0,0,0,1,0,Goodware,goodware:Goodware
2024-10-18 21:35:00,End-user\C:\Program Files\WindowsApps\MicrosoftTeams_24256.2502.3123.1_x64__8wekyb3d8bbwe\msteams_autostarter.exe,,0,0,0,0,0,1,1,0,0,0,2,0,Goodware,goodware:Goodware
2024-10-18 21:35:00,End-user\C:\Program Files\WindowsApps\MicrosoftTeams_24256.2502.3123.1_x64__8wekyb3d8bbwe\msteams.exe,,0,0,0,0,0,2,1,0,0,0,5,0,Goodware,goodware:Goodware
2024-10-18 21:35:00,End-user\C:\Program Files (x86)\Microsoft\EdgeWebView\Application\129.0.2792.89\msedgewebview2.exe,,6,0,0,0,0,5,1,0,0,0,17,0,Goodware,goodware:Goodware
2024-10-18 21:40:00,End-user\C:\Program Files (x86)\Microsoft\EdgeWebView\Application\129.0.2792.89\msedgewebview2.exe,,26,0,12,0,0,35,13,0,0,0,143,0,Goodware,goodware:Goodware
2024-10-18 21:40:00,-\C:\Windows\Explorer.EXE,,0,0,0,0,0,0,0,0,0,0,4,0,Goodware,goodware:Goodware
2024-10-18 21:40:00,End-user\C:\Program Files (x86)\Microsoft\Edge\Application\msedge.exe,,1,0,0,0,4,29,4,0,0,0,40,0,Goodware,goodware:Goodware
2024-10-18 21:40:00,User\C:\Program Files (x86)\Microsoft\EdgeWebView\Application\129.0.2792.89\msedgewebview2.exe,,4,0,3,0,0,7,3,0,0,0,29,0,Goodware,goodware:Goodware
2024-10-18 21:40:00,End-user\C:\Program Files\WindowsApps\MicrosoftTeams_24256.2502.3123.1_x64__8wekyb3d8bbwe\msteamsupdate.exe,,0,0,0,0,0,3,0,0,0,0,3,0,Goodware,goodware:Goodware
2024-10-18 21:40:00,-\C:\Program Files (x86)\Microsoft\EdgeWebView\Application\129.0.2792.89\msedgewebview2.exe,,0,0,0,0,0,0,0,0,0,0,12,0,Goodware,goodware:Goodware
2024-10-18 21:40:00,User\C:\Windows\SystemApps\ShellExperienceHost_cw5n1h2txyewy\ShellExperienceHost.exe,,0,0,0,0,0,0,1,0,0,0,1,0,Goodware,goodware:Goodware
2024-10-18 21:40:00,End-user\C:\Program Files\NordVPN\NordVPN.exe,,0,0,1,0,0,1,0,0,0,0,8,0,Goodware,goodware:Goodware
2024-10-18 21:40:00,-\C:\Program Files\NordVPN\nordvpn-service.exe,,0,0,0,0,0,0,0,0,0,0,46,0,Goodware,goodware:Goodware
2024-10-18 21:40:00,-\C:\Program Files\NordUpdater\NordUpdateService.exe,,0,0,0,0,0,0,0,0,0,0,4,0,Goodware,goodware:Goodware
2024-10-18 21:40:00,User\C:\Windows\System32\svchost.exe,,1,0,0,0,0,0,0,0,0,0,1,0,Goodware,goodware:Goodware
2024-10-18 21:40:00,End-user\C:\Program Files\BraveSoftware\Brave-Browser\Application\brave.exe,,0,0,0,0,0,4,0,0,0,0,7,0,Goodware,goodware:Goodware
2024-10-18 21:40:00,End-user\C:\Windows\System32\RuntimeBroker.exe,,0,0,0,0,0,4,1,0,0,0,5,0,Goodware,goodware:Goodware
2024-10-18 21:40:00,SYSTEM\C:\Windows\system32\svchost.exe,,0,1,0,0,0,21,0,0,0,0,22,0,Goodware,goodware:Goodware
2024-10-18 21:40:00,SYSTEM\C:\Windows\System32\sc.exe,,4,0,0,0,0,0,0,0,0,0,4,0,Goodware,goodware:Goodware
2024-10-18 21:40:00,End-user\C:\Program Files\WindowsApps\MicrosoftWindows.CrossDevice_1.24091.30.0_x64__cw5n1h2txyewy\CrossDeviceService.exe,,0,0,0,0,0,0,1,0,0,0,2,0,Goodware,goodware:Goodware
2024-10-18 21:40:00,SYSTEM\C:\Windows\System32\svchost.exe,,1,0,0,0,0,24,3,0,0,0,29,0,Goodware,goodware:Goodware
2024-10-18 21:40:00,End-user\C:\Windows\System32\SecurityHealth\1.0.2402.27001-0\SecurityHealthHost.exe,,0,0,0,0,0,0,0,0,0,0,2,0,Goodware,goodware:Goodware
2024-10-18 21:40:00,End-user\C:\xampp\xampp-control.exe,,0,0,0,0,0,2,1,0,0,0,3,0,Goodware,goodware:Goodware
2024-10-18 21:40:00,-\C:\Program Files (x86)\Microsoft\Edge\Application\msedge.exe,,0,0,0,0,0,0,0,0,0,0,3,0,Goodware,goodware:Goodware
2024-10-18 21:40:00,End-user\C:\Program Files\WindowsApps\MSTeams_24257.205.3165.2029_x64__8wekyb3d8bbwe\msteams_autostarter.exe,,0,0,0,0,0,1,1,0,0,0,2,0,Goodware,goodware:Goodware
2024-10-18 21:40:00,End-user\C:\Windows\Explorer.EXE,,0,0,2,0,0,0,0,0,0,0,2,0,Goodware,goodware:Goodware
2024-10-18 21:40:00,End-user\C:\Program Files\WindowsApps\MSTeams_24257.205.3165.2029_x64__8wekyb3d8bbwe\ms-teams.exe,,0,0,23,0,0,4,4,0,0,0,35,0,Goodware,goodware:Goodware
2024-10-18 21:40:00,End-user\C:\Program Files\WindowsApps\MSTeams_24257.205.3165.2029_x64__8wekyb3d8bbwe\ms-teamsupdate.exe,,0,0,0,0,0,4,1,0,0,0,5,0,Goodware,goodware:Goodware
2024-10-18 21:40:00,End-user\C:\Windows\System32\cmd.exe,,2,0,0,0,0,0,0,0,0,0,2,0,Goodware,goodware:Goodware
2024-10-18 21:40:00,End-user\C:\Windows\system32\cmd.exe,,0,0,0,0,0,3,0,0,0,0,3,0,Goodware,goodware:Goodware
2024-10-18 21:40:00,End-user\C:\Windows\System32\tasklist.exe,,1,0,0,0,0,0,3,0,0,0,4,0,Goodware,goodware:Goodware
2024-10-18 21:40:00,End-user\C:\Windows\System32\backgroundTaskHost.exe,,0,0,0,0,0,0,2,0,0,0,2,0,Goodware,goodware:Goodware
2024-10-18 21:40:00,SYSTEM\C:\Windows\system32\services.exe,,0,0,0,0,0,30,0,0,0,0,30,0,Goodware,goodware:Goodware
2024-10-18 21:40:00,SYSTEM\C:\Program Files\NordUpdater\NordUpdateService.exe,,0,0,0,0,0,0,0,0,0,0,1,0,Goodware,goodware:Goodware
2024-10-18 21:40:00,End-user\C:\Windows\System32\reg.exe,,6,0,0,0,0,0,0,0,0,0,6,0,Goodware,goodware:Goodware
2024-10-18 21:40:00,End-user\C:\Windows\ImmersiveControlPanel\SystemSettings.exe,,0,0,0,0,0,0,1,0,0,0,1,0,Goodware,goodware:Goodware
2024-10-18 21:40:00,SYSTEM\C:\Windows\System32\taskhostw.exe,,0,0,0,0,0,0,2,0,0,0,2,0,Goodware,goodware:Goodware
2024-10-18 21:40:00,SYSTEM\\\?\C:\Windows\system32\wbem\WMIADAP.EXE,,0,10,0,0,0,11,0,0,0,0,21,0,Goodware,goodware:Goodware
2024-10-18 21:40:00,NETWORK SERVICE\C:\Windows\System32\sppsvc.exe,,0,0,0,0,0,0,1,0,0,0,1,0,Goodware,goodware:Goodware
2024-10-18 21:40:00,End-user\C:\Windows\SystemApps\MicrosoftWindows.Client.CBS_cw5n1h2txyewy\SearchHost.exe,,0,0,2,0,0,0,0,0,0,0,2,0,Goodware,goodware:Goodware
2024-10-18 21:40:00,End-user\C:\Program Files\WindowsApps\Microsoft.XboxGamingOverlay_7.224.9242.0_x64__8wekyb3d8bbwe\GameBarFTServer.exe,,0,0,0,0,0,1,0,0,0,0,1,0,Goodware,goodware:Goodware
2024-10-18 21:40:00,End-user\C:\Program Files\WindowsApps\MicrosoftWindows.Client.WebExperience_524.24900.130.0_x64__cw5n1h2txyewy\Dashboard\Widgets.exe,,0,0,0,0,0,1,0,0,0,0,2,0,Goodware,goodware:Goodware
2024-10-18 21:40:00,End-user\C:\Program Files\WindowsApps\Microsoft.XboxGamingOverlay_7.224.9242.0_x64__8wekyb3d8bbwe\GameBar.exe,,0,0,0,0,0,1,0,0,0,0,1,0,Goodware,goodware:Goodware
2024-10-18 21:40:00,End-user\C:\Windows\System32\svchost.exe,,1,0,0,0,0,0,0,0,0,0,1,0,Goodware,goodware:Goodware
2024-10-18 21:40:00,LOCAL SERVICE\C:\Windows\System32\svchost.exe,,2,0,0,0,0,0,0,0,0,0,2,0,Goodware,goodware:Goodware
2024-10-18 21:40:00,NETWORK SERVICE\C:\Windows\System32\wbem\WmiPrvSE.exe,,1,0,0,0,0,0,1,0,0,0,2,0,Goodware,goodware:Goodware
2024-10-18 21:45:00,-\C:\Program Files\NordVPN\nordvpn-service.exe,,0,0,0,0,0,0,0,0,0,0,44,0,Goodware,goodware:Goodware
2024-10-18 21:45:00,End-user\C:\Program Files (x86)\Microsoft\Edge\Application\msedge.exe,,1,0,1,0,2,86,5,0,0,0,100,0,Goodware,goodware:Goodware
2024-10-18 21:45:00,-\C:\Windows\Explorer.EXE,,0,0,0,0,0,0,0,0,0,0,2,0,Goodware,goodware:Goodware
2024-10-18 21:45:00,End-user\C:\Program Files\WindowsApps\MSTeams_24257.205.3165.2029_x64__8wekyb3d8bbwe\ms-teams.exe,,0,0,5,0,0,0,0,0,0,0,5,0,Goodware,goodware:Goodware
2024-10-18 21:45:00,SYSTEM\C:\Windows\system32\svchost.exe,,0,7,3,0,0,4,0,0,0,0,14,0,Goodware,goodware:Goodware
2024-10-18 21:45:00,End-user\C:\Windows\System32\backgroundTaskHost.exe,,0,0,0,0,0,0,1,0,0,0,1,0,Goodware,goodware:Goodware
2024-10-18 21:45:00,End-user\C:\Program Files (x86)\Microsoft\EdgeWebView\Application\129.0.2792.89\msedgewebview2.exe,,0,0,4,0,0,0,0,0,0,0,4,0,Goodware,goodware:Goodware
2024-10-18 21:45:00,End-user\C:\Windows\System32\RuntimeBroker.exe,,0,0,0,0,0,2,0,0,0,0,2,0,Goodware,goodware:Goodware
2024-10-18 21:45:00,End-user\C:\Users\End-user\AppData\Local\Google\GoogleUpdater\131.0.6776.0\updater.exe,,6,1,0,0,0,0,6,0,0,0,22,0,Goodware,goodware:Goodware
2024-10-18 21:45:00,-\C:\Users\End-user\AppData\Local\Google\GoogleUpdater\131.0.6776.0\updater.exe,,0,0,0,0,0,0,0,0,0,0,3,0,Goodware,goodware:Goodware
2024-10-18 21:45:00,End-user\C:\Program Files\BraveSoftware\Brave-Browser\Application\brave.exe,,0,0,0,0,0,3,0,0,0,0,27,0,Goodware,goodware:Goodware
2024-10-18 21:45:00,SYSTEM\C:\ProgramData\Microsoft\Windows Defender\Platform\4.18.24080.9-0\MsMpEng.exe,,0,0,11,0,0,1,2,0,0,0,14,0,Goodware,goodware:Goodware
2024-10-18 21:45:00,SYSTEM\C:\ProgramData\Microsoft\Windows Defender\Platform\4.18.24080.9-0\MpCmdRun.exe,,0,1,0,0,0,0,5,0,0,0,6,0,Goodware,goodware:Goodware
2024-10-18 21:45:00,NETWORK SERVICE\C:\Windows\System32\wbem\WmiPrvSE.exe,,1,0,0,0,0,0,1,0,0,0,2,0,Goodware,goodware:Goodware
2024-10-18 21:45:00,SYSTEM\System,,0,1,0,0,0,0,0,0,0,0,1,0,Goodware,goodware:Goodware
2024-10-18 21:45:00,NETWORK SERVICE\C:\Windows\System32\svchost.exe,,0,3,0,0,2,0,1,0,0,0,6,0,Goodware,goodware:Goodware
2024-10-18 21:45:00,SYSTEM\C:\Windows\System32\svchost.exe,,0,0,0,0,0,0,3,0,0,0,3,0,Goodware,goodware:Goodware
2024-10-18 21:45:00,LOCAL SERVICE\C:\Windows\System32\wbem\WmiPrvSE.exe,,1,0,0,0,0,0,1,0,0,0,2,0,Goodware,goodware:Goodware
2024-10-18 21:45:00,SYSTEM\C:\Windows\System32\MpSigStub.exe,,0,0,0,0,0,0,1,0,0,0,1,0,Goodware,goodware:Goodware
2024-10-18 21:45:00,SYSTEM\C:\Windows\system32\MpSigStub.exe,,0,6,2,0,0,0,0,0,0,0,9,0,Goodware,goodware:Goodware
2024-10-18 21:45:00,SYSTEM\C:\Windows\system32\services.exe,,0,0,0,0,0,9,0,0,0,0,9,0,Goodware,goodware:Goodware
2024-10-18 21:45:00,SYSTEM\C:\Program Files (x86)\BraveSoftware\Update\BraveUpdate.exe,,1,2,0,0,0,0,0,0,0,0,3,0,Goodware,goodware:Goodware
2024-10-18 21:45:00,LOCAL SERVICE\C:\Windows\system32\svchost.exe,,0,0,0,0,0,2,0,0,0,0,2,0,Goodware,goodware:Goodware
2024-10-18 21:45:00,User\C:\Program Files (x86)\Microsoft\EdgeWebView\Application\129.0.2792.89\msedgewebview2.exe,,0,0,3,0,0,0,0,0,0,0,3,0,Goodware,goodware:Goodware
2024-10-18 21:45:00,SYSTEM\C:\ProgramData\Microsoft\Windows Defender\Platform\4.18.24080.9-0\MpDefenderCoreService.exe,,0,0,0,0,1,0,0,0,0,0,2,0,Goodware,goodware:Goodware
2024-10-18 21:45:00,SYSTEM\C:\Windows\System32\taskhostw.exe,,0,0,0,0,0,0,1,0,0,0,1,0,Goodware,goodware:Goodware
2024-10-18 21:45:00,-\C:\Program Files\NordUpdater\NordUpdateService.exe,,0,0,0,0,0,0,0,0,0,0,2,0,Goodware,goodware:Goodware
2024-10-18 21:45:00,End-user\C:\Program Files\NordVPN\NordVPN.exe,,0,0,1,0,0,0,0,0,0,0,1,0,Goodware,goodware:Goodware
2024-10-18 21:50:00,-\C:\Program Files\NordVPN\nordvpn-service.exe,,0,0,0,0,0,0,0,0,0,0,48,0,Goodware,goodware:Goodware
2024-10-18 21:50:00,End-user\C:\Program Files (x86)\Microsoft\Edge\Application\msedge.exe,,0,0,0,0,0,4,1,0,0,0,6,0,Goodware,goodware:Goodware
2024-10-18 21:50:00,SYSTEM\C:\ProgramData\Microsoft\Windows Defender\Platform\4.18.24080.9-0\MpDefenderCoreService.exe,,0,0,0,0,1,0,0,0,0,0,1,0,Goodware,goodware:Goodware
2024-10-18 21:50:00,End-user\C:\Program Files\WindowsApps\MSTeams_24257.205.3165.2029_x64__8wekyb3d8bbwe\ms-teams.exe,,0,0,0,0,0,1,0,0,0,0,1,0,Goodware,goodware:Goodware
2024-10-18 21:50:00,End-user\C:\Program Files\WindowsApps\MSTeams_24257.205.3165.2029_x64__8wekyb3d8bbwe\ms-teamsupdate.exe,,0,0,0,0,0,1,0,0,0,0,1,0,Goodware,goodware:Goodware
2024-10-18 21:50:00,End-user\C:\Program Files\BraveSoftware\Brave-Browser\Application\brave.exe,,0,0,0,0,0,5,0,0,0,0,5,0,Goodware,goodware:Goodware
2024-10-18 21:50:00,End-user\C:\Windows\SystemApps\MicrosoftWindows.Client.CBS_cw5n1h2txyewy\SearchHost.exe,,0,0,14,0,0,0,0,0,0,0,15,0,Goodware,goodware:Goodware
2024-10-18 21:50:00,SYSTEM\C:\Windows\system32\svchost.exe,,0,0,0,0,0,2,0,0,0,0,2,0,Goodware,goodware:Goodware
2024-10-18 21:50:00,End-user\C:\Windows\system32\sihost.exe,,0,0,0,0,0,0,0,0,0,0,7,0,Goodware,goodware:Goodware
2024-10-18 21:50:00,NETWORK SERVICE\C:\Windows\System32\svchost.exe,,0,0,0,0,4,0,0,0,0,0,4,0,Goodware,goodware:Goodware
2024-10-18 21:50:00,End-user\C:\Windows\system32\DllHost.exe,,0,0,0,0,0,1,0,0,0,0,1,0,Goodware,goodware:Goodware
2024-10-18 21:50:00,SYSTEM\C:\Windows\System32\svchost.exe,,0,0,0,0,0,6,0,0,0,0,6,0,Goodware,goodware:Goodware
2024-10-18 21:50:00,End-user\C:\Users\End-user\AppData\Local\Programs\Microsoft VS Code\unins000.exe,,1,0,0,0,0,1,1,0,0,0,5,0,Goodware,goodware:Goodware
2024-10-18 21:50:00,-\C:\Windows\Explorer.EXE,,0,0,0,0,0,0,0,0,0,0,8,0,Goodware,goodware:Goodware
2024-10-18 21:50:00,End-user\C:\Users\End-user\AppData\Local\Temp\_iu14D2N.tmp,,1,0,747,0,0,150,1,0,0,0,901,0,Goodware,goodware:Goodware
2024-10-18 21:50:00,-\C:\Users\End-user\AppData\Local\Programs\Microsoft VS Code\unins000.exe,,0,0,0,0,0,0,0,0,0,0,1,0,Goodware,goodware:Goodware
2024-10-18 21:50:00,-\C:\Users\End-user\AppData\Local\Temp\_iu14D2N.tmp,,0,0,0,0,0,0,0,0,0,0,28,0,Goodware,goodware:Goodware
2024-10-18 21:50:00,End-user\C:\Windows\SystemApps\Microsoft.Windows.StartMenuExperienceHost_cw5n1h2txyewy\StartMenuExperienceHost.exe,,0,0,1,0,0,0,0,0,0,0,1,0,Goodware,goodware:Goodware
2024-10-18 21:50:00,End-user\C:\Users\End-user\AppData\Local\Google\Chrome\Application\129.0.6668.101\Installer\setup.exe,,4,0,0,0,0,0,8,0,0,0,18,0,Goodware,goodware:Goodware
2024-10-18 21:50:00,-\C:\Users\End-user\AppData\Local\Google\Chrome\Application\129.0.6668.101\Installer\setup.exe,,0,0,0,0,0,0,0,0,0,0,4,0,Goodware,goodware:Goodware
2024-10-18 21:50:00,End-user\C:\Users\End-user\AppData\Local\Google\GoogleUpdater\131.0.6776.0\updater.exe,,12,2,0,0,0,0,12,0,0,0,44,0,Goodware,goodware:Goodware
2024-10-18 21:50:00,-\C:\Users\End-user\AppData\Local\Google\GoogleUpdater\131.0.6776.0\updater.exe,,0,0,0,0,0,0,0,0,0,0,6,0,Goodware,goodware:Goodware
2024-10-18 21:50:00,SYSTEM\C:\Windows\System32\taskhostw.exe,,0,0,0,0,0,0,1,0,0,0,1,0,Goodware,goodware:Goodware
2024-10-18 21:50:00,NETWORK SERVICE\C:\Windows\System32\wbem\WmiPrvSE.exe,,1,0,0,0,0,0,1,0,0,0,2,0,Goodware,goodware:Goodware
2024-10-18 21:50:00,SYSTEM\System,,0,1,0,0,0,0,0,0,0,0,1,0,Goodware,goodware:Goodware
2024-10-18 21:50:00,SYSTEM\C:\Windows\System32\consent.exe,,0,0,0,0,0,0,2,0,0,0,2,0,Goodware,goodware:Goodware
2024-10-18 21:50:00,User\C:\Program Files\Audacity\unins000.exe,,0,0,0,0,0,0,0,0,0,0,1,0,Goodware,goodware:Goodware
2024-10-18 21:50:00,User\C:\Users\User\AppData\Local\Temp\iu-14D2N.tmp\_unins.tmp,,1,0,0,0,0,0,1,0,0,0,3,0,Goodware,goodware:Goodware
2024-10-18 21:50:00,End-user\C:\Program Files (x86)\Microsoft\Edge\Application\pwahelper.exe,,1,0,0,0,0,1,0,0,0,0,3,0,Goodware,goodware:Goodware
2024-10-18 21:55:00,User\C:\Users\User\AppData\Local\Temp\iu-14D2N.tmp\_unins.tmp,,0,0,132,0,0,2,0,0,0,0,135,0,Goodware,goodware:Goodware
2024-10-18 21:55:00,End-user\C:\Program Files (x86)\Microsoft\Edge\Application\msedge.exe,,1,0,1,0,6,110,8,0,0,0,139,0,Goodware,goodware:Goodware
2024-10-18 21:55:00,-\C:\Windows\Explorer.EXE,,0,0,0,0,0,0,0,0,0,0,6,0,Goodware,goodware:Goodware
2024-10-18 21:55:00,-\C:\Users\User\AppData\Local\Temp\iu-14D2N.tmp\_unins.tmp,,0,0,0,0,0,0,0,0,0,0,48,0,Goodware,goodware:Goodware
2024-10-18 21:55:00,End-user\C:\Windows\SystemApps\MicrosoftWindows.Client.CBS_cw5n1h2txyewy\SearchHost.exe,,0,0,1,0,0,0,0,0,0,0,3,0,Goodware,goodware:Goodware
2024-10-18 21:55:00,-\C:\Program Files (x86)\Microsoft\Edge\Application\msedge.exe,,0,0,0,0,0,0,0,0,0,0,3,0,Goodware,goodware:Goodware
2024-10-18 21:55:00,End-user\C:\Windows\SystemApps\Microsoft.Windows.StartMenuExperienceHost_cw5n1h2txyewy\StartMenuExperienceHost.exe,,0,0,2,0,0,0,0,0,0,0,2,0,Goodware,goodware:Goodware
2024-10-18 21:55:00,User\C:\Program Files\Audacity\unins000.exe,,0,0,0,0,0,1,0,0,0,0,1,0,Goodware,goodware:Goodware
2024-10-18 21:55:00,End-user\C:\Program Files\NordVPN\NordVPN.exe,,0,0,1,0,0,0,0,0,0,0,1,0,Goodware,goodware:Goodware
2024-10-18 21:55:00,-\C:\Program Files\NordVPN\nordvpn-service.exe,,0,0,0,0,0,0,0,0,0,0,46,0,Goodware,goodware:Goodware
2024-10-18 21:55:00,End-user\C:\Windows\System32\RuntimeBroker.exe,,0,0,0,0,0,1,1,0,0,0,2,0,Goodware,goodware:Goodware
2024-10-18 21:55:00,SYSTEM\C:\ProgramData\Microsoft\Windows Defender\Platform\4.18.24080.9-0\MpDefenderCoreService.exe,,0,0,0,0,1,0,0,0,0,0,1,0,Goodware,goodware:Goodware
2024-10-18 21:55:00,SYSTEM\C:\Windows\System32\svchost.exe,,0,0,0,0,0,6,2,0,0,0,8,0,Goodware,goodware:Goodware
2024-10-18 21:55:00,SYSTEM\C:\Windows\system32\svchost.exe,,0,0,0,0,0,4,0,0,0,0,4,0,Goodware,goodware:Goodware
2024-10-18 21:55:00,End-user\C:\Program Files (x86)\Microsoft\EdgeWebView\Application\129.0.2792.89\msedgewebview2.exe,,0,0,0,0,0,0,1,0,0,0,1,0,Goodware,goodware:Goodware
2024-10-18 21:55:00,End-user\C:\Program Files\BraveSoftware\Brave-Browser\Application\brave.exe,,0,0,6,0,0,8,0,0,0,0,14,0,Goodware,goodware:Goodware
2024-10-18 21:55:00,End-user\C:\Users\End-user\anaconda3\Uninstall-Anaconda3.exe,,0,1,0,0,0,0,0,0,0,0,3,0,Goodware,goodware:Goodware
2024-10-18 21:55:00,End-user\C:\Users\End-user\AppData\Local\Temp\~nsu.tmp\Un_A.exe,,1,3,0,0,0,3,9,0,0,0,20,0,Goodware,goodware:Goodware
2024-10-18 21:55:00,-\C:\Users\End-user\AppData\Local\Temp\~nsu.tmp\Un_A.exe,,0,0,0,0,0,0,0,0,0,0,5,0,Goodware,goodware:Goodware
2024-10-18 21:55:00,End-user\C:\Users\End-user\anaconda3\_conda.exe,,0,2,105,0,0,1,30,0,0,0,239,0,Goodware,goodware:Goodware
2024-10-18 21:55:00,End-user\C:\Windows\System32\cmd.exe,,2,0,0,0,0,1,0,0,0,0,3,0,Goodware,goodware:Goodware
2024-10-18 21:55:00,End-user\C:\Windows\system32\cmd.exe,,0,0,0,0,0,1,0,0,0,0,1,0,Goodware,goodware:Goodware
2024-10-18 21:55:00,End-user\C:\Users\End-user\anaconda3\python.exe,,0,0,0,0,0,4,0,0,0,0,7,0,Goodware,goodware:Goodware
2024-10-18 21:55:00,End-user\C:\Windows\SysWOW64\cmd.exe,,1,0,781,0,0,0,0,0,0,0,782,0,Goodware,goodware:Goodware
2024-10-18 21:55:00,End-user\C:\Program Files\WindowsApps\MicrosoftTeams_24256.2502.3123.1_x64__8wekyb3d8bbwe\msteamsupdate.exe,,0,0,0,0,0,2,1,0,0,0,3,0,Goodware,goodware:Goodware
2024-10-18 22:00:00,End-user\C:\Windows\SysWOW64\cmd.exe,,0,0,5631,0,0,0,0,0,0,0,5631,0,Goodware,goodware:Goodware
2024-10-18 22:00:00,-\C:\Program Files\NordUpdater\NordUpdateService.exe,,0,0,0,0,0,0,0,0,0,0,2,0,Goodware,goodware:Goodware
2024-10-18 22:00:00,End-user\C:\Program Files\NordVPN\NordVPN.exe,,0,0,1,0,0,0,0,0,0,0,1,0,Goodware,goodware:Goodware
2024-10-18 22:00:00,-\C:\Program Files\NordVPN\nordvpn-service.exe,,0,0,0,0,0,0,0,0,0,0,46,0,Goodware,goodware:Goodware
2024-10-18 22:00:00,End-user\C:\Program Files (x86)\Microsoft\Edge\Application\msedge.exe,,0,0,0,0,0,4,1,0,0,0,5,0,Goodware,goodware:Goodware
2024-10-18 22:00:00,End-user\C:\Program Files\WindowsApps\MSTeams_24257.205.3165.2029_x64__8wekyb3d8bbwe\ms-teams.exe,,0,0,10,0,0,0,0,0,0,0,10,0,Goodware,goodware:Goodware
2024-10-18 22:00:00,SYSTEM\C:\Windows\system32\svchost.exe,,0,1,1,0,0,2,0,0,0,0,4,0,Goodware,goodware:Goodware
2024-10-18 22:00:00,End-user\C:\Windows\System32\backgroundTaskHost.exe,,0,0,0,0,0,0,1,0,0,0,1,0,Goodware,goodware:Goodware
2024-10-18 22:00:00,SYSTEM\C:\ProgramData\Microsoft\Windows Defender\Platform\4.18.24080.9-0\MpDefenderCoreService.exe,,0,0,0,0,2,0,0,0,0,0,2,0,Goodware,goodware:Goodware
2024-10-18 22:00:00,End-user\C:\Windows\System32\RuntimeBroker.exe,,0,0,0,0,0,1,0,0,0,0,1,0,Goodware,goodware:Goodware
2024-10-18 22:00:00,SYSTEM\C:\Windows\System32\svchost.exe,,0,0,0,0,0,6,0,0,0,0,6,0,Goodware,goodware:Goodware
2024-10-18 22:05:00,End-user\C:\Program Files\NordVPN\NordVPN.exe,,0,0,1,0,0,0,0,0,0,0,1,0,Goodware,goodware:Goodware
2024-10-18 22:05:00,-\C:\Program Files\NordVPN\nordvpn-service.exe,,0,0,0,0,0,0,0,0,0,0,48,0,Goodware,goodware:Goodware
2024-10-18 22:05:00,SYSTEM\C:\Windows\system32\svchost.exe,,0,4,0,0,0,15,0,0,0,0,19,0,Goodware,goodware:Goodware
2024-10-18 22:05:00,User\C:\Windows\System32\RuntimeBroker.exe,,0,0,0,0,0,0,1,0,0,0,1,0,Goodware,goodware:Goodware
2024-10-18 22:05:00,End-user\C:\Windows\System32\RuntimeBroker.exe,,0,0,0,0,0,1,1,0,0,0,2,0,Goodware,goodware:Goodware
2024-10-18 22:05:00,NETWORK SERVICE\C:\Windows\system32\sppsvc.exe,,0,1,0,0,0,0,0,0,0,0,1,0,Goodware,goodware:Goodware
2024-10-18 22:05:00,NETWORK SERVICE\C:\Windows\System32\sppsvc.exe,,0,0,0,0,0,0,1,0,0,0,1,0,Goodware,goodware:Goodware
2024-10-18 22:05:00,SYSTEM\C:\Windows\System32\svchost.exe,,0,0,0,0,0,6,0,0,0,0,6,0,Goodware,goodware:Goodware
2024-10-18 22:05:00,-\C:\Users\User\AppData\Local\Microsoft\OneDrive\OneDrive.exe,,0,0,0,0,0,0,0,0,0,0,48,0,Goodware,goodware:Goodware
2024-10-18 22:05:00,End-user\C:\Users\End-user\AppData\Local\Temp\~nsu.tmp\Un_A.exe,,0,0,4,0,0,1,0,0,0,0,6,0,Goodware,goodware:Goodware
2024-10-18 22:05:00,End-user\C:\Windows\ImmersiveControlPanel\SystemSettings.exe,,0,0,0,0,0,1,0,0,0,0,1,0,Goodware,goodware:Goodware
2024-10-18 22:05:00,End-user\C:\Windows\system32\sihost.exe,,0,0,0,0,0,0,0,0,0,0,6,0,Goodware,goodware:Goodware
2024-10-18 22:05:00,End-user\C:\Windows\SystemApps\MicrosoftWindows.Client.CBS_cw5n1h2txyewy\SearchHost.exe,,0,0,6,0,0,0,0,0,0,0,7,0,Goodware,goodware:Goodware
2024-10-18 22:05:00,End-user\C:\Windows\System32\rundll32.exe,,1,0,0,0,0,0,0,0,0,0,1,0,Goodware,goodware:Goodware
2024-10-18 22:05:00,End-user\C:\Program Files\WindowsApps\Microsoft.Windows.Photos_2024.11070.31001.0_x64__8wekyb3d8bbwe\Photos.exe,,1,0,0,0,0,1,2,0,0,0,5,0,Goodware,goodware:Goodware
2024-10-18 22:05:00,End-user\C:\Windows\Explorer.EXE,,0,22,458,0,0,1,0,0,0,0,481,0,Goodware,goodware:Goodware
2024-10-18 22:05:00,SYSTEM\C:\ProgramData\Microsoft\Windows Defender\Platform\4.18.24080.9-0\MpDefenderCoreService.exe,,0,0,0,0,1,0,0,0,0,0,1,0,Goodware,goodware:Goodware
2024-10-18 22:05:00,End-user\C:\Users\End-user\AppData\Local\Microsoft\OneDrive\24.186.0915.0004\FileCoAuth.exe,,1,0,0,0,0,0,20,0,0,0,22,0,Goodware,goodware:Goodware
2024-10-18 22:05:00,SYSTEM\C:\Windows\System32\consent.exe,,0,0,0,0,0,0,4,0,0,0,4,0,Goodware,goodware:Goodware
2024-10-18 22:05:00,End-user\C:\Windows\system32\DllHost.exe,,0,0,0,0,0,2,0,0,0,0,2,0,Goodware,goodware:Goodware
2024-10-18 22:05:00,User\C:\Windows\System32\cmd.exe,,1,0,0,0,0,1,0,0,0,0,2,0,Goodware,goodware:Goodware
2024-10-18 22:05:00,User\C:\Windows\System32\reg.exe,,1,0,0,0,0,0,0,0,0,0,1,0,Goodware,goodware:Goodware
2024-10-18 22:05:00,End-user\C:\Windows\System32\OpenWith.exe,,0,0,0,0,0,0,1,0,0,0,1,0,Goodware,goodware:Goodware
2024-10-18 22:05:00,-\C:\Windows\Explorer.EXE,,0,0,0,0,0,0,0,0,0,0,2,0,Goodware,goodware:Goodware
2024-10-18 22:05:00,End-user\C:\Windows\system32\OpenWith.exe,,0,0,0,0,0,1,0,0,0,0,1,0,Goodware,goodware:Goodware
2024-10-18 22:05:00,End-user\C:\Program Files (x86)\Microsoft\EdgeWebView\Application\129.0.2792.89\msedgewebview2.exe,,0,0,2,0,0,0,0,0,0,0,2,0,Goodware,goodware:Goodware
2024-10-18 22:05:00,End-user\C:\Windows\System32\LaunchTM.exe,,0,0,0,0,0,0,1,0,0,0,1,0,Goodware,goodware:Goodware
2024-10-18 22:05:00,End-user\C:\Windows\System32\Taskmgr.exe,,0,0,0,0,0,1,1,0,0,0,2,0,Goodware,goodware:Goodware
2024-10-18 22:05:00,End-user\C:\xampp\xampp-control.exe,,0,0,0,0,0,1,0,0,0,0,1,0,Goodware,goodware:Goodware
2024-10-18 22:05:00,NETWORK SERVICE\C:\Windows\System32\svchost.exe,,0,0,0,0,4,0,0,0,0,0,4,0,Goodware,goodware:Goodware
2024-10-18 22:05:00,User\C:\Windows\System32\dllhost.exe,,0,0,0,0,0,0,1,0,0,0,1,0,Goodware,goodware:Goodware
2024-10-18 22:05:00,User\C:\Windows\system32\DllHost.exe,,0,0,0,0,0,1,0,0,0,0,1,0,Goodware,goodware:Goodware
2024-10-18 22:05:00,End-user\C:\Program Files (x86)\Microsoft\Edge\Application\msedge.exe,,0,0,6,0,0,2,0,0,0,0,8,0,Goodware,goodware:Goodware
2024-10-18 22:05:00,-\C:\Users\End-user\AppData\Local\Microsoft\OneDrive\OneDrive.exe,,0,0,0,0,0,0,0,0,0,0,64,0,Goodware,goodware:Goodware
2024-10-18 22:10:00,-\C:\Program Files\NordVPN\nordvpn-service.exe,,0,0,0,0,0,0,0,0,0,0,58,0,Goodware,goodware:Goodware
2024-10-18 22:10:00,-\C:\Program Files\NordUpdater\NordUpdateService.exe,,0,0,0,0,0,0,0,0,0,0,2,0,Goodware,goodware:Goodware
2024-10-18 22:10:00,End-user\C:\Program Files\NordVPN\NordVPN.exe,,0,0,1,0,0,0,0,0,0,0,1,0,Goodware,goodware:Goodware
2024-10-18 22:10:00,SYSTEM\C:\Windows\system32\svchost.exe,,0,4,0,0,0,9,0,0,0,0,13,0,Goodware,goodware:Goodware
2024-10-18 22:10:00,End-user\C:\Program Files (x86)\Microsoft\EdgeWebView\Application\129.0.2792.89\msedgewebview2.exe,,12,0,2,0,0,23,5,0,0,0,72,0,Goodware,goodware:Goodware
2024-10-18 22:10:00,End-user\C:\Program Files\WindowsApps\MSTeams_24257.205.3165.2029_x64__8wekyb3d8bbwe\ms-teams.exe,,0,0,6,0,0,3,3,0,0,0,15,0,Goodware,goodware:Goodware
2024-10-18 22:10:00,-\C:\Program Files (x86)\Microsoft\EdgeWebView\Application\129.0.2792.89\msedgewebview2.exe,,0,0,0,0,0,0,0,0,0,0,3,0,Goodware,goodware:Goodware
2024-10-18 22:10:00,NETWORK SERVICE\C:\Windows\System32\wbem\WmiPrvSE.exe,,1,0,0,0,0,0,1,0,0,0,2,0,Goodware,goodware:Goodware
2024-10-18 22:10:00,End-user\C:\Windows\System32\backgroundTaskHost.exe,,0,0,0,0,0,0,1,0,0,0,1,0,Goodware,goodware:Goodware
2024-10-18 22:10:00,End-user\C:\Windows\SystemApps\MicrosoftWindows.Client.CBS_cw5n1h2txyewy\SearchHost.exe,,0,0,11,0,0,0,0,0,0,0,11,0,Goodware,goodware:Goodware
2024-10-18 22:10:00,End-user\C:\Windows\System32\RuntimeBroker.exe,,0,0,0,0,0,1,0,0,0,0,1,0,Goodware,goodware:Goodware
2024-10-18 22:10:00,End-user\C:\Program Files\BraveSoftware\Brave-Browser\Application\brave.exe,,2,14,8,0,0,89,4,0,0,0,224,0,Goodware,goodware:Goodware
2024-10-18 22:10:00,End-user\C:\Windows\Explorer.EXE,,0,0,0,0,0,2,0,0,0,0,2,0,Goodware,goodware:Goodware
2024-10-18 22:10:00,SYSTEM\C:\Windows\System32\svchost.exe,,1,0,0,0,0,0,0,0,0,0,1,0,Goodware,goodware:Goodware
2024-10-18 22:10:00,LOCAL SERVICE\C:\Windows\System32\svchost.exe,,1,0,0,0,0,0,0,0,0,0,1,0,Goodware,goodware:Goodware
2024-10-18 22:10:00,End-user\C:\Windows\system32\sihost.exe,,0,0,0,0,0,0,0,0,0,0,2,0,Goodware,goodware:Goodware
2024-10-18 22:10:00,End-user\C:\Windows\System32\cmd.exe,,1,0,0,0,0,0,0,0,0,0,1,0,Goodware,goodware:Goodware
2024-10-18 22:10:00,End-user\C:\Program Files\WindowsApps\Microsoft.WindowsTerminal_1.20.11781.0_x64__8wekyb3d8bbwe\OpenConsole.exe,,0,0,0,0,0,0,1,0,0,0,1,0,Goodware,goodware:Goodware
2024-10-18 22:10:00,End-user\C:\Windows\System32\conhost.exe,,0,0,0,0,0,0,1,0,0,0,1,0,Goodware,goodware:Goodware
2024-10-18 22:10:00,End-user\C:\Program Files\WindowsApps\Microsoft.WindowsTerminal_1.20.11781.0_x64__8wekyb3d8bbwe\WindowsTerminal.exe,,0,0,0,0,0,0,3,0,0,0,3,0,Goodware,goodware:Goodware
2024-10-18 22:10:00,End-user\C:\Windows\system32\cmd.exe,,0,0,0,0,0,1,0,0,0,0,1,0,Goodware,goodware:Goodware
2024-10-18 22:10:00,End-user\C:\Windows\System32\WindowsPowerShell\v1.0\powershell.exe,,1,2,2,0,0,0,9,0,0,0,15,0,Goodware,goodware:Goodware
2024-10-18 22:10:00,-\C:\Windows\Explorer.EXE,,0,0,0,0,0,0,0,0,0,0,1,0,Goodware,goodware:Goodware
2024-10-18 22:15:00,End-user\C:\Program Files\BraveSoftware\Brave-Browser\Application\brave.exe,,0,1,1,0,0,37,4,0,0,0,95,0,Goodware,goodware:Goodware
2024-10-18 22:15:00,End-user\C:\Windows\System32\smartscreen.exe,,0,0,0,0,0,0,1,0,0,0,1,0,Goodware,goodware:Goodware
2024-10-18 22:15:00,End-user\C:\Users\End-user\Downloads\python-3.13.0-amd64.exe,,1,1,1,0,0,0,1,0,0,0,6,0,Goodware,goodware:Goodware
2024-10-18 22:15:00,End-user\C:\Users\End-user\AppData\Local\Temp\{A6C2A7EF-2FA1-4CE7-B290-C493388F4E16}\.cr\python-3.13.0-amd64.exe,,1,16,2,0,0,3,2,0,0,0,27,0,Goodware,goodware:Goodware
2024-10-18 22:15:00,-\C:\Windows\Explorer.EXE,,0,0,0,0,0,0,0,0,0,0,3,0,Goodware,goodware:Goodware
2024-10-18 22:15:00,-\C:\Program Files\NordVPN\nordvpn-service.exe,,0,0,0,0,0,0,0,0,0,0,60,0,Goodware,goodware:Goodware
2024-10-18 22:15:00,SYSTEM\C:\Windows\System32\msiexec.exe,,1,0,0,0,0,0,19,0,0,0,20,0,Goodware,goodware:Goodware
2024-10-18 22:15:00,SYSTEM\C:\Windows\system32\msiexec.exe,,0,1949,19,0,0,24,0,0,0,0,1992,0,Goodware,goodware:Goodware
2024-10-18 22:15:00,-\C:\Users\End-user\AppData\Local\Temp\{A6C2A7EF-2FA1-4CE7-B290-C493388F4E16}\.cr\python-3.13.0-amd64.exe,,0,0,0,0,0,0,0,0,0,0,71,0,Goodware,goodware:Goodware
2024-10-18 22:15:00,End-user\C:\Program Files\NordVPN\NordVPN.exe,,0,0,1,0,0,0,0,0,0,0,1,0,Goodware,goodware:Goodware
2024-10-18 22:15:00,End-user\C:\Windows\SysWOW64\msiexec.exe,,1,0,0,0,0,0,0,0,0,0,1,0,Goodware,goodware:Goodware
2024-10-18 22:15:00,End-user\C:\Users\End-user\AppData\Local\Programs\Python\Python313\python.exe,,3,420,0,0,0,1,40,0,0,0,467,0,Goodware,goodware:Goodware
2024-10-18 22:15:00,-\C:\Users\End-user\AppData\Local\Programs\Python\Python313\python.exe,,0,0,0,0,0,0,0,0,0,0,1,0,Goodware,goodware:Goodware
2024-10-18 22:15:00,NETWORK SERVICE\C:\Windows\System32\wbem\WmiPrvSE.exe,,1,0,0,0,0,0,1,0,0,0,2,0,Goodware,goodware:Goodware
2024-10-18 22:15:00,-\C:\Windows\System32\WindowsPowerShell\v1.0\powershell.exe,,0,0,0,0,0,0,0,0,0,0,1,0,Goodware,goodware:Goodware
2024-10-18 22:15:00,-\C:\Windows\system32\csrss.exe,,0,0,0,0,0,0,0,0,0,0,3,0,Goodware,goodware:Goodware
2024-10-18 22:15:00,-\C:\Windows\system32\svchost.exe,,0,0,0,0,0,0,0,0,0,0,10,0,Goodware,goodware:Goodware
2024-10-18 22:15:00,-\C:\Program Files\WindowsApps\Microsoft.WindowsTerminal_1.20.11781.0_x64__8wekyb3d8bbwe\OpenConsole.exe,,0,0,0,0,0,0,0,0,0,0,1,0,Goodware,goodware:Goodware
2024-10-18 22:15:00,-\C:\Windows\System32\svchost.exe,,0,0,0,0,0,0,0,0,0,0,1,0,Goodware,goodware:Goodware
2024-10-18 22:15:00,End-user\C:\Program Files\WindowsApps\Microsoft.DesktopAppInstaller_1.23.1911.0_x64__8wekyb3d8bbwe\AppInstallerPythonRedirector.exe,,0,3,0,0,0,0,1,0,0,0,4,0,Goodware,goodware:Goodware
2024-10-18 22:15:00,-\C:\Windows\system32\lsass.exe,,0,0,0,0,0,0,0,0,0,0,1,0,Goodware,goodware:Goodware
2024-10-18 22:15:00,End-user\C:\Windows\system32\DllHost.exe,,0,3,0,0,0,0,0,0,0,0,3,0,Goodware,goodware:Goodware
2024-10-18 22:15:00,End-user\C:\Program Files\WindowsApps\Microsoft.WindowsStore_22409.1401.5.0_x64__8wekyb3d8bbwe\WinStore.App.exe,,0,0,0,0,0,3,2,0,0,0,5,0,Goodware,goodware:Goodware
2024-10-18 22:15:00,-\C:\Windows\Sysmon.exe,,0,0,0,0,0,0,0,0,0,0,2,0,Goodware,goodware:Goodware
2024-10-18 22:15:00,End-user\C:\Windows\System32\RuntimeBroker.exe,,0,0,0,0,0,1,2,0,0,0,3,0,Goodware,goodware:Goodware
2024-10-18 22:15:00,SYSTEM\C:\Windows\system32\svchost.exe,,0,4,1,0,0,6,0,0,0,0,11,0,Goodware,goodware:Goodware
2024-10-18 22:15:00,End-user\C:\Program Files\WindowsApps\Microsoft.WindowsStore_22409.1401.5.0_x64__8wekyb3d8bbwe\WinStore.DesktopExtension\StoreDesktopExtension.exe,,0,0,0,0,0,1,5,0,0,0,6,0,Goodware,goodware:Goodware
2024-10-18 22:15:00,SYSTEM\C:\Windows\System32\svchost.exe,,0,1,0,0,0,0,2,0,0,0,3,0,Goodware,goodware:Goodware
2024-10-18 22:15:00,-\C:\Windows\system32\sihost.exe,,0,0,0,0,0,0,0,0,0,0,1,0,Goodware,goodware:Goodware
2024-10-18 22:15:00,End-user\C:\Windows\system32\sihost.exe,,0,0,0,0,0,0,0,0,0,0,7,0,Goodware,goodware:Goodware
2024-10-18 22:15:00,End-user\C:\Program Files\WindowsApps\Microsoft.WindowsTerminal_1.20.11781.0_x64__8wekyb3d8bbwe\WindowsTerminal.exe,,0,0,0,0,0,2,6,0,0,0,8,0,Goodware,goodware:Goodware
2024-10-18 22:15:00,End-user\C:\Windows\system32\cmd.exe,,0,0,0,0,0,1,0,0,0,0,1,0,Goodware,goodware:Goodware
2024-10-18 22:15:00,End-user\C:\Windows\System32\WindowsPowerShell\v1.0\powershell.exe,,0,1,0,0,0,1,0,0,0,0,2,0,Goodware,goodware:Goodware
2024-10-18 22:15:00,End-user\C:\Program Files\WindowsApps\Microsoft.WindowsTerminal_1.20.11781.0_x64__8wekyb3d8bbwe\OpenConsole.exe,,0,0,0,0,0,2,2,0,0,0,4,0,Goodware,goodware:Goodware
2024-10-18 22:15:00,End-user\C:\Windows\SystemApps\MicrosoftWindows.Client.CBS_cw5n1h2txyewy\SearchHost.exe,,0,0,11,0,0,0,0,0,0,0,12,0,Goodware,goodware:Goodware
2024-10-18 22:15:00,End-user\C:\Windows\System32\conhost.exe,,0,0,0,0,0,0,2,0,0,0,2,0,Goodware,goodware:Goodware
2024-10-18 22:15:00,End-user\C:\Windows\Explorer.EXE,,0,0,0,0,0,1,0,0,0,0,1,0,Goodware,goodware:Goodware
2024-10-18 22:15:00,End-user\C:\Windows\System32\cmd.exe,,1,0,0,0,0,0,0,0,0,0,1,0,Goodware,goodware:Goodware
2024-10-18 22:15:00,End-user\<unknown process>,,0,0,0,0,0,0,0,0,0,0,2,0,Goodware,goodware:Goodware
2024-10-18 22:15:00,End-user\C:\Windows\System32\curl.exe,,4,0,0,0,0,0,0,0,0,0,4,0,Goodware,goodware:Goodware
2024-10-18 22:15:00,End-user\C:\Program Files\WindowsApps\Microsoft.ScreenSketch_11.2407.3.0_x64__8wekyb3d8bbwe\SnippingTool\SnippingTool.exe,,1,0,0,0,0,0,1,0,0,0,2,0,Goodware,goodware:Goodware
2024-10-18 22:15:00,End-user\C:\Windows\System32\svchost.exe,,1,0,0,0,0,0,0,0,0,0,1,0,Goodware,goodware:Goodware
2024-10-18 22:15:00,SYSTEM\C:\Program Files (x86)\Microsoft\EdgeUpdate\MicrosoftEdgeUpdate.exe,,1,0,0,0,0,0,1,0,0,0,2,0,Goodware,goodware:Goodware
2024-10-18 22:20:00,-\C:\Program Files\NordVPN\nordvpn-service.exe,,0,0,0,0,0,0,0,0,0,0,56,0,Goodware,goodware:Goodware
2024-10-18 22:20:00,End-user\<unknown process>,,0,0,0,0,0,0,0,0,0,0,1,0,Goodware,goodware:Goodware
2024-10-18 22:20:00,-\C:\Program Files\NordUpdater\NordUpdateService.exe,,0,0,0,0,0,0,0,0,0,0,2,0,Goodware,goodware:Goodware
2024-10-18 22:20:00,End-user\C:\Program Files\NordVPN\NordVPN.exe,,0,0,1,0,0,0,0,0,0,0,1,0,Goodware,goodware:Goodware
2024-10-18 22:20:00,End-user\C:\Windows\System32\curl.exe,,1,0,0,0,0,0,0,0,0,0,1,0,Goodware,goodware:Goodware
2024-10-18 22:20:00,End-user\C:\Windows\system32\curl.exe,,0,1,0,0,0,0,0,0,0,0,1,0,Goodware,goodware:Goodware
2024-10-18 22:20:00,End-user\C:\Windows\explorer.exe,,0,0,0,0,0,0,1,0,0,0,1,0,Goodware,goodware:Goodware
2024-10-18 22:20:00,SYSTEM\C:\Windows\system32\svchost.exe,,0,4693,0,0,0,13,0,0,0,0,4706,0,Goodware,goodware:Goodware
2024-10-18 22:20:00,End-user\C:\Windows\system32\DllHost.exe,,0,0,0,0,0,4,0,0,0,0,4,0,Goodware,goodware:Goodware
2024-10-18 22:20:00,End-user\C:\Windows\System32\RuntimeBroker.exe,,0,0,0,0,0,1,2,0,0,0,3,0,Goodware,goodware:Goodware
2024-10-18 22:20:00,End-user\C:\Windows\system32\sihost.exe,,0,0,0,0,0,0,0,0,0,0,10,0,Goodware,goodware:Goodware
2024-10-18 22:20:00,End-user\C:\Windows\SystemApps\MicrosoftWindows.Client.CBS_cw5n1h2txyewy\SearchHost.exe,,0,0,11,0,0,0,0,0,0,0,13,0,Goodware,goodware:Goodware
2024-10-18 22:20:00,End-user\C:\Windows\system32\svchost.exe,,0,0,0,0,0,0,0,0,0,0,1,0,Goodware,goodware:Goodware
2024-10-18 22:20:00,End-user\C:\Users\End-user\AppData\Local\Programs\Python\Python313\python.exe,,2,420,9,0,3,2,33,0,0,0,474,0,Goodware,goodware:Goodware
2024-10-18 22:20:00,End-user\C:\Windows\system32\cmd.exe,,0,0,0,0,0,3,0,0,0,0,3,0,Goodware,goodware:Goodware
2024-10-18 22:20:00,NETWORK SERVICE\C:\Windows\System32\wbem\WmiPrvSE.exe,,1,0,0,0,0,0,1,0,0,0,2,0,Goodware,goodware:Goodware
2024-10-18 22:20:00,End-user\C:\Program Files\BraveSoftware\Brave-Browser\Application\brave.exe,,0,0,0,0,0,6,0,0,0,0,6,0,Goodware,goodware:Goodware
2024-10-18 22:20:00,End-user\C:\Program Files\WindowsApps\MSTeams_24257.205.3165.2029_x64__8wekyb3d8bbwe\ms-teamsupdate.exe,,0,0,0,0,0,1,1,0,0,0,2,0,Goodware,goodware:Goodware
2024-10-18 22:20:00,End-user\C:\Program Files\WindowsApps\Microsoft.WindowsTerminal_1.20.11781.0_x64__8wekyb3d8bbwe\WindowsTerminal.exe,,0,0,0,0,0,1,3,0,0,0,4,0,Goodware,goodware:Goodware
2024-10-18 22:20:00,End-user\C:\Program Files\WindowsApps\Microsoft.WindowsTerminal_1.20.11781.0_x64__8wekyb3d8bbwe\OpenConsole.exe,,0,0,0,0,0,1,1,0,0,0,2,0,Goodware,goodware:Goodware
2024-10-18 22:20:00,End-user\C:\Windows\Explorer.EXE,,0,0,0,0,0,1,0,0,0,0,1,0,Goodware,goodware:Goodware
2024-10-18 22:20:00,End-user\C:\Windows\System32\cmd.exe,,1,0,0,0,0,0,0,0,0,0,1,0,Goodware,goodware:Goodware
2024-10-18 22:20:00,End-user\C:\Windows\System32\conhost.exe,,0,0,0,0,0,0,1,0,0,0,1,0,Goodware,goodware:Goodware
2024-10-18 22:20:00,-\C:\Windows\system32\cmd.exe,,0,0,0,0,0,0,0,0,0,0,2,0,Goodware,goodware:Goodware
2024-10-18 22:20:00,-\C:\Windows\system32\csrss.exe,,0,0,0,0,0,0,0,0,0,0,6,0,Goodware,goodware:Goodware
2024-10-18 22:20:00,-\C:\Windows\system32\svchost.exe,,0,0,0,0,0,0,0,0,0,0,17,0,Goodware,goodware:Goodware
2024-10-18 22:20:00,-\C:\Program Files\WindowsApps\Microsoft.WindowsTerminal_1.20.11781.0_x64__8wekyb3d8bbwe\OpenConsole.exe,,0,0,0,0,0,0,0,0,0,0,2,0,Goodware,goodware:Goodware
2024-10-18 22:20:00,-\C:\Windows\System32\svchost.exe,,0,0,0,0,0,0,0,0,0,0,3,0,Goodware,goodware:Goodware
2024-10-18 22:20:00,End-user\C:\Program Files\WindowsApps\Microsoft.DesktopAppInstaller_1.23.1911.0_x64__8wekyb3d8bbwe\AppInstallerPythonRedirector.exe,,0,2,0,0,0,0,2,0,0,0,4,0,Goodware,goodware:Goodware
2024-10-18 22:20:00,-\C:\Windows\system32\lsass.exe,,0,0,0,0,0,0,0,0,0,0,3,0,Goodware,goodware:Goodware
2024-10-18 22:20:00,End-user\C:\Program Files\WindowsApps\Microsoft.WindowsStore_22409.1401.5.0_x64__8wekyb3d8bbwe\WinStore.App.exe,,0,0,0,0,0,1,4,0,0,0,6,0,Goodware,goodware:Goodware
2024-10-18 22:20:00,End-user\C:\Program Files\WindowsApps\Microsoft.WindowsStore_22409.1401.5.0_x64__8wekyb3d8bbwe\WinStore.DesktopExtension\StoreDesktopExtension.exe,,0,0,0,0,0,0,5,0,0,0,5,0,Goodware,goodware:Goodware
2024-10-18 22:20:00,-\C:\Windows\system32\sihost.exe,,0,0,0,0,0,0,0,0,0,0,1,0,Goodware,goodware:Goodware
2024-10-18 22:20:00,SYSTEM\C:\Windows\System32\svchost.exe,,0,83,0,0,0,0,4,0,0,0,87,0,Goodware,goodware:Goodware
2024-10-18 22:20:00,NETWORK SERVICE\C:\Windows\System32\svchost.exe,,0,3,0,0,6,0,0,0,0,0,9,0,Goodware,goodware:Goodware
2024-10-18 22:20:00,SYSTEM\System,,0,3,0,0,0,0,0,0,0,0,3,0,Goodware,goodware:Goodware
2024-10-18 22:20:00,End-user\C:\Program Files\WindowsApps\Microsoft.DesktopAppInstaller_1.23.1911.0_x64__8wekyb3d8bbwe\WindowsPackageManagerServer.exe,,0,8,0,0,0,0,1,0,0,0,9,0,Goodware,goodware:Goodware
2024-10-18 22:20:00,-\C:\Windows\Sysmon.exe,,0,0,0,0,0,0,0,0,0,0,2,0,Goodware,goodware:Goodware
2024-10-18 22:20:00,LOCAL SERVICE\C:\Windows\System32\wbem\WmiPrvSE.exe,,1,0,0,0,0,0,1,0,0,0,2,0,Goodware,goodware:Goodware
2024-10-18 22:25:00,SYSTEM\C:\Windows\System32\svchost.exe,,0,9,0,0,0,0,0,0,0,0,9,0,Goodware,goodware:Goodware
2024-10-18 22:25:00,SYSTEM\C:\Windows\system32\svchost.exe,,0,32,3,0,0,4,0,0,0,0,39,0,Goodware,goodware:Goodware
2024-10-18 22:25:00,LOCAL SERVICE\C:\Windows\system32\svchost.exe,,0,0,0,0,0,4,0,0,0,0,4,0,Goodware,goodware:Goodware
2024-10-18 22:25:00,-\C:\Program Files\NordVPN\nordvpn-service.exe,,0,0,0,0,0,0,0,0,0,0,58,0,Goodware,goodware:Goodware
2024-10-18 22:25:00,End-user\C:\Program Files\NordVPN\NordVPN.exe,,0,0,1,0,0,0,0,0,0,0,1,0,Goodware,goodware:Goodware
2024-10-18 22:25:00,End-user\C:\Program Files\WindowsApps\PythonSoftwareFoundation.Python.3.12_3.12.2032.0_x64__qbz5n2kfra8p0\pip3.12.exe,,0,328,0,0,0,0,4,0,0,0,335,0,Goodware,goodware:Goodware
2024-10-18 22:25:00,End-user\C:\Program Files\WindowsApps\Microsoft.WindowsStore_22409.1401.5.0_x64__8wekyb3d8bbwe\WinStore.DesktopExtension\StoreDesktopExtension.exe,,0,0,0,0,0,1,0,0,0,0,1,0,Goodware,goodware:Goodware
2024-10-18 22:25:00,End-user\C:\Program Files\WindowsApps\Microsoft.WindowsStore_22409.1401.5.0_x64__8wekyb3d8bbwe\WinStore.App.exe,,0,0,0,0,0,1,0,0,0,0,1,0,Goodware,goodware:Goodware
2024-10-18 22:25:00,End-user\C:\Users\End-user\AppData\Local\Microsoft\OneDrive\24.186.0915.0004\FileCoAuth.exe,,1,0,0,0,0,0,16,0,0,0,17,0,Goodware,goodware:Goodware
2024-10-18 22:25:00,-\C:\Users\End-user\AppData\Local\Microsoft\OneDrive\OneDrive.exe,,0,0,0,0,0,0,0,0,0,0,1,0,Goodware,goodware:Goodware
2024-10-18 22:25:00,End-user\C:\Windows\SystemApps\MicrosoftWindows.Client.CBS_cw5n1h2txyewy\SearchHost.exe,,0,0,9,0,0,0,0,0,0,0,10,0,Goodware,goodware:Goodware
2024-10-18 22:25:00,End-user\C:\Windows\system32\sihost.exe,,0,0,0,0,0,0,0,0,0,0,6,0,Goodware,goodware:Goodware
2024-10-18 22:25:00,End-user\C:\Windows\system32\DllHost.exe,,0,0,0,0,0,1,0,0,0,0,1,0,Goodware,goodware:Goodware
2024-10-18 22:25:00,End-user\C:\Windows\System32\RuntimeBroker.exe,,0,0,0,0,0,1,0,0,0,0,1,0,Goodware,goodware:Goodware
2024-10-18 22:25:00,End-user\C:\Windows\Explorer.EXE,,0,0,0,0,0,2,0,0,0,0,2,0,Goodware,goodware:Goodware
2024-10-18 22:25:00,-\C:\Windows\Explorer.EXE,,0,0,0,0,0,0,0,0,0,0,152,0,Goodware,goodware:Goodware
2024-10-18 22:25:00,End-user\C:\Users\End-user\Desktop\goodware\gVimPortable\gVimPortable.exe,,1,2,2,0,0,2,3,0,0,0,13,0,Goodware,goodware:Goodware
2024-10-18 22:25:00,-\C:\Windows\system32\csrss.exe,,0,0,0,0,0,0,0,0,0,0,2,0,Goodware,goodware:Goodware
2024-10-18 22:25:00,-\C:\Windows\system32\svchost.exe,,0,0,0,0,0,0,0,0,0,0,12,0,Goodware,goodware:Goodware
2024-10-18 22:25:00,-\C:\Windows\System32\svchost.exe,,0,0,0,0,0,0,0,0,0,0,2,0,Goodware,goodware:Goodware
2024-10-18 22:25:00,-\C:\Windows\system32\lsass.exe,,0,0,0,0,0,0,0,0,0,0,2,0,Goodware,goodware:Goodware
2024-10-18 22:25:00,End-user\C:\Users\End-user\Desktop\goodware\gVimPortable\App\vim\gvim.exe,,1,7,0,0,0,1,2,0,0,0,12,0,Goodware,goodware:Goodware
2024-10-18 22:25:00,-\C:\Users\End-user\Desktop\goodware\gVimPortable\gVimPortable.exe,,0,0,0,0,0,0,0,0,0,0,1,0,Goodware,goodware:Goodware
2024-10-18 22:25:00,End-user\C:\Program Files\BraveSoftware\Brave-Browser\Application\brave.exe,,0,0,0,0,0,1,0,0,0,0,1,0,Goodware,goodware:Goodware
2024-10-18 22:25:00,End-user\C:\Windows\System32\DataExchangeHost.exe,,0,0,0,0,0,1,0,0,0,0,1,0,Goodware,goodware:Goodware
2024-10-18 22:25:00,End-user\C:\Windows\System32\cmd.exe,,1,0,0,0,0,0,0,0,0,0,1,0,Goodware,goodware:Goodware
2024-10-18 22:25:00,End-user\C:\Program Files\WindowsApps\Microsoft.WindowsTerminal_1.20.11781.0_x64__8wekyb3d8bbwe\OpenConsole.exe,,0,0,0,0,0,1,1,0,0,0,2,0,Goodware,goodware:Goodware
2024-10-18 22:25:00,End-user\C:\Windows\System32\conhost.exe,,0,0,0,0,0,0,1,0,0,0,1,0,Goodware,goodware:Goodware
2024-10-18 22:25:00,End-user\C:\Program Files\WindowsApps\Microsoft.WindowsTerminal_1.20.11781.0_x64__8wekyb3d8bbwe\WindowsTerminal.exe,,0,0,0,0,0,1,2,0,0,0,3,0,Goodware,goodware:Goodware
2024-10-18 22:25:00,End-user\C:\Windows\system32\cmd.exe,,0,0,0,0,0,1,0,0,0,0,1,0,Goodware,goodware:Goodware
2024-10-18 22:30:00,-\C:\Program Files\NordVPN\nordvpn-service.exe,,0,0,0,0,0,0,0,0,0,0,58,0,Goodware,goodware:Goodware
2024-10-18 22:30:00,-\C:\Program Files\NordUpdater\NordUpdateService.exe,,0,0,0,0,0,0,0,0,0,0,2,0,Goodware,goodware:Goodware
2024-10-18 22:30:00,End-user\C:\Program Files\NordVPN\NordVPN.exe,,0,0,1,0,0,0,0,0,0,0,1,0,Goodware,goodware:Goodware
2024-10-18 22:30:00,End-user\C:\Program Files\WindowsApps\Microsoft.WindowsTerminal_1.20.11781.0_x64__8wekyb3d8bbwe\WindowsTerminal.exe,,0,0,0,0,0,1,3,0,0,0,4,0,Goodware,goodware:Goodware
2024-10-18 22:30:00,End-user\C:\Windows\system32\cmd.exe,,0,0,0,0,0,1,0,0,0,0,1,0,Goodware,goodware:Goodware
2024-10-18 22:30:00,End-user\C:\Program Files\WindowsApps\Microsoft.WindowsTerminal_1.20.11781.0_x64__8wekyb3d8bbwe\OpenConsole.exe,,0,0,0,0,0,1,1,0,0,0,2,0,Goodware,goodware:Goodware
2024-10-18 22:30:00,End-user\C:\Windows\SystemApps\MicrosoftWindows.Client.CBS_cw5n1h2txyewy\SearchHost.exe,,0,0,11,0,0,0,0,0,0,0,11,0,Goodware,goodware:Goodware
2024-10-18 22:30:00,End-user\C:\Windows\system32\sihost.exe,,0,0,0,0,0,0,0,0,0,0,4,0,Goodware,goodware:Goodware
2024-10-18 22:30:00,End-user\C:\Windows\Explorer.EXE,,0,0,0,0,0,1,0,0,0,0,1,0,Goodware,goodware:Goodware
2024-10-18 22:30:00,End-user\C:\Windows\System32\cmd.exe,,1,0,0,0,0,0,0,0,0,0,1,0,Goodware,goodware:Goodware
2024-10-18 22:30:00,SYSTEM\C:\Windows\system32\svchost.exe,,0,1,1,0,0,4,0,0,0,0,6,0,Goodware,goodware:Goodware
2024-10-18 22:30:00,End-user\C:\Windows\System32\conhost.exe,,0,0,0,0,0,0,1,0,0,0,1,0,Goodware,goodware:Goodware
2024-10-18 22:30:00,End-user\C:\Program Files\WindowsApps\PythonSoftwareFoundation.Python.3.12_3.12.2032.0_x64__qbz5n2kfra8p0\pip3.12.exe,,0,0,0,0,0,0,8,0,0,0,8,0,Goodware,goodware:Goodware
2024-10-18 22:30:00,NETWORK SERVICE\C:\Windows\System32\wbem\WmiPrvSE.exe,,1,0,0,0,0,0,1,0,0,0,2,0,Goodware,goodware:Goodware
2024-10-18 22:30:00,User\C:\Program Files\WindowsApps\MicrosoftWindows.Client.WebExperience_524.24900.130.0_x64__cw5n1h2txyewy\Dashboard\Widgets.exe,,0,0,0,0,0,1,0,0,0,0,1,0,Goodware,goodware:Goodware
2024-10-18 22:30:00,SYSTEM\C:\Windows\System32\LogonUI.exe,,0,0,0,0,0,0,1,0,0,0,1,0,Goodware,goodware:Goodware
2024-10-14 22:15:00,WINDEV2407EVAL\End-user,,34,191,26,0,0,26,41,0,0,0,415,1,Akira,ran:Akira:Akira-0c662d28268514fabc7129fd14d6e3e9d7df29261a861bcf8aab1f318bb8e7d0
2024-10-14 22:15:00,-\-,,0,0,0,0,0,0,0,0,0,0,18,1,Akira,ran:Akira:Akira-0c662d28268514fabc7129fd14d6e3e9d7df29261a861bcf8aab1f318bb8e7d0
2024-10-14 22:15:00,NT AUTHORITY\NETWORK SERVICE,,1,2,0,0,0,1,2,0,0,0,6,1,Akira,ran:Akira:Akira-0c662d28268514fabc7129fd14d6e3e9d7df29261a861bcf8aab1f318bb8e7d0
2024-10-14 22:15:00,NT AUTHORITY\SYSTEM,,3,28,0,0,0,51,7,0,0,0,90,1,Akira,ran:Akira:Akira-0c662d28268514fabc7129fd14d6e3e9d7df29261a861bcf8aab1f318bb8e7d0
2024-10-14 22:15:00,WINDEV2407EVAL\User,,10,0,4,0,0,17,15,0,0,0,69,1,Akira,ran:Akira:Akira-0c662d28268514fabc7129fd14d6e3e9d7df29261a861bcf8aab1f318bb8e7d0
2024-10-14 22:15:00,NT AUTHORITY\LOCAL SERVICE,,2,0,0,0,0,14,0,0,0,0,16,1,Akira,ran:Akira:Akira-0c662d28268514fabc7129fd14d6e3e9d7df29261a861bcf8aab1f318bb8e7d0
2024-10-14 22:20:00,WINDEV2407EVAL\User,,0,0,0,0,0,2,1,0,0,0,3,1,Akira,ran:Akira:Akira-0c662d28268514fabc7129fd14d6e3e9d7df29261a861bcf8aab1f318bb8e7d0
2024-10-14 22:20:00,NT AUTHORITY\SYSTEM,,0,0,0,0,0,1,0,0,0,0,1,1,Akira,ran:Akira:Akira-0c662d28268514fabc7129fd14d6e3e9d7df29261a861bcf8aab1f318bb8e7d0
2024-10-14 22:20:00,WINDEV2407EVAL\End-user,,1,0,0,0,0,0,0,0,0,0,2,1,Akira,ran:Akira:Akira-0c662d28268514fabc7129fd14d6e3e9d7df29261a861bcf8aab1f318bb8e7d0
2024-10-14 22:20:00,WINDEV2407EVAL\End-user,,2,4,1,0,0,8,12,0,0,0,28,1,Akira,ran:Akira:Akira-1ec34305e593c27bb95d538d45b6a17433e71fa1c1877ce78bf2dbda6839f218
2024-10-14 22:20:00,-\-,,0,0,0,0,0,0,0,0,0,0,6,1,Akira,ran:Akira:Akira-1ec34305e593c27bb95d538d45b6a17433e71fa1c1877ce78bf2dbda6839f218
2024-10-14 22:20:00,NT AUTHORITY\NETWORK SERVICE,,0,0,0,0,0,1,0,0,0,0,1,1,Akira,ran:Akira:Akira-1ec34305e593c27bb95d538d45b6a17433e71fa1c1877ce78bf2dbda6839f218
2024-10-14 22:20:00,WINDEV2407EVAL\User,,0,0,0,0,0,4,0,0,0,0,4,1,Akira,ran:Akira:Akira-1ec34305e593c27bb95d538d45b6a17433e71fa1c1877ce78bf2dbda6839f218
2024-10-14 22:25:00,WINDEV2407EVAL\End-user,,38,188,23,0,0,16,34,0,0,0,457,1,Akira,ran:Akira:Akira-1ec34305e593c27bb95d538d45b6a17433e71fa1c1877ce78bf2dbda6839f218
2024-10-14 22:25:00,NT AUTHORITY\SYSTEM,,7,121,93,0,0,50,22,0,0,0,293,1,Akira,ran:Akira:Akira-1ec34305e593c27bb95d538d45b6a17433e71fa1c1877ce78bf2dbda6839f218
2024-10-14 22:25:00,NT AUTHORITY\NETWORK SERVICE,,0,7,0,0,0,0,6,0,0,0,13,1,Akira,ran:Akira:Akira-1ec34305e593c27bb95d538d45b6a17433e71fa1c1877ce78bf2dbda6839f218
2024-10-14 22:25:00,-\-,,0,0,0,0,0,0,0,0,0,0,13,1,Akira,ran:Akira:Akira-1ec34305e593c27bb95d538d45b6a17433e71fa1c1877ce78bf2dbda6839f218
2024-10-14 22:25:00,WINDEV2407EVAL\User,,12,0,4,0,0,18,12,0,0,0,68,1,Akira,ran:Akira:Akira-1ec34305e593c27bb95d538d45b6a17433e71fa1c1877ce78bf2dbda6839f218
2024-10-14 22:25:00,NT AUTHORITY\LOCAL SERVICE,,1,0,0,0,0,199,0,0,0,0,200,1,Akira,ran:Akira:Akira-1ec34305e593c27bb95d538d45b6a17433e71fa1c1877ce78bf2dbda6839f218
2024-10-15 11:55:00,WINDEV2407EVAL\End-user,,67,244,312,97,4,132,107,0,97,0,1037,1,Akira,ran:Akira:Akira-4102ee321317c71841798078072a6c13b6a4890bbee7aa9c31f6ac7d0d4afaef
2024-10-15 11:55:00,-\-,,0,0,0,0,0,0,0,0,0,0,72,1,Akira,ran:Akira:Akira-4102ee321317c71841798078072a6c13b6a4890bbee7aa9c31f6ac7d0d4afaef
2024-10-15 11:55:00,NT AUTHORITY\NETWORK SERVICE,,1,12,0,0,0,1,6,0,0,0,20,1,Akira,ran:Akira:Akira-4102ee321317c71841798078072a6c13b6a4890bbee7aa9c31f6ac7d0d4afaef
2024-10-15 11:55:00,NT AUTHORITY\SYSTEM,,8,49,1,0,0,47,23,0,0,0,131,1,Akira,ran:Akira:Akira-4102ee321317c71841798078072a6c13b6a4890bbee7aa9c31f6ac7d0d4afaef
2024-10-15 11:55:00,NT AUTHORITY\LOCAL SERVICE,,3,0,0,0,0,14,2,0,0,0,19,1,Akira,ran:Akira:Akira-4102ee321317c71841798078072a6c13b6a4890bbee7aa9c31f6ac7d0d4afaef
2024-10-15 11:55:00,WINDEV2407EVAL\User,,2,0,0,0,0,0,6,0,0,0,9,1,Akira,ran:Akira:Akira-4102ee321317c71841798078072a6c13b6a4890bbee7aa9c31f6ac7d0d4afaef
2024-10-15 12:00:00,NT AUTHORITY\SYSTEM,,6,102,44,0,0,25,24,0,0,0,203,1,Akira,ran:Akira:Akira-4102ee321317c71841798078072a6c13b6a4890bbee7aa9c31f6ac7d0d4afaef
2024-10-15 12:00:00,NT AUTHORITY\NETWORK SERVICE,,0,4,0,0,0,0,1,0,0,0,6,1,Akira,ran:Akira:Akira-4102ee321317c71841798078072a6c13b6a4890bbee7aa9c31f6ac7d0d4afaef
2024-10-15 12:00:00,NT AUTHORITY\LOCAL SERVICE,,0,0,0,0,0,152,0,0,0,0,152,1,Akira,ran:Akira:Akira-4102ee321317c71841798078072a6c13b6a4890bbee7aa9c31f6ac7d0d4afaef
2024-10-15 12:00:00,WINDEV2407EVAL\User,,0,0,0,0,0,0,2,0,0,0,3,1,Akira,ran:Akira:Akira-4102ee321317c71841798078072a6c13b6a4890bbee7aa9c31f6ac7d0d4afaef
2024-10-15 12:00:00,WINDEV2407EVAL\End-user,,1,0,0,0,0,0,2,0,0,0,6,1,Akira,ran:Akira:Akira-4102ee321317c71841798078072a6c13b6a4890bbee7aa9c31f6ac7d0d4afaef
2024-11-05 19:40:00,WINDEV2407EVAL\End-user,,13,39,178,0,3,16,33,0,0,0,310,1,Akira,ran:Akira:Akira-566ef5484da0a93c87dd0cb0a950a7cff4ab013175289cd5fccf9dd7ea430739
2024-11-05 19:40:00,-\-,,0,0,0,0,0,0,0,0,0,0,9,1,Akira,ran:Akira:Akira-566ef5484da0a93c87dd0cb0a950a7cff4ab013175289cd5fccf9dd7ea430739
2024-11-05 19:40:00,NT AUTHORITY\NETWORK SERVICE,,0,5,0,0,0,1,0,0,0,0,6,1,Akira,ran:Akira:Akira-566ef5484da0a93c87dd0cb0a950a7cff4ab013175289cd5fccf9dd7ea430739
2024-11-05 19:40:00,NT AUTHORITY\SYSTEM,,0,2990,3,0,0,10,3,0,0,0,3007,1,Akira,ran:Akira:Akira-566ef5484da0a93c87dd0cb0a950a7cff4ab013175289cd5fccf9dd7ea430739
2024-11-05 19:45:00,WINDEV2407EVAL\End-user,,17,115,11,0,0,1,43,0,0,0,249,1,Akira,ran:Akira:Akira-566ef5484da0a93c87dd0cb0a950a7cff4ab013175289cd5fccf9dd7ea430739
2024-11-05 19:45:00,-\-,,0,0,0,0,0,0,0,0,0,0,3,1,Akira,ran:Akira:Akira-566ef5484da0a93c87dd0cb0a950a7cff4ab013175289cd5fccf9dd7ea430739
2024-11-05 19:45:00,NT AUTHORITY\SYSTEM,,9,69,109,0,0,46,19,0,0,0,255,1,Akira,ran:Akira:Akira-566ef5484da0a93c87dd0cb0a950a7cff4ab013175289cd5fccf9dd7ea430739
2024-11-05 19:45:00,NT AUTHORITY\LOCAL SERVICE,,3,0,0,0,0,14,0,0,0,0,17,1,Akira,ran:Akira:Akira-566ef5484da0a93c87dd0cb0a950a7cff4ab013175289cd5fccf9dd7ea430739
2024-11-05 19:45:00,NT AUTHORITY\NETWORK SERVICE,,2,1,0,0,0,0,7,0,0,0,10,1,Akira,ran:Akira:Akira-566ef5484da0a93c87dd0cb0a950a7cff4ab013175289cd5fccf9dd7ea430739
2024-10-14 21:50:00,WINDEV2407EVAL\End-user,,28,194,23,0,0,18,37,0,0,0,370,1,Akira,ran:Akira:Akira-58e685695afc3a85d2632777a2b54967dc53d6a6fa1b7e2c110b2023b561bfe9
2024-10-14 21:50:00,-\-,,0,0,0,0,0,0,0,0,0,0,13,1,Akira,ran:Akira:Akira-58e685695afc3a85d2632777a2b54967dc53d6a6fa1b7e2c110b2023b561bfe9
2024-10-14 21:50:00,NT AUTHORITY\NETWORK SERVICE,,1,1,0,0,0,1,1,0,0,0,4,1,Akira,ran:Akira:Akira-58e685695afc3a85d2632777a2b54967dc53d6a6fa1b7e2c110b2023b561bfe9
2024-10-14 21:50:00,WINDEV2407EVAL\User,,11,0,4,0,0,15,8,0,0,0,58,1,Akira,ran:Akira:Akira-58e685695afc3a85d2632777a2b54967dc53d6a6fa1b7e2c110b2023b561bfe9
2024-10-14 21:50:00,NT AUTHORITY\SYSTEM,,2,27,0,0,0,25,5,0,0,0,60,1,Akira,ran:Akira:Akira-58e685695afc3a85d2632777a2b54967dc53d6a6fa1b7e2c110b2023b561bfe9
2024-10-14 21:50:00,NT AUTHORITY\LOCAL SERVICE,,3,0,0,0,0,14,0,0,0,0,17,1,Akira,ran:Akira:Akira-58e685695afc3a85d2632777a2b54967dc53d6a6fa1b7e2c110b2023b561bfe9
2024-10-14 21:55:00,WINDEV2407EVAL\End-user,,7,0,3,0,0,8,4,0,0,0,40,1,Akira,ran:Akira:Akira-58e685695afc3a85d2632777a2b54967dc53d6a6fa1b7e2c110b2023b561bfe9
2024-10-14 21:55:00,-\-,,0,0,0,0,0,0,0,0,0,0,3,1,Akira,ran:Akira:Akira-58e685695afc3a85d2632777a2b54967dc53d6a6fa1b7e2c110b2023b561bfe9
2024-10-14 21:55:00,WINDEV2407EVAL\User,,0,0,0,0,0,3,4,0,0,0,8,1,Akira,ran:Akira:Akira-58e685695afc3a85d2632777a2b54967dc53d6a6fa1b7e2c110b2023b561bfe9
2024-10-14 21:55:00,NT AUTHORITY\SYSTEM,,0,1,0,0,0,20,1,0,0,0,22,1,Akira,ran:Akira:Akira-58e685695afc3a85d2632777a2b54967dc53d6a6fa1b7e2c110b2023b561bfe9
2024-10-14 21:55:00,NT AUTHORITY\NETWORK SERVICE,,1,0,0,0,0,0,1,0,0,0,2,1,Akira,ran:Akira:Akira-58e685695afc3a85d2632777a2b54967dc53d6a6fa1b7e2c110b2023b561bfe9
2024-10-15 13:35:00,WINDEV2407EVAL\End-user,,59,198,26,0,0,104,35,0,0,0,543,1,Akira,ran:Akira:Akira-77068c6cfaf8b107443522757149d75400248c598f72a2dba35b1dac4639f043
2024-10-15 13:35:00,-\-,,0,0,0,0,0,0,0,0,0,0,20,1,Akira,ran:Akira:Akira-77068c6cfaf8b107443522757149d75400248c598f72a2dba35b1dac4639f043
2024-10-15 13:35:00,NT AUTHORITY\NETWORK SERVICE,,2,3,0,0,0,1,4,0,0,0,11,1,Akira,ran:Akira:Akira-77068c6cfaf8b107443522757149d75400248c598f72a2dba35b1dac4639f043
2024-10-15 13:35:00,NT AUTHORITY\SYSTEM,,3,16,4082,0,0,36,20,0,0,0,4160,1,Akira,ran:Akira:Akira-77068c6cfaf8b107443522757149d75400248c598f72a2dba35b1dac4639f043
2024-10-15 13:35:00,NT AUTHORITY\LOCAL SERVICE,,1,0,0,0,0,32,1,0,0,0,34,1,Akira,ran:Akira:Akira-77068c6cfaf8b107443522757149d75400248c598f72a2dba35b1dac4639f043
2024-10-15 13:35:00,WINDEV2407EVAL\User,,0,0,0,0,0,1,0,0,0,0,1,1,Akira,ran:Akira:Akira-77068c6cfaf8b107443522757149d75400248c598f72a2dba35b1dac4639f043
2024-10-15 13:40:00,NT AUTHORITY\SYSTEM,,0,1120,10,0,0,35,3,0,0,0,1168,1,Akira,ran:Akira:Akira-77068c6cfaf8b107443522757149d75400248c598f72a2dba35b1dac4639f043
2024-10-15 13:40:00,NT AUTHORITY\NETWORK SERVICE,,0,18,0,0,4,0,1,0,0,0,23,1,Akira,ran:Akira:Akira-77068c6cfaf8b107443522757149d75400248c598f72a2dba35b1dac4639f043
2024-10-15 13:40:00,NT AUTHORITY\LOCAL SERVICE,,1,0,0,0,0,0,1,0,0,0,2,1,Akira,ran:Akira:Akira-77068c6cfaf8b107443522757149d75400248c598f72a2dba35b1dac4639f043
2024-10-15 13:40:00,WINDEV2407EVAL\End-user,,0,0,0,0,0,0,0,0,0,0,32,1,Akira,ran:Akira:Akira-77068c6cfaf8b107443522757149d75400248c598f72a2dba35b1dac4639f043
2024-10-14 22:00:00,WINDEV2407EVAL\End-user,,33,191,26,0,0,29,39,0,0,0,416,1,Akira,ran:Akira:Akira-87b4020bcd3fad1f5711e6801ca269ef5852256eeaf350f4dde2dc46c576262d
2024-10-14 22:00:00,-\-,,0,0,0,0,0,0,0,0,0,0,16,1,Akira,ran:Akira:Akira-87b4020bcd3fad1f5711e6801ca269ef5852256eeaf350f4dde2dc46c576262d
2024-10-14 22:00:00,NT AUTHORITY\NETWORK SERVICE,,1,1,0,0,0,1,1,0,0,0,4,1,Akira,ran:Akira:Akira-87b4020bcd3fad1f5711e6801ca269ef5852256eeaf350f4dde2dc46c576262d
2024-10-14 22:00:00,NT AUTHORITY\SYSTEM,,1,27,0,0,0,31,5,0,0,0,65,1,Akira,ran:Akira:Akira-87b4020bcd3fad1f5711e6801ca269ef5852256eeaf350f4dde2dc46c576262d
2024-10-14 22:00:00,NT AUTHORITY\LOCAL SERVICE,,2,0,0,0,0,14,0,0,0,0,16,1,Akira,ran:Akira:Akira-87b4020bcd3fad1f5711e6801ca269ef5852256eeaf350f4dde2dc46c576262d
2024-10-14 22:00:00,WINDEV2407EVAL\User,,11,0,4,0,0,13,8,0,0,0,56,1,Akira,ran:Akira:Akira-87b4020bcd3fad1f5711e6801ca269ef5852256eeaf350f4dde2dc46c576262d
2024-10-14 22:05:00,NT AUTHORITY\SYSTEM,,1,0,0,0,0,1,0,0,0,0,2,1,Akira,ran:Akira:Akira-87b4020bcd3fad1f5711e6801ca269ef5852256eeaf350f4dde2dc46c576262d
2024-10-14 22:05:00,WINDEV2407EVAL\User,,0,0,0,0,0,1,1,0,0,0,2,1,Akira,ran:Akira:Akira-87b4020bcd3fad1f5711e6801ca269ef5852256eeaf350f4dde2dc46c576262d
2024-10-14 22:05:00,WINDEV2407EVAL\End-user,,1,0,0,0,0,0,0,0,0,0,18,1,Akira,ran:Akira:Akira-87b4020bcd3fad1f5711e6801ca269ef5852256eeaf350f4dde2dc46c576262d
2024-10-14 21:40:00,WINDEV2407EVAL\End-user,,57,191,23,0,0,97,38,0,0,0,556,1,Akira,ran:Akira:Akira-8a2d54e3230a4e7656ca760b512a879e0cacbe912a519a1be6916449bd6b5628
2024-10-14 21:40:00,-\-,,0,0,0,0,0,0,0,0,0,0,23,1,Akira,ran:Akira:Akira-8a2d54e3230a4e7656ca760b512a879e0cacbe912a519a1be6916449bd6b5628
2024-10-14 21:40:00,NT AUTHORITY\NETWORK SERVICE,,0,2,0,0,0,1,0,0,0,0,3,1,Akira,ran:Akira:Akira-8a2d54e3230a4e7656ca760b512a879e0cacbe912a519a1be6916449bd6b5628
2024-10-14 21:40:00,NT AUTHORITY\SYSTEM,,1,18,0,0,0,13,8,0,0,0,40,1,Akira,ran:Akira:Akira-8a2d54e3230a4e7656ca760b512a879e0cacbe912a519a1be6916449bd6b5628
2024-10-14 21:40:00,NT AUTHORITY\LOCAL SERVICE,,1,0,0,0,0,14,1,0,0,0,16,1,Akira,ran:Akira:Akira-8a2d54e3230a4e7656ca760b512a879e0cacbe912a519a1be6916449bd6b5628
2024-10-14 21:40:00,WINDEV2407EVAL\User,,0,0,2,0,0,2,0,0,0,0,4,1,Akira,ran:Akira:Akira-8a2d54e3230a4e7656ca760b512a879e0cacbe912a519a1be6916449bd6b5628
2024-10-14 21:45:00,NT AUTHORITY\SYSTEM,,2,6,6,0,0,7,17,0,0,0,41,1,Akira,ran:Akira:Akira-8a2d54e3230a4e7656ca760b512a879e0cacbe912a519a1be6916449bd6b5628
2024-10-14 21:45:00,NT AUTHORITY\NETWORK SERVICE,,1,1,0,0,0,0,2,0,0,0,5,1,Akira,ran:Akira:Akira-8a2d54e3230a4e7656ca760b512a879e0cacbe912a519a1be6916449bd6b5628
2024-11-05 19:50:00,WINDEV2407EVAL\End-user,,9,4,301,0,2,14,96,0,0,0,437,1,Akira,ran:Akira:Akira-988776358d0e45a4907dc1f4906a916f1b3595a31fa44d8e04e563a32557eb42
2024-11-05 19:50:00,-\-,,0,0,0,0,0,0,0,0,0,0,10,1,Akira,ran:Akira:Akira-988776358d0e45a4907dc1f4906a916f1b3595a31fa44d8e04e563a32557eb42
2024-11-05 19:50:00,NT AUTHORITY\NETWORK SERVICE,,0,0,0,0,0,1,0,0,0,0,1,1,Akira,ran:Akira:Akira-988776358d0e45a4907dc1f4906a916f1b3595a31fa44d8e04e563a32557eb42
2024-11-05 19:50:00,NT AUTHORITY\SYSTEM,,0,3,1,0,0,9,0,0,0,0,14,1,Akira,ran:Akira:Akira-988776358d0e45a4907dc1f4906a916f1b3595a31fa44d8e04e563a32557eb42
2024-11-05 19:55:00,WINDEV2407EVAL\End-user,,13,192,21,0,0,10,23,0,0,0,292,1,Akira,ran:Akira:Akira-988776358d0e45a4907dc1f4906a916f1b3595a31fa44d8e04e563a32557eb42
2024-11-05 19:55:00,-\-,,0,0,0,0,0,0,0,0,0,0,4,1,Akira,ran:Akira:Akira-988776358d0e45a4907dc1f4906a916f1b3595a31fa44d8e04e563a32557eb42
2024-11-05 19:55:00,NT AUTHORITY\SYSTEM,,14,483,1321,0,0,69,18,0,41,0,1906,1,Akira,ran:Akira:Akira-988776358d0e45a4907dc1f4906a916f1b3595a31fa44d8e04e563a32557eb42
2024-11-05 19:55:00,NT AUTHORITY\NETWORK SERVICE,,1,28,0,0,0,0,7,0,0,0,36,1,Akira,ran:Akira:Akira-988776358d0e45a4907dc1f4906a916f1b3595a31fa44d8e04e563a32557eb42
2024-11-05 19:55:00,NT AUTHORITY\LOCAL SERVICE,,3,0,0,0,0,130,0,0,0,0,133,1,Akira,ran:Akira:Akira-988776358d0e45a4907dc1f4906a916f1b3595a31fa44d8e04e563a32557eb42
2024-10-15 11:40:00,WINDEV2407EVAL\End-user,,21,191,25,0,0,28,29,0,0,0,373,1,Akira,ran:Akira:Akira-9fd1338920e1e43932073399d021ef0cebfeb140100dd6f13b9143b37093131d
2024-10-15 11:40:00,-\-,,0,0,0,0,0,0,0,0,0,0,11,1,Akira,ran:Akira:Akira-9fd1338920e1e43932073399d021ef0cebfeb140100dd6f13b9143b37093131d
2024-10-15 11:40:00,NT AUTHORITY\NETWORK SERVICE,,0,24,0,0,0,1,0,0,0,0,25,1,Akira,ran:Akira:Akira-9fd1338920e1e43932073399d021ef0cebfeb140100dd6f13b9143b37093131d
2024-10-15 11:40:00,NT AUTHORITY\SYSTEM,,2,9,5,0,0,13,0,0,0,0,29,1,Akira,ran:Akira:Akira-9fd1338920e1e43932073399d021ef0cebfeb140100dd6f13b9143b37093131d
2024-10-15 11:40:00,NT AUTHORITY\LOCAL SERVICE,,1,0,0,0,0,0,0,0,0,0,1,1,Akira,ran:Akira:Akira-9fd1338920e1e43932073399d021ef0cebfeb140100dd6f13b9143b37093131d
2024-10-15 11:40:00,WINDEV2407EVAL\User,,1,0,0,0,0,0,21,0,0,0,23,1,Akira,ran:Akira:Akira-9fd1338920e1e43932073399d021ef0cebfeb140100dd6f13b9143b37093131d
2024-10-15 11:45:00,WINDEV2407EVAL\User,,0,0,3,0,0,1,0,0,0,0,4,1,Akira,ran:Akira:Akira-9fd1338920e1e43932073399d021ef0cebfeb140100dd6f13b9143b37093131d
2024-10-15 11:45:00,NT AUTHORITY\NETWORK SERVICE,,1,2,0,0,4,0,3,0,0,0,10,1,Akira,ran:Akira:Akira-9fd1338920e1e43932073399d021ef0cebfeb140100dd6f13b9143b37093131d
2024-10-15 11:45:00,NT AUTHORITY\SYSTEM,,0,3,27,0,0,19,5,0,0,0,54,1,Akira,ran:Akira:Akira-9fd1338920e1e43932073399d021ef0cebfeb140100dd6f13b9143b37093131d
2024-10-15 11:45:00,-\-,,0,0,0,0,0,0,0,0,0,0,52,1,Akira,ran:Akira:Akira-9fd1338920e1e43932073399d021ef0cebfeb140100dd6f13b9143b37093131d
2024-10-15 11:45:00,NT AUTHORITY\LOCAL SERVICE,,0,1,0,0,0,0,0,0,0,0,1,1,Akira,ran:Akira:Akira-9fd1338920e1e43932073399d021ef0cebfeb140100dd6f13b9143b37093131d
2024-10-15 12:15:00,WINDEV2407EVAL\End-user,,25,84,8,0,0,42,21,0,0,0,221,1,Akira,ran:Akira:Akira-cc970bd2673e46c7e0df5430ab617bc2a9214b4d5c2c44252af681a08ff526a8
2024-10-15 12:15:00,-\-,,0,0,0,0,0,0,0,0,0,0,10,1,Akira,ran:Akira:Akira-cc970bd2673e46c7e0df5430ab617bc2a9214b4d5c2c44252af681a08ff526a8
2024-10-15 12:15:00,WINDEV2407EVAL\User,,11,0,4,0,0,17,5,0,0,0,56,1,Akira,ran:Akira:Akira-cc970bd2673e46c7e0df5430ab617bc2a9214b4d5c2c44252af681a08ff526a8
2024-10-15 12:15:00,NT AUTHORITY\NETWORK SERVICE,,0,2,0,0,0,1,0,0,0,0,3,1,Akira,ran:Akira:Akira-cc970bd2673e46c7e0df5430ab617bc2a9214b4d5c2c44252af681a08ff526a8
2024-10-15 12:15:00,NT AUTHORITY\SYSTEM,,2,6,0,0,0,11,0,0,0,0,20,1,Akira,ran:Akira:Akira-cc970bd2673e46c7e0df5430ab617bc2a9214b4d5c2c44252af681a08ff526a8
2024-10-15 12:15:00,NT AUTHORITY\LOCAL SERVICE,,3,0,0,0,0,0,1,0,0,0,4,1,Akira,ran:Akira:Akira-cc970bd2673e46c7e0df5430ab617bc2a9214b4d5c2c44252af681a08ff526a8
2024-10-15 12:20:00,WINDEV2407EVAL\End-user,,21,107,16,0,0,43,12,0,0,0,238,1,Akira,ran:Akira:Akira-cc970bd2673e46c7e0df5430ab617bc2a9214b4d5c2c44252af681a08ff526a8
2024-10-15 12:20:00,NT AUTHORITY\SYSTEM,,13,175,4137,0,0,56,25,0,0,0,4408,1,Akira,ran:Akira:Akira-cc970bd2673e46c7e0df5430ab617bc2a9214b4d5c2c44252af681a08ff526a8
2024-10-15 12:20:00,-\-,,0,0,0,0,0,0,0,0,0,0,10,1,Akira,ran:Akira:Akira-cc970bd2673e46c7e0df5430ab617bc2a9214b4d5c2c44252af681a08ff526a8
2024-10-15 12:20:00,WINDEV2407EVAL\User,,3,0,0,0,1,11,45,0,0,0,65,1,Akira,ran:Akira:Akira-cc970bd2673e46c7e0df5430ab617bc2a9214b4d5c2c44252af681a08ff526a8
2024-10-15 12:20:00,NT AUTHORITY\NETWORK SERVICE,,1,13,0,0,2,0,8,0,0,0,24,1,Akira,ran:Akira:Akira-cc970bd2673e46c7e0df5430ab617bc2a9214b4d5c2c44252af681a08ff526a8
2024-10-15 12:20:00,NT AUTHORITY\LOCAL SERVICE,,1,0,0,0,0,217,0,0,0,0,218,1,Akira,ran:Akira:Akira-cc970bd2673e46c7e0df5430ab617bc2a9214b4d5c2c44252af681a08ff526a8
2024-10-15 12:35:00,WINDEV2407EVAL\End-user,,12,191,15,0,0,13,21,0,0,0,280,1,Akira,ran:Akira:Akira-dc5a18d375d86d7974786896182bf828734a24331905cf7663ff9b202cd41c9b
2024-10-15 12:35:00,-\-,,0,0,0,0,0,0,0,0,0,0,10,1,Akira,ran:Akira:Akira-dc5a18d375d86d7974786896182bf828734a24331905cf7663ff9b202cd41c9b
2024-10-15 12:35:00,NT AUTHORITY\NETWORK SERVICE,,1,2,0,0,0,1,1,0,0,0,6,1,Akira,ran:Akira:Akira-dc5a18d375d86d7974786896182bf828734a24331905cf7663ff9b202cd41c9b
2024-10-15 12:35:00,NT AUTHORITY\SYSTEM,,2,14,9,0,0,8,29,0,0,0,65,1,Akira,ran:Akira:Akira-dc5a18d375d86d7974786896182bf828734a24331905cf7663ff9b202cd41c9b
2024-10-15 12:35:00,WINDEV2407EVAL\User,,1,0,0,0,1,2,36,0,0,0,43,1,Akira,ran:Akira:Akira-dc5a18d375d86d7974786896182bf828734a24331905cf7663ff9b202cd41c9b
2024-10-15 12:40:00,WINDEV2407EVAL\User,,0,0,2,0,0,2,0,0,0,0,4,1,Akira,ran:Akira:Akira-dc5a18d375d86d7974786896182bf828734a24331905cf7663ff9b202cd41c9b
2024-10-15 12:40:00,NT AUTHORITY\NETWORK SERVICE,,0,0,0,0,0,0,1,0,0,0,1,1,Akira,ran:Akira:Akira-dc5a18d375d86d7974786896182bf828734a24331905cf7663ff9b202cd41c9b
2024-10-15 12:40:00,NT AUTHORITY\SYSTEM,,0,2,0,0,0,13,5,0,0,0,20,1,Akira,ran:Akira:Akira-dc5a18d375d86d7974786896182bf828734a24331905cf7663ff9b202cd41c9b
2024-10-09 16:45:00,WINDEV2407EVAL\End-user,,5,55,0,0,0,10,12,0,0,1,83,1,BlackBasta,ran:BlackBasta:BlackBasta-0a8297b274aeab986d6336b395b39b3af1bb00464cf5735d1ecdb506fef9098e
2024-10-09 16:45:00,-\-,,0,0,0,0,0,0,0,0,0,0,6,1,BlackBasta,ran:BlackBasta:BlackBasta-0a8297b274aeab986d6336b395b39b3af1bb00464cf5735d1ecdb506fef9098e
2024-10-09 16:45:00,NT AUTHORITY\SYSTEM,,6,9,0,0,0,13,15,0,0,0,44,1,BlackBasta,ran:BlackBasta:BlackBasta-0a8297b274aeab986d6336b395b39b3af1bb00464cf5735d1ecdb506fef9098e
2024-10-09 16:45:00,WINDEV2407EVAL\User,,12,0,1,0,0,13,9,0,0,0,55,1,BlackBasta,ran:BlackBasta:BlackBasta-0a8297b274aeab986d6336b395b39b3af1bb00464cf5735d1ecdb506fef9098e
2024-10-09 16:45:00,NT AUTHORITY\LOCAL SERVICE,,1,0,0,0,0,0,0,0,0,0,1,1,BlackBasta,ran:BlackBasta:BlackBasta-0a8297b274aeab986d6336b395b39b3af1bb00464cf5735d1ecdb506fef9098e
2024-10-09 16:45:00,NT AUTHORITY\NETWORK SERVICE,,0,1,0,0,0,0,5,0,0,0,6,1,BlackBasta,ran:BlackBasta:BlackBasta-0a8297b274aeab986d6336b395b39b3af1bb00464cf5735d1ecdb506fef9098e
2024-10-09 16:50:00,NT AUTHORITY\SYSTEM,,1,47,21,0,1,32,3,0,0,0,105,1,BlackBasta,ran:BlackBasta:BlackBasta-0a8297b274aeab986d6336b395b39b3af1bb00464cf5735d1ecdb506fef9098e
2024-10-09 16:50:00,WINDEV2407EVAL\End-user,,9,0,7,0,0,16,5,0,0,0,82,1,BlackBasta,ran:BlackBasta:BlackBasta-0a8297b274aeab986d6336b395b39b3af1bb00464cf5735d1ecdb506fef9098e
2024-10-09 16:50:00,NT AUTHORITY\NETWORK SERVICE,,0,2,0,0,2,0,2,0,0,0,6,1,BlackBasta,ran:BlackBasta:BlackBasta-0a8297b274aeab986d6336b395b39b3af1bb00464cf5735d1ecdb506fef9098e
2024-10-09 16:50:00,NT AUTHORITY\LOCAL SERVICE,,1,0,0,0,0,91,1,0,0,0,93,1,BlackBasta,ran:BlackBasta:BlackBasta-0a8297b274aeab986d6336b395b39b3af1bb00464cf5735d1ecdb506fef9098e
2024-10-09 16:50:00,WINDEV2407EVAL\User,,0,0,0,0,0,0,0,0,0,0,1,1,BlackBasta,ran:BlackBasta:BlackBasta-0a8297b274aeab986d6336b395b39b3af1bb00464cf5735d1ecdb506fef9098e
2024-10-09 16:50:00,-\-,,0,0,0,0,0,0,0,0,0,0,3,1,BlackBasta,ran:BlackBasta:BlackBasta-0a8297b274aeab986d6336b395b39b3af1bb00464cf5735d1ecdb506fef9098e
2024-10-09 12:05:00,WINDEV2407EVAL\End-user,,15,76,10,0,1,24,16,0,0,1,168,1,BlackBasta,ran:BlackBasta:BlackBasta-15560b1e35a3a8612a7ba91d00dea6b8dd6e4f3f857399c22c0c75377c9b31a2
2024-10-09 12:05:00,-\-,,0,0,0,0,0,0,0,0,0,0,114,1,BlackBasta,ran:BlackBasta:BlackBasta-15560b1e35a3a8612a7ba91d00dea6b8dd6e4f3f857399c22c0c75377c9b31a2
2024-10-09 12:05:00,NT AUTHORITY\SYSTEM,,2,45,21,0,1,35,9,0,0,0,115,1,BlackBasta,ran:BlackBasta:BlackBasta-15560b1e35a3a8612a7ba91d00dea6b8dd6e4f3f857399c22c0c75377c9b31a2
2024-10-09 12:05:00,NT AUTHORITY\LOCAL SERVICE,,4,0,0,0,0,124,1,0,0,0,130,1,BlackBasta,ran:BlackBasta:BlackBasta-15560b1e35a3a8612a7ba91d00dea6b8dd6e4f3f857399c22c0c75377c9b31a2
2024-10-09 12:05:00,WINDEV2407EVAL\User,,0,0,0,0,0,1,0,0,0,0,3,1,BlackBasta,ran:BlackBasta:BlackBasta-15560b1e35a3a8612a7ba91d00dea6b8dd6e4f3f857399c22c0c75377c9b31a2
2024-10-09 12:05:00,NT AUTHORITY\NETWORK SERVICE,,1,3,0,0,2,0,9,0,0,0,15,1,BlackBasta,ran:BlackBasta:BlackBasta-15560b1e35a3a8612a7ba91d00dea6b8dd6e4f3f857399c22c0c75377c9b31a2
2024-10-09 12:10:00,NT AUTHORITY\SYSTEM,,0,3,0,0,1,12,4,0,0,0,20,1,BlackBasta,ran:BlackBasta:BlackBasta-15560b1e35a3a8612a7ba91d00dea6b8dd6e4f3f857399c22c0c75377c9b31a2
2024-10-09 12:10:00,WINDEV2407EVAL\User,,0,0,2,0,0,1,0,0,0,0,3,1,BlackBasta,ran:BlackBasta:BlackBasta-15560b1e35a3a8612a7ba91d00dea6b8dd6e4f3f857399c22c0c75377c9b31a2
2024-10-09 12:10:00,WINDEV2407EVAL\End-user,,0,0,0,0,0,2,0,0,0,0,2,1,BlackBasta,ran:BlackBasta:BlackBasta-15560b1e35a3a8612a7ba91d00dea6b8dd6e4f3f857399c22c0c75377c9b31a2
2024-10-09 12:10:00,NT AUTHORITY\LOCAL SERVICE,,0,1,0,0,0,0,0,0,0,0,1,1,BlackBasta,ran:BlackBasta:BlackBasta-15560b1e35a3a8612a7ba91d00dea6b8dd6e4f3f857399c22c0c75377c9b31a2
2024-10-09 12:20:00,WINDEV2407EVAL\End-user,,7,12,305,0,6,65,170,0,0,0,602,1,BlackBasta,ran:BlackBasta:BlackBasta-17205c43189c22dfcb278f5cc45c2562f622b0b6280dcd43cc1d3c274095eb90
2024-10-09 12:20:00,-\-,,0,0,0,0,0,0,0,0,0,0,48,1,BlackBasta,ran:BlackBasta:BlackBasta-17205c43189c22dfcb278f5cc45c2562f622b0b6280dcd43cc1d3c274095eb90
2024-10-09 12:20:00,NT AUTHORITY\SYSTEM,,0,1,0,0,1,11,0,0,0,0,13,1,BlackBasta,ran:BlackBasta:BlackBasta-17205c43189c22dfcb278f5cc45c2562f622b0b6280dcd43cc1d3c274095eb90
2024-10-09 12:20:00,NT AUTHORITY\NETWORK SERVICE,,1,0,0,0,0,0,2,0,0,0,3,1,BlackBasta,ran:BlackBasta:BlackBasta-17205c43189c22dfcb278f5cc45c2562f622b0b6280dcd43cc1d3c274095eb90
2024-10-09 12:20:00,WINDEV2407EVAL\User,,0,0,0,0,0,0,0,0,0,0,1,1,BlackBasta,ran:BlackBasta:BlackBasta-17205c43189c22dfcb278f5cc45c2562f622b0b6280dcd43cc1d3c274095eb90
2024-10-09 12:25:00,NT AUTHORITY\SYSTEM,,0,1,0,0,1,31,2,0,0,0,35,1,BlackBasta,ran:BlackBasta:BlackBasta-17205c43189c22dfcb278f5cc45c2562f622b0b6280dcd43cc1d3c274095eb90
2024-10-09 12:25:00,WINDEV2407EVAL\End-user,,0,0,0,0,0,7,0,0,0,0,43,1,BlackBasta,ran:BlackBasta:BlackBasta-17205c43189c22dfcb278f5cc45c2562f622b0b6280dcd43cc1d3c274095eb90
2024-10-09 12:25:00,NT AUTHORITY\NETWORK SERVICE,,1,0,0,0,0,0,1,0,0,0,2,1,BlackBasta,ran:BlackBasta:BlackBasta-17205c43189c22dfcb278f5cc45c2562f622b0b6280dcd43cc1d3c274095eb90
2024-10-09 12:25:00,WINDEV2407EVAL\User,,0,0,2,0,0,2,0,0,0,0,4,1,BlackBasta,ran:BlackBasta:BlackBasta-17205c43189c22dfcb278f5cc45c2562f622b0b6280dcd43cc1d3c274095eb90
2024-10-10 00:15:00,WINDEV2407EVAL\End-user,,12,15,1,0,0,20,9,0,0,1,75,1,BlackBasta,ran:BlackBasta:BlackBasta-2413841b2f5f656e269f61644d3957847b199107bb6b141c3208a03df59f0759
2024-10-10 00:15:00,-\-,,0,0,0,0,0,0,0,0,0,0,7,1,BlackBasta,ran:BlackBasta:BlackBasta-2413841b2f5f656e269f61644d3957847b199107bb6b141c3208a03df59f0759
2024-10-10 00:15:00,NT AUTHORITY\SYSTEM,,1,0,0,0,0,3,0,0,0,0,5,1,BlackBasta,ran:BlackBasta:BlackBasta-2413841b2f5f656e269f61644d3957847b199107bb6b141c3208a03df59f0759
2024-10-10 00:15:00,NT AUTHORITY\LOCAL SERVICE,,2,0,0,0,0,0,0,0,0,0,2,1,BlackBasta,ran:BlackBasta:BlackBasta-2413841b2f5f656e269f61644d3957847b199107bb6b141c3208a03df59f0759
2024-10-10 00:20:00,WINDEV2407EVAL\End-user,,1,40,1,0,0,10,8,0,0,0,77,1,BlackBasta,ran:BlackBasta:BlackBasta-2413841b2f5f656e269f61644d3957847b199107bb6b141c3208a03df59f0759
2024-10-10 00:20:00,NT AUTHORITY\SYSTEM,,3,17,6,0,1,38,22,0,0,0,90,1,BlackBasta,ran:BlackBasta:BlackBasta-2413841b2f5f656e269f61644d3957847b199107bb6b141c3208a03df59f0759
2024-10-10 00:20:00,NT AUTHORITY\NETWORK SERVICE,,2,1,0,0,0,0,3,0,0,0,7,1,BlackBasta,ran:BlackBasta:BlackBasta-2413841b2f5f656e269f61644d3957847b199107bb6b141c3208a03df59f0759
2024-10-10 00:20:00,-\-,,0,0,0,0,0,0,0,0,0,0,1,1,BlackBasta,ran:BlackBasta:BlackBasta-2413841b2f5f656e269f61644d3957847b199107bb6b141c3208a03df59f0759
2024-10-11 22:15:00,WINDEV2407EVAL\End-user,,13,77,2,0,0,21,15,0,0,1,147,1,BlackBasta,ran:BlackBasta:BlackBasta-3d8713641264c41cd6784c5569c1447299fba88633070e40e70bb3ae2b4c5a4e
2024-10-11 22:15:00,-\-,,0,0,0,0,0,0,0,0,0,0,10,1,BlackBasta,ran:BlackBasta:BlackBasta-3d8713641264c41cd6784c5569c1447299fba88633070e40e70bb3ae2b4c5a4e
2024-10-11 22:15:00,WINDEV2407EVAL\User,,3,0,4,0,0,6,5,0,0,0,24,1,BlackBasta,ran:BlackBasta:BlackBasta-3d8713641264c41cd6784c5569c1447299fba88633070e40e70bb3ae2b4c5a4e
2024-10-11 22:15:00,NT AUTHORITY\SYSTEM,,5,91,29,0,0,35,27,0,0,0,191,1,BlackBasta,ran:BlackBasta:BlackBasta-3d8713641264c41cd6784c5569c1447299fba88633070e40e70bb3ae2b4c5a4e
2024-10-11 22:15:00,NT AUTHORITY\LOCAL SERVICE,,3,0,0,0,0,157,1,0,0,0,161,1,BlackBasta,ran:BlackBasta:BlackBasta-3d8713641264c41cd6784c5569c1447299fba88633070e40e70bb3ae2b4c5a4e
2024-10-11 22:15:00,NT AUTHORITY\NETWORK SERVICE,,0,5,0,0,0,0,9,0,0,0,15,1,BlackBasta,ran:BlackBasta:BlackBasta-3d8713641264c41cd6784c5569c1447299fba88633070e40e70bb3ae2b4c5a4e
2024-10-11 22:20:00,NT AUTHORITY\SYSTEM,,0,1,4,0,0,3,3,0,0,0,11,1,BlackBasta,ran:BlackBasta:BlackBasta-3d8713641264c41cd6784c5569c1447299fba88633070e40e70bb3ae2b4c5a4e
2024-10-11 22:20:00,NT AUTHORITY\NETWORK SERVICE,,0,1,0,0,0,0,2,0,0,0,3,1,BlackBasta,ran:BlackBasta:BlackBasta-3d8713641264c41cd6784c5569c1447299fba88633070e40e70bb3ae2b4c5a4e
2024-10-11 22:20:00,WINDEV2407EVAL\End-user,,0,0,0,0,0,0,0,0,0,0,16,1,BlackBasta,ran:BlackBasta:BlackBasta-3d8713641264c41cd6784c5569c1447299fba88633070e40e70bb3ae2b4c5a4e
2024-10-11 22:20:00,WINDEV2407EVAL\User,,0,0,0,0,0,0,0,0,0,0,1,1,BlackBasta,ran:BlackBasta:BlackBasta-3d8713641264c41cd6784c5569c1447299fba88633070e40e70bb3ae2b4c5a4e
2024-10-10 01:30:00,WINDEV2407EVAL\User,,6,0,4,0,0,7,8,0,0,0,38,1,BlackBasta,ran:BlackBasta:BlackBasta-723d1cf3d74fb3ce95a77ed9dff257a78c8af8e67a82963230dd073781074224
2024-10-10 01:30:00,NT AUTHORITY\SYSTEM,,7,12,0,0,2,30,18,0,0,0,71,1,BlackBasta,ran:BlackBasta:BlackBasta-723d1cf3d74fb3ce95a77ed9dff257a78c8af8e67a82963230dd073781074224
2024-10-10 01:30:00,WINDEV2407EVAL\End-user,,14,55,7,0,0,26,17,0,0,1,146,1,BlackBasta,ran:BlackBasta:BlackBasta-723d1cf3d74fb3ce95a77ed9dff257a78c8af8e67a82963230dd073781074224
2024-10-10 01:30:00,-\-,,0,0,0,0,0,0,0,0,0,0,13,1,BlackBasta,ran:BlackBasta:BlackBasta-723d1cf3d74fb3ce95a77ed9dff257a78c8af8e67a82963230dd073781074224
2024-10-10 01:30:00,NT AUTHORITY\LOCAL SERVICE,,3,0,0,0,0,0,0,0,0,0,3,1,BlackBasta,ran:BlackBasta:BlackBasta-723d1cf3d74fb3ce95a77ed9dff257a78c8af8e67a82963230dd073781074224
2024-10-10 01:30:00,NT AUTHORITY\NETWORK SERVICE,,1,1,0,0,0,0,1,0,0,0,3,1,BlackBasta,ran:BlackBasta:BlackBasta-723d1cf3d74fb3ce95a77ed9dff257a78c8af8e67a82963230dd073781074224
2024-10-10 01:35:00,NT AUTHORITY\SYSTEM,,2,46,27,0,0,23,21,0,0,0,122,1,BlackBasta,ran:BlackBasta:BlackBasta-723d1cf3d74fb3ce95a77ed9dff257a78c8af8e67a82963230dd073781074224
2024-10-10 01:35:00,NT AUTHORITY\NETWORK SERVICE,,0,4,0,0,2,0,8,0,0,0,15,1,BlackBasta,ran:BlackBasta:BlackBasta-723d1cf3d74fb3ce95a77ed9dff257a78c8af8e67a82963230dd073781074224
2024-10-10 01:35:00,NT AUTHORITY\LOCAL SERVICE,,1,0,0,0,0,124,1,0,0,0,126,1,BlackBasta,ran:BlackBasta:BlackBasta-723d1cf3d74fb3ce95a77ed9dff257a78c8af8e67a82963230dd073781074224
2024-10-10 01:35:00,WINDEV2407EVAL\End-user,,0,0,1,0,0,3,0,0,0,0,13,1,BlackBasta,ran:BlackBasta:BlackBasta-723d1cf3d74fb3ce95a77ed9dff257a78c8af8e67a82963230dd073781074224
2024-10-10 01:35:00,WINDEV2407EVAL\User,,0,0,2,0,0,1,0,0,0,0,4,1,BlackBasta,ran:BlackBasta:BlackBasta-723d1cf3d74fb3ce95a77ed9dff257a78c8af8e67a82963230dd073781074224
2024-11-04 22:35:00,WINDEV2407EVAL\End-user,,13,70,96,0,0,26,51,0,0,1,299,1,BlackBasta,ran:BlackBasta:BlackBasta-7883f01096db9bcf090c2317749b6873036c27ba92451b212b8645770e1f0b8a
2024-11-04 22:35:00,-\-,,0,0,0,0,0,0,0,0,0,0,10,1,BlackBasta,ran:BlackBasta:BlackBasta-7883f01096db9bcf090c2317749b6873036c27ba92451b212b8645770e1f0b8a
2024-11-04 22:35:00,NT AUTHORITY\SYSTEM,,14,595,291,0,1,105,22,0,2,0,1031,1,BlackBasta,ran:BlackBasta:BlackBasta-7883f01096db9bcf090c2317749b6873036c27ba92451b212b8645770e1f0b8a
2024-11-04 22:35:00,WINDEV2407EVAL\User,,3,0,0,0,0,5,12,0,0,0,24,1,BlackBasta,ran:BlackBasta:BlackBasta-7883f01096db9bcf090c2317749b6873036c27ba92451b212b8645770e1f0b8a
2024-11-04 22:35:00,NT AUTHORITY\NETWORK SERVICE,,1,30,0,0,0,0,8,0,0,0,39,1,BlackBasta,ran:BlackBasta:BlackBasta-7883f01096db9bcf090c2317749b6873036c27ba92451b212b8645770e1f0b8a
2024-11-04 22:35:00,NT AUTHORITY\LOCAL SERVICE,,1,0,0,0,0,306,0,0,0,0,307,1,BlackBasta,ran:BlackBasta:BlackBasta-7883f01096db9bcf090c2317749b6873036c27ba92451b212b8645770e1f0b8a
2024-11-04 22:40:00,NT AUTHORITY\SYSTEM,,0,0,1068,0,0,3,0,0,39,0,1071,1,BlackBasta,ran:BlackBasta:BlackBasta-7883f01096db9bcf090c2317749b6873036c27ba92451b212b8645770e1f0b8a
2024-11-04 22:40:00,WINDEV2407EVAL\End-user,,0,0,0,0,0,0,1,0,0,0,6,1,BlackBasta,ran:BlackBasta:BlackBasta-7883f01096db9bcf090c2317749b6873036c27ba92451b212b8645770e1f0b8a
2024-11-04 22:40:00,WINDEV2407EVAL\User,,0,0,0,0,0,0,2,0,0,0,3,1,BlackBasta,ran:BlackBasta:BlackBasta-7883f01096db9bcf090c2317749b6873036c27ba92451b212b8645770e1f0b8a
2024-11-05 11:25:00,WINDEV2407EVAL\End-user,,8,55,8,0,0,11,35,0,0,1,127,1,BlackBasta,ran:BlackBasta:BlackBasta-882019d1024778e13841db975d5e60aaae1482fcf86ba669e819a68ce980d7d3
2024-11-05 11:25:00,-\-,,0,0,0,0,0,0,0,0,0,0,2,1,BlackBasta,ran:BlackBasta:BlackBasta-882019d1024778e13841db975d5e60aaae1482fcf86ba669e819a68ce980d7d3
2024-11-05 11:25:00,NT AUTHORITY\SYSTEM,,9,54,83,0,1,42,16,0,0,0,206,1,BlackBasta,ran:BlackBasta:BlackBasta-882019d1024778e13841db975d5e60aaae1482fcf86ba669e819a68ce980d7d3
2024-11-05 11:25:00,WINDEV2407EVAL\User,,2,0,0,0,0,3,7,0,0,0,15,1,BlackBasta,ran:BlackBasta:BlackBasta-882019d1024778e13841db975d5e60aaae1482fcf86ba669e819a68ce980d7d3
2024-11-05 11:25:00,NT AUTHORITY\LOCAL SERVICE,,1,0,0,0,0,6,0,0,0,0,7,1,BlackBasta,ran:BlackBasta:BlackBasta-882019d1024778e13841db975d5e60aaae1482fcf86ba669e819a68ce980d7d3
2024-11-05 11:25:00,NT AUTHORITY\NETWORK SERVICE,,0,1,0,0,0,0,7,0,0,0,8,1,BlackBasta,ran:BlackBasta:BlackBasta-882019d1024778e13841db975d5e60aaae1482fcf86ba669e819a68ce980d7d3
2024-11-05 11:30:00,NT AUTHORITY\SYSTEM,,5,528,864,0,0,45,3,0,27,0,1445,1,BlackBasta,ran:BlackBasta:BlackBasta-882019d1024778e13841db975d5e60aaae1482fcf86ba669e819a68ce980d7d3
2024-11-05 11:30:00,WINDEV2407EVAL\User,,0,0,0,0,0,1,6,0,0,0,9,1,BlackBasta,ran:BlackBasta:BlackBasta-882019d1024778e13841db975d5e60aaae1482fcf86ba669e819a68ce980d7d3
2024-11-05 11:30:00,WINDEV2407EVAL\End-user,,0,0,0,0,0,4,2,0,0,0,23,1,BlackBasta,ran:BlackBasta:BlackBasta-882019d1024778e13841db975d5e60aaae1482fcf86ba669e819a68ce980d7d3
2024-11-05 11:30:00,NT AUTHORITY\NETWORK SERVICE,,0,26,0,0,0,0,1,0,0,0,27,1,BlackBasta,ran:BlackBasta:BlackBasta-882019d1024778e13841db975d5e60aaae1482fcf86ba669e819a68ce980d7d3
2024-11-05 11:30:00,NT AUTHORITY\LOCAL SERVICE,,1,0,0,0,0,325,1,0,0,0,327,1,BlackBasta,ran:BlackBasta:BlackBasta-882019d1024778e13841db975d5e60aaae1482fcf86ba669e819a68ce980d7d3
2024-11-04 22:20:00,WINDEV2407EVAL\End-user,,5,76,3,0,0,10,23,0,0,1,120,1,BlackBasta,ran:BlackBasta:BlackBasta-9a55f55886285eef7ffabdd55c0232d1458175b1d868c03d3e304ce7d98980bc
2024-11-04 22:20:00,NT AUTHORITY\SYSTEM,,3,0,10,0,0,15,0,0,0,0,29,1,BlackBasta,ran:BlackBasta:BlackBasta-9a55f55886285eef7ffabdd55c0232d1458175b1d868c03d3e304ce7d98980bc
2024-11-04 22:20:00,-\-,,0,0,0,0,0,0,0,0,0,0,7,1,BlackBasta,ran:BlackBasta:BlackBasta-9a55f55886285eef7ffabdd55c0232d1458175b1d868c03d3e304ce7d98980bc
2024-11-04 22:20:00,WINDEV2407EVAL\User,,1,0,0,0,0,0,2,0,0,0,4,1,BlackBasta,ran:BlackBasta:BlackBasta-9a55f55886285eef7ffabdd55c0232d1458175b1d868c03d3e304ce7d98980bc
2024-11-04 22:20:00,NT AUTHORITY\LOCAL SERVICE,,2,0,0,0,0,0,0,0,0,0,2,1,BlackBasta,ran:BlackBasta:BlackBasta-9a55f55886285eef7ffabdd55c0232d1458175b1d868c03d3e304ce7d98980bc
2024-11-04 22:20:00,NT AUTHORITY\NETWORK SERVICE,,1,0,0,0,0,0,1,0,0,0,2,1,BlackBasta,ran:BlackBasta:BlackBasta-9a55f55886285eef7ffabdd55c0232d1458175b1d868c03d3e304ce7d98980bc
2024-11-04 22:25:00,WINDEV2407EVAL\End-user,,1,1,3,0,0,2,9,0,0,0,37,1,BlackBasta,ran:BlackBasta:BlackBasta-9a55f55886285eef7ffabdd55c0232d1458175b1d868c03d3e304ce7d98980bc
2024-11-04 22:25:00,NT AUTHORITY\SYSTEM,,8,430,104,0,0,61,21,0,2,0,626,1,BlackBasta,ran:BlackBasta:BlackBasta-9a55f55886285eef7ffabdd55c0232d1458175b1d868c03d3e304ce7d98980bc
2024-11-04 22:25:00,WINDEV2407EVAL\User,,1,1,3,0,0,1,13,0,0,0,25,1,BlackBasta,ran:BlackBasta:BlackBasta-9a55f55886285eef7ffabdd55c0232d1458175b1d868c03d3e304ce7d98980bc
2024-11-04 22:25:00,NT AUTHORITY\LOCAL SERVICE,,2,0,0,0,0,241,1,0,0,0,244,1,BlackBasta,ran:BlackBasta:BlackBasta-9a55f55886285eef7ffabdd55c0232d1458175b1d868c03d3e304ce7d98980bc
2024-11-04 22:25:00,NT AUTHORITY\NETWORK SERVICE,,0,21,0,0,0,0,6,0,0,0,27,1,BlackBasta,ran:BlackBasta:BlackBasta-9a55f55886285eef7ffabdd55c0232d1458175b1d868c03d3e304ce7d98980bc
2024-10-08 20:45:00,WINDEV2407EVAL\End-user,,16,71,3,0,0,24,23,0,0,1,158,1,BlackBasta,ran:BlackBasta:BlackBasta-9bbe6414ce22cb5e19f294004cb5cdbc883479d99629ddcdb5b70e9806306e42
2024-10-08 20:45:00,-\-,,0,0,0,0,0,0,0,0,0,0,16,1,BlackBasta,ran:BlackBasta:BlackBasta-9bbe6414ce22cb5e19f294004cb5cdbc883479d99629ddcdb5b70e9806306e42
2024-10-08 20:45:00,NT AUTHORITY\SYSTEM,,5,4,0,0,2,23,7,0,0,0,43,1,BlackBasta,ran:BlackBasta:BlackBasta-9bbe6414ce22cb5e19f294004cb5cdbc883479d99629ddcdb5b70e9806306e42
2024-10-08 20:45:00,WINDEV2407EVAL\User,,1,0,0,0,0,2,6,0,0,0,12,1,BlackBasta,ran:BlackBasta:BlackBasta-9bbe6414ce22cb5e19f294004cb5cdbc883479d99629ddcdb5b70e9806306e42
2024-10-08 20:45:00,NT AUTHORITY\LOCAL SERVICE,,1,0,0,0,0,0,0,0,0,0,1,1,BlackBasta,ran:BlackBasta:BlackBasta-9bbe6414ce22cb5e19f294004cb5cdbc883479d99629ddcdb5b70e9806306e42
2024-10-08 20:45:00,NT AUTHORITY\NETWORK SERVICE,,1,0,0,0,0,0,1,0,0,0,2,1,BlackBasta,ran:BlackBasta:BlackBasta-9bbe6414ce22cb5e19f294004cb5cdbc883479d99629ddcdb5b70e9806306e42
2024-10-08 20:50:00,NT AUTHORITY\SYSTEM,,1,42,21,0,1,43,14,0,0,0,122,1,BlackBasta,ran:BlackBasta:BlackBasta-9bbe6414ce22cb5e19f294004cb5cdbc883479d99629ddcdb5b70e9806306e42
2024-10-08 20:50:00,NT AUTHORITY\LOCAL SERVICE,,2,0,0,0,0,91,1,0,0,0,94,1,BlackBasta,ran:BlackBasta:BlackBasta-9bbe6414ce22cb5e19f294004cb5cdbc883479d99629ddcdb5b70e9806306e42
2024-10-08 20:50:00,NT AUTHORITY\NETWORK SERVICE,,0,4,0,0,2,0,9,0,0,0,15,1,BlackBasta,ran:BlackBasta:BlackBasta-9bbe6414ce22cb5e19f294004cb5cdbc883479d99629ddcdb5b70e9806306e42
2024-10-08 20:50:00,WINDEV2407EVAL\End-user,,0,121,224,0,0,2,0,0,0,0,349,1,BlackBasta,ran:BlackBasta:BlackBasta-9bbe6414ce22cb5e19f294004cb5cdbc883479d99629ddcdb5b70e9806306e42
2024-10-08 20:50:00,WINDEV2407EVAL\User,,0,0,2,0,0,2,0,0,0,0,5,1,BlackBasta,ran:BlackBasta:BlackBasta-9bbe6414ce22cb5e19f294004cb5cdbc883479d99629ddcdb5b70e9806306e42
2024-10-08 20:55:00,WINDEV2407EVAL\End-user,,0,238,343,0,0,1,0,0,0,0,582,1,BlackBasta,ran:BlackBasta:BlackBasta-9bbe6414ce22cb5e19f294004cb5cdbc883479d99629ddcdb5b70e9806306e42
2024-10-08 20:55:00,NT AUTHORITY\SYSTEM,,0,3,0,0,0,12,10,0,0,0,25,1,BlackBasta,ran:BlackBasta:BlackBasta-9bbe6414ce22cb5e19f294004cb5cdbc883479d99629ddcdb5b70e9806306e42
2024-10-08 20:55:00,NT AUTHORITY\NETWORK SERVICE,,1,0,0,0,0,0,1,0,0,0,2,1,BlackBasta,ran:BlackBasta:BlackBasta-9bbe6414ce22cb5e19f294004cb5cdbc883479d99629ddcdb5b70e9806306e42
2024-10-08 20:55:00,NT AUTHORITY\LOCAL SERVICE,,0,0,0,0,0,2,0,0,0,0,2,1,BlackBasta,ran:BlackBasta:BlackBasta-9bbe6414ce22cb5e19f294004cb5cdbc883479d99629ddcdb5b70e9806306e42
2024-10-12 03:00:00,WINDEV2407EVAL\End-user,,6,70,0,0,0,12,20,0,0,1,112,1,BlackBasta,ran:BlackBasta:BlackBasta-ae7c868713e1d02b4db60128c651eb1e3f6a33c02544cc4cb57c3aa6c6581b6e
2024-10-12 03:00:00,-\-,,0,0,0,0,0,0,0,0,0,0,38,1,BlackBasta,ran:BlackBasta:BlackBasta-ae7c868713e1d02b4db60128c651eb1e3f6a33c02544cc4cb57c3aa6c6581b6e
2024-10-12 03:00:00,NT AUTHORITY\SYSTEM,,4,88,84,0,0,44,18,0,0,0,240,1,BlackBasta,ran:BlackBasta:BlackBasta-ae7c868713e1d02b4db60128c651eb1e3f6a33c02544cc4cb57c3aa6c6581b6e
2024-10-12 03:00:00,WINDEV2407EVAL\User,,9,52,306,0,5,62,174,0,0,0,621,1,BlackBasta,ran:BlackBasta:BlackBasta-ae7c868713e1d02b4db60128c651eb1e3f6a33c02544cc4cb57c3aa6c6581b6e
2024-10-12 03:00:00,NT AUTHORITY\NETWORK SERVICE,,1,6,0,0,0,0,9,0,0,0,16,1,BlackBasta,ran:BlackBasta:BlackBasta-ae7c868713e1d02b4db60128c651eb1e3f6a33c02544cc4cb57c3aa6c6581b6e
2024-10-12 03:00:00,NT AUTHORITY\LOCAL SERVICE,,0,0,0,0,0,190,0,0,0,0,190,1,BlackBasta,ran:BlackBasta:BlackBasta-ae7c868713e1d02b4db60128c651eb1e3f6a33c02544cc4cb57c3aa6c6581b6e
2024-10-12 03:05:00,NT AUTHORITY\SYSTEM,,0,2,0,0,0,6,5,0,0,0,13,1,BlackBasta,ran:BlackBasta:BlackBasta-ae7c868713e1d02b4db60128c651eb1e3f6a33c02544cc4cb57c3aa6c6581b6e
2024-10-11 14:20:00,WINDEV2407EVAL\End-user,,4,55,0,0,0,11,12,0,0,1,91,1,BlackBasta,ran:BlackBasta:BlackBasta-df5b004be71717362e6b1ad22072f9ee4113b95b5d78c496a90857977a9fb415
2024-10-11 14:20:00,-\-,,0,0,0,0,0,0,0,0,0,0,15,1,BlackBasta,ran:BlackBasta:BlackBasta-df5b004be71717362e6b1ad22072f9ee4113b95b5d78c496a90857977a9fb415
2024-10-11 14:20:00,NT AUTHORITY\SYSTEM,,2,7,0,0,0,12,16,0,0,0,37,1,BlackBasta,ran:BlackBasta:BlackBasta-df5b004be71717362e6b1ad22072f9ee4113b95b5d78c496a90857977a9fb415
2024-10-11 14:20:00,NT AUTHORITY\NETWORK SERVICE,,1,0,0,0,0,0,6,0,0,0,7,1,BlackBasta,ran:BlackBasta:BlackBasta-df5b004be71717362e6b1ad22072f9ee4113b95b5d78c496a90857977a9fb415
2024-10-11 14:25:00,NT AUTHORITY\SYSTEM,,1,1114,23,0,4,61,16,0,0,0,1219,1,BlackBasta,ran:BlackBasta:BlackBasta-df5b004be71717362e6b1ad22072f9ee4113b95b5d78c496a90857977a9fb415
2024-10-11 14:25:00,WINDEV2407EVAL\End-user,,1,0,0,0,0,2,0,0,0,0,6,1,BlackBasta,ran:BlackBasta:BlackBasta-df5b004be71717362e6b1ad22072f9ee4113b95b5d78c496a90857977a9fb415
2024-10-11 14:25:00,NT AUTHORITY\NETWORK SERVICE,,1,19,0,0,1,0,5,0,0,0,26,1,BlackBasta,ran:BlackBasta:BlackBasta-df5b004be71717362e6b1ad22072f9ee4113b95b5d78c496a90857977a9fb415
2024-10-11 14:25:00,NT AUTHORITY\LOCAL SERVICE,,1,0,0,0,0,2,1,0,0,0,4,1,BlackBasta,ran:BlackBasta:BlackBasta-df5b004be71717362e6b1ad22072f9ee4113b95b5d78c496a90857977a9fb415
2024-10-11 14:25:00,WINDEV2407EVAL\User,,0,0,3,0,0,2,2,0,0,0,7,1,BlackBasta,ran:BlackBasta:BlackBasta-df5b004be71717362e6b1ad22072f9ee4113b95b5d78c496a90857977a9fb415
2024-10-11 21:50:00,WINDEV2407EVAL\End-user,,14,55,3,0,0,24,20,0,0,1,144,1,BlackBasta,ran:BlackBasta:BlackBasta-e28188e516db1bda9015c30de59a2e91996b67c2e2b44989a6b0f562577fd757
2024-10-11 21:50:00,-\-,,0,0,0,0,0,0,0,0,0,0,10,1,BlackBasta,ran:BlackBasta:BlackBasta-e28188e516db1bda9015c30de59a2e91996b67c2e2b44989a6b0f562577fd757
2024-10-11 21:50:00,NT AUTHORITY\SYSTEM,,8,92,84,0,1,44,24,0,0,0,255,1,BlackBasta,ran:BlackBasta:BlackBasta-e28188e516db1bda9015c30de59a2e91996b67c2e2b44989a6b0f562577fd757
2024-10-11 21:50:00,WINDEV2407EVAL\User,,5,0,3,0,0,7,8,0,0,0,34,1,BlackBasta,ran:BlackBasta:BlackBasta-e28188e516db1bda9015c30de59a2e91996b67c2e2b44989a6b0f562577fd757
2024-10-11 21:50:00,NT AUTHORITY\NETWORK SERVICE,,1,7,0,0,0,0,8,0,0,0,16,1,BlackBasta,ran:BlackBasta:BlackBasta-e28188e516db1bda9015c30de59a2e91996b67c2e2b44989a6b0f562577fd757
2024-10-11 21:50:00,NT AUTHORITY\LOCAL SERVICE,,4,0,0,0,0,157,1,0,0,0,162,1,BlackBasta,ran:BlackBasta:BlackBasta-e28188e516db1bda9015c30de59a2e91996b67c2e2b44989a6b0f562577fd757
2024-11-05 16:15:00,WINDEV2407EVAL\End-user,,1,142,2,0,0,1,16,0,0,0,164,1,CyberVolk,ran:CyberVolk:CyberVolk-102276ae1f518745695fe8f291bf6e69856b91723244881561bb1a2338d54b12
2024-11-05 16:15:00,-\-,,0,0,0,0,0,0,0,0,0,0,21,1,CyberVolk,ran:CyberVolk:CyberVolk-102276ae1f518745695fe8f291bf6e69856b91723244881561bb1a2338d54b12
2024-11-05 16:15:00,NT AUTHORITY\SYSTEM,,6,290,634,0,0,51,3,0,25,0,984,1,CyberVolk,ran:CyberVolk:CyberVolk-102276ae1f518745695fe8f291bf6e69856b91723244881561bb1a2338d54b12
2024-11-05 16:15:00,NT AUTHORITY\LOCAL SERVICE,,1,0,0,0,0,182,0,0,0,0,183,1,CyberVolk,ran:CyberVolk:CyberVolk-102276ae1f518745695fe8f291bf6e69856b91723244881561bb1a2338d54b12
2024-11-05 16:15:00,WINDEV2407EVAL\User,,0,0,0,0,0,1,6,0,0,0,10,1,CyberVolk,ran:CyberVolk:CyberVolk-102276ae1f518745695fe8f291bf6e69856b91723244881561bb1a2338d54b12
2024-11-05 16:15:00,NT AUTHORITY\NETWORK SERVICE,,0,10,0,0,0,0,0,0,0,0,10,1,CyberVolk,ran:CyberVolk:CyberVolk-102276ae1f518745695fe8f291bf6e69856b91723244881561bb1a2338d54b12
2024-11-05 16:20:00,NT AUTHORITY\SYSTEM,,0,2,652,0,0,24,8,0,14,0,686,1,CyberVolk,ran:CyberVolk:CyberVolk-102276ae1f518745695fe8f291bf6e69856b91723244881561bb1a2338d54b12
2024-11-05 16:20:00,WINDEV2407EVAL\End-user,,0,5,0,0,0,3,0,0,0,0,10,1,CyberVolk,ran:CyberVolk:CyberVolk-102276ae1f518745695fe8f291bf6e69856b91723244881561bb1a2338d54b12
2024-11-05 16:20:00,WINDEV2407EVAL\User,,0,0,0,0,0,4,0,0,0,0,4,1,CyberVolk,ran:CyberVolk:CyberVolk-102276ae1f518745695fe8f291bf6e69856b91723244881561bb1a2338d54b12
2024-11-05 16:20:00,-\-,,0,0,0,0,0,0,0,0,0,0,5,1,CyberVolk,ran:CyberVolk:CyberVolk-102276ae1f518745695fe8f291bf6e69856b91723244881561bb1a2338d54b12
2024-11-05 16:20:00,NT AUTHORITY\NETWORK SERVICE,,1,0,0,0,0,0,1,0,0,0,2,1,CyberVolk,ran:CyberVolk:CyberVolk-102276ae1f518745695fe8f291bf6e69856b91723244881561bb1a2338d54b12
2024-10-16 14:30:00,WINDEV2407EVAL\End-user,,272,1197,458,0,0,18,405,0,0,0,2360,1,CyberVolk,ran:CyberVolk:CyberVolk-1363c8871061ff83ed3dd0fe025b274442d5c30898c02bdfd4981717f4f33b44
2024-10-16 14:30:00,-\-,,0,0,0,0,0,0,0,0,0,0,16,1,CyberVolk,ran:CyberVolk:CyberVolk-1363c8871061ff83ed3dd0fe025b274442d5c30898c02bdfd4981717f4f33b44
2024-10-16 14:30:00,NT AUTHORITY\SYSTEM,,5,150,4181,0,0,41,5,0,0,0,4383,1,CyberVolk,ran:CyberVolk:CyberVolk-1363c8871061ff83ed3dd0fe025b274442d5c30898c02bdfd4981717f4f33b44
2024-10-16 14:30:00,NT AUTHORITY\NETWORK SERVICE,,0,12,0,0,2,0,1,0,0,0,15,1,CyberVolk,ran:CyberVolk:CyberVolk-1363c8871061ff83ed3dd0fe025b274442d5c30898c02bdfd4981717f4f33b44
2024-10-16 14:30:00,WINDEV2407EVAL\User,,11,7,1,0,0,18,7,0,0,0,63,1,CyberVolk,ran:CyberVolk:CyberVolk-1363c8871061ff83ed3dd0fe025b274442d5c30898c02bdfd4981717f4f33b44
2024-10-16 14:30:00,NT AUTHORITY\LOCAL SERVICE,,2,0,0,0,0,241,0,0,0,0,243,1,CyberVolk,ran:CyberVolk:CyberVolk-1363c8871061ff83ed3dd0fe025b274442d5c30898c02bdfd4981717f4f33b44
2024-10-16 14:35:00,WINDEV2407EVAL\End-user,,360,7,10,0,0,8,548,0,0,0,945,1,CyberVolk,ran:CyberVolk:CyberVolk-1363c8871061ff83ed3dd0fe025b274442d5c30898c02bdfd4981717f4f33b44
2024-10-16 14:35:00,-\-,,0,0,0,0,0,0,0,0,0,0,11,1,CyberVolk,ran:CyberVolk:CyberVolk-1363c8871061ff83ed3dd0fe025b274442d5c30898c02bdfd4981717f4f33b44
2024-10-16 14:35:00,NT AUTHORITY\SYSTEM,,1,12,0,0,0,41,4,0,0,0,58,1,CyberVolk,ran:CyberVolk:CyberVolk-1363c8871061ff83ed3dd0fe025b274442d5c30898c02bdfd4981717f4f33b44
2024-10-16 14:35:00,WINDEV2407EVAL\User,,0,0,0,0,0,3,7,0,0,0,13,1,CyberVolk,ran:CyberVolk:CyberVolk-1363c8871061ff83ed3dd0fe025b274442d5c30898c02bdfd4981717f4f33b44
2024-10-16 15:00:00,WINDEV2407EVAL\End-user,,1,142,0,0,0,0,0,0,0,0,143,1,CyberVolk,ran:CyberVolk:CyberVolk-4331d2c1d7e3b285c951be6ab77984072044cb0085e71b448d6858c421826bc8
2024-10-16 15:00:00,-\-,,0,0,0,0,0,0,0,0,0,0,28,1,CyberVolk,ran:CyberVolk:CyberVolk-4331d2c1d7e3b285c951be6ab77984072044cb0085e71b448d6858c421826bc8
2024-10-16 15:05:00,-\-,,0,0,0,0,0,0,0,0,0,0,8,1,CyberVolk,ran:CyberVolk:CyberVolk-4331d2c1d7e3b285c951be6ab77984072044cb0085e71b448d6858c421826bc8
2024-10-16 15:05:00,WINDEV2407EVAL\End-user,,0,10,0,0,0,0,0,0,0,0,10,1,CyberVolk,ran:CyberVolk:CyberVolk-4331d2c1d7e3b285c951be6ab77984072044cb0085e71b448d6858c421826bc8
2024-10-16 15:25:00,WINDEV2407EVAL\End-user,,527,1448,458,0,0,263,0,0,0,0,2696,1,CyberVolk,ran:CyberVolk:CyberVolk-48630e76e438952a2030f1db408993e088839a801243b5d42e559afda4189f33
2024-10-16 15:25:00,-\-,,0,0,0,0,0,0,0,0,0,0,25,1,CyberVolk,ran:CyberVolk:CyberVolk-48630e76e438952a2030f1db408993e088839a801243b5d42e559afda4189f33
2024-10-16 15:30:00,WINDEV2407EVAL\End-user,,80,42,0,0,0,40,0,0,0,0,162,1,CyberVolk,ran:CyberVolk:CyberVolk-48630e76e438952a2030f1db408993e088839a801243b5d42e559afda4189f33
2024-10-16 15:30:00,-\-,,0,0,0,0,0,0,0,0,0,0,3,1,CyberVolk,ran:CyberVolk:CyberVolk-48630e76e438952a2030f1db408993e088839a801243b5d42e559afda4189f33
2024-10-16 15:10:00,WINDEV2407EVAL\End-user,,1,1261,458,1179,0,0,0,0,1179,0,1720,1,CyberVolk,ran:CyberVolk:CyberVolk-de0b74917fe24c2b38e2d1172b7352f88bf8b3df64b6d44ca5f317db85aeb324
2024-10-16 15:10:00,-\-,,0,0,0,0,0,0,0,0,0,0,20,1,CyberVolk,ran:CyberVolk:CyberVolk-de0b74917fe24c2b38e2d1172b7352f88bf8b3df64b6d44ca5f317db85aeb324
2024-10-16 15:15:00,WINDEV2407EVAL\End-user,,0,196,0,7,0,0,0,0,7,0,196,1,CyberVolk,ran:CyberVolk:CyberVolk-de0b74917fe24c2b38e2d1172b7352f88bf8b3df64b6d44ca5f317db85aeb324
2024-10-16 15:15:00,-\-,,0,0,0,0,0,0,0,0,0,0,6,1,CyberVolk,ran:CyberVolk:CyberVolk-de0b74917fe24c2b38e2d1172b7352f88bf8b3df64b6d44ca5f317db85aeb324
2024-10-16 14:45:00,WINDEV2407EVAL\End-user,,251,0,0,0,0,0,0,0,0,0,251,1,CyberVolk,ran:CyberVolk:CyberVolk-e26db13a9660555448acb7591f382b480b0252d19e3ad6c6678ba5e1f03d6458
2024-10-16 14:45:00,-\-,,0,0,0,0,0,0,0,0,0,0,22,1,CyberVolk,ran:CyberVolk:CyberVolk-e26db13a9660555448acb7591f382b480b0252d19e3ad6c6678ba5e1f03d6458
2024-10-16 14:50:00,WINDEV2407EVAL\End-user,,326,0,0,0,0,0,0,0,0,0,326,1,CyberVolk,ran:CyberVolk:CyberVolk-e26db13a9660555448acb7591f382b480b0252d19e3ad6c6678ba5e1f03d6458
2024-10-16 14:50:00,-\-,,0,0,0,0,0,0,0,0,0,0,5,1,CyberVolk,ran:CyberVolk:CyberVolk-e26db13a9660555448acb7591f382b480b0252d19e3ad6c6678ba5e1f03d6458
2024-11-05 15:30:00,WINDEV2407EVAL\End-user,,13,46,126,0,0,2,16,1,0,0,243,1,LockBit,ran:LockBit:LockBit-1ecea8b0bc92378bf2bdd1c14ae1628c573569419b91cc34504d2c3f8bb9f8b2
2024-11-05 15:30:00,-\-,,0,0,0,0,0,0,0,0,0,0,7,1,LockBit,ran:LockBit:LockBit-1ecea8b0bc92378bf2bdd1c14ae1628c573569419b91cc34504d2c3f8bb9f8b2
2024-11-05 15:30:00,WINDEV2407EVAL\User,,1,0,84,0,0,2,0,0,0,0,91,1,LockBit,ran:LockBit:LockBit-1ecea8b0bc92378bf2bdd1c14ae1628c573569419b91cc34504d2c3f8bb9f8b2
2024-11-05 15:30:00,NT AUTHORITY\SYSTEM,,0,19,55,0,0,6,0,0,0,0,84,1,LockBit,ran:LockBit:LockBit-1ecea8b0bc92378bf2bdd1c14ae1628c573569419b91cc34504d2c3f8bb9f8b2
2024-11-05 15:30:00,NT AUTHORITY\LOCAL SERVICE,,0,0,0,0,0,8,0,0,0,0,8,1,LockBit,ran:LockBit:LockBit-1ecea8b0bc92378bf2bdd1c14ae1628c573569419b91cc34504d2c3f8bb9f8b2
2024-11-05 15:30:00,NT AUTHORITY\NETWORK SERVICE,,0,1,0,0,2,0,0,0,0,0,3,1,LockBit,ran:LockBit:LockBit-1ecea8b0bc92378bf2bdd1c14ae1628c573569419b91cc34504d2c3f8bb9f8b2
2024-11-05 15:35:00,NT AUTHORITY\SYSTEM,,3,38,120,0,0,63,6,0,0,0,237,1,LockBit,ran:LockBit:LockBit-1ecea8b0bc92378bf2bdd1c14ae1628c573569419b91cc34504d2c3f8bb9f8b2
2024-11-05 15:35:00,NT AUTHORITY\LOCAL SERVICE,,2,0,0,0,0,22,0,0,0,0,24,1,LockBit,ran:LockBit:LockBit-1ecea8b0bc92378bf2bdd1c14ae1628c573569419b91cc34504d2c3f8bb9f8b2
2024-11-05 15:35:00,WINDEV2407EVAL\End-user,,2,0,2,0,0,0,28,0,0,0,71,1,LockBit,ran:LockBit:LockBit-1ecea8b0bc92378bf2bdd1c14ae1628c573569419b91cc34504d2c3f8bb9f8b2
2024-11-05 15:35:00,NT AUTHORITY\NETWORK SERVICE,,0,3,0,0,0,0,0,0,0,0,3,1,LockBit,ran:LockBit:LockBit-1ecea8b0bc92378bf2bdd1c14ae1628c573569419b91cc34504d2c3f8bb9f8b2
2024-11-05 15:35:00,WINDEV2407EVAL\User,,1,0,0,0,0,0,6,0,0,0,10,1,LockBit,ran:LockBit:LockBit-1ecea8b0bc92378bf2bdd1c14ae1628c573569419b91cc34504d2c3f8bb9f8b2
2024-10-13 00:55:00,WINDEV2407EVAL\End-user,,43,49,120,0,0,93,20,1,0,0,425,1,LockBit,ran:LockBit:LockBit-30ef1285649b2e75bda94bca80c8846ed097463b9346baa50a10fbdf1f0e2100
2024-10-13 00:55:00,-\-,,0,0,0,0,0,0,0,0,0,0,17,1,LockBit,ran:LockBit:LockBit-30ef1285649b2e75bda94bca80c8846ed097463b9346baa50a10fbdf1f0e2100
2024-10-13 00:55:00,NT AUTHORITY\SYSTEM,,3,7,6,0,0,23,23,0,0,0,65,1,LockBit,ran:LockBit:LockBit-30ef1285649b2e75bda94bca80c8846ed097463b9346baa50a10fbdf1f0e2100
2024-10-13 00:55:00,NT AUTHORITY\NETWORK SERVICE,,0,1,0,0,0,0,2,0,0,0,4,1,LockBit,ran:LockBit:LockBit-30ef1285649b2e75bda94bca80c8846ed097463b9346baa50a10fbdf1f0e2100
2024-10-13 00:55:00,WINDEV2407EVAL\User,,0,0,2,0,0,2,0,0,0,0,4,1,LockBit,ran:LockBit:LockBit-30ef1285649b2e75bda94bca80c8846ed097463b9346baa50a10fbdf1f0e2100
2024-10-13 01:00:00,NT AUTHORITY\SYSTEM,,1,14,15,0,3,17,13,0,0,0,63,1,LockBit,ran:LockBit:LockBit-30ef1285649b2e75bda94bca80c8846ed097463b9346baa50a10fbdf1f0e2100
2024-10-13 01:00:00,NT AUTHORITY\NETWORK SERVICE,,1,0,0,0,0,0,1,0,0,0,2,1,LockBit,ran:LockBit:LockBit-30ef1285649b2e75bda94bca80c8846ed097463b9346baa50a10fbdf1f0e2100
2024-11-05 21:10:00,WINDEV2407EVAL\End-user,,4,49,119,0,0,5,24,1,0,0,255,1,LockBit,ran:LockBit:LockBit-315d043b99f988ce9d9f69d7225292eb44623a97c1a029933b62ede699fa9f13
2024-11-05 21:10:00,-\-,,0,0,0,0,0,0,0,0,0,0,4,1,LockBit,ran:LockBit:LockBit-315d043b99f988ce9d9f69d7225292eb44623a97c1a029933b62ede699fa9f13
2024-11-05 21:10:00,NT AUTHORITY\SYSTEM,,11,558,1292,0,1,83,21,0,41,0,1968,1,LockBit,ran:LockBit:LockBit-315d043b99f988ce9d9f69d7225292eb44623a97c1a029933b62ede699fa9f13
2024-11-05 21:10:00,WINDEV2407EVAL\User,,1,1,3,0,0,2,16,0,0,0,29,1,LockBit,ran:LockBit:LockBit-315d043b99f988ce9d9f69d7225292eb44623a97c1a029933b62ede699fa9f13
2024-11-05 21:10:00,NT AUTHORITY\LOCAL SERVICE,,3,0,0,0,0,283,0,0,0,0,286,1,LockBit,ran:LockBit:LockBit-315d043b99f988ce9d9f69d7225292eb44623a97c1a029933b62ede699fa9f13
2024-11-05 21:10:00,NT AUTHORITY\NETWORK SERVICE,,0,27,0,0,0,0,7,0,0,0,34,1,LockBit,ran:LockBit:LockBit-315d043b99f988ce9d9f69d7225292eb44623a97c1a029933b62ede699fa9f13
2024-11-05 21:15:00,WINDEV2407EVAL\User,,0,0,0,0,0,1,0,0,0,0,1,1,LockBit,ran:LockBit:LockBit-315d043b99f988ce9d9f69d7225292eb44623a97c1a029933b62ede699fa9f13
2024-11-05 21:15:00,NT AUTHORITY\SYSTEM,,0,2,0,0,0,0,7,0,0,0,9,1,LockBit,ran:LockBit:LockBit-315d043b99f988ce9d9f69d7225292eb44623a97c1a029933b62ede699fa9f13
2024-11-05 21:15:00,NT AUTHORITY\NETWORK SERVICE,,1,0,0,0,0,0,1,0,0,0,2,1,LockBit,ran:LockBit:LockBit-315d043b99f988ce9d9f69d7225292eb44623a97c1a029933b62ede699fa9f13
2024-11-05 21:15:00,WINDEV2407EVAL\End-user,,0,0,0,0,0,0,0,0,0,0,8,1,LockBit,ran:LockBit:LockBit-315d043b99f988ce9d9f69d7225292eb44623a97c1a029933b62ede699fa9f13
2024-10-12 16:10:00,WINDEV2407EVAL\End-user,,15,22,110,0,0,15,14,2,0,0,206,1,LockBit,ran:LockBit:LockBit-3c4fb5a1a8cdc44675df9d61c55a83b6f017a84cb01b06053b8f3953f9794d90
2024-10-12 16:10:00,-\-,,0,0,0,0,0,0,0,0,0,0,81,1,LockBit,ran:LockBit:LockBit-3c4fb5a1a8cdc44675df9d61c55a83b6f017a84cb01b06053b8f3953f9794d90
2024-10-12 16:10:00,NT AUTHORITY\SYSTEM,,9,81,83,0,0,27,21,0,0,0,222,1,LockBit,ran:LockBit:LockBit-3c4fb5a1a8cdc44675df9d61c55a83b6f017a84cb01b06053b8f3953f9794d90
2024-10-12 16:10:00,WINDEV2407EVAL\User,,1,0,0,0,0,1,5,0,0,0,9,1,LockBit,ran:LockBit:LockBit-3c4fb5a1a8cdc44675df9d61c55a83b6f017a84cb01b06053b8f3953f9794d90
2024-10-12 16:10:00,NT AUTHORITY\LOCAL SERVICE,,3,0,0,0,0,157,1,0,0,0,162,1,LockBit,ran:LockBit:LockBit-3c4fb5a1a8cdc44675df9d61c55a83b6f017a84cb01b06053b8f3953f9794d90
2024-10-12 16:10:00,NT AUTHORITY\NETWORK SERVICE,,0,7,0,0,0,0,8,0,0,0,15,1,LockBit,ran:LockBit:LockBit-3c4fb5a1a8cdc44675df9d61c55a83b6f017a84cb01b06053b8f3953f9794d90
2024-10-12 16:15:00,NT AUTHORITY\NETWORK SERVICE,,1,0,0,0,0,0,1,0,0,0,2,1,LockBit,ran:LockBit:LockBit-3c4fb5a1a8cdc44675df9d61c55a83b6f017a84cb01b06053b8f3953f9794d90
2024-10-12 16:15:00,NT AUTHORITY\SYSTEM,,0,0,0,0,0,0,1,0,0,0,1,1,LockBit,ran:LockBit:LockBit-3c4fb5a1a8cdc44675df9d61c55a83b6f017a84cb01b06053b8f3953f9794d90
2024-10-12 16:15:00,WINDEV2407EVAL\User,,0,0,0,0,0,1,0,0,0,0,1,1,LockBit,ran:LockBit:LockBit-3c4fb5a1a8cdc44675df9d61c55a83b6f017a84cb01b06053b8f3953f9794d90
2024-10-12 16:15:00,WINDEV2407EVAL\End-user,,2,0,0,0,0,1,1,0,0,0,4,1,LockBit,ran:LockBit:LockBit-3c4fb5a1a8cdc44675df9d61c55a83b6f017a84cb01b06053b8f3953f9794d90
2024-10-13 01:25:00,WINDEV2407EVAL\End-user,,1,21,102,0,0,1,3,1,0,0,131,1,LockBit,ran:LockBit:LockBit-438f5a1fb09af237ae99326f03cf8af16d8c7f03d5a787948aea4f98d6b594cd
2024-10-13 01:25:00,-\-,,0,0,0,0,0,0,0,0,0,0,4,1,LockBit,ran:LockBit:LockBit-438f5a1fb09af237ae99326f03cf8af16d8c7f03d5a787948aea4f98d6b594cd
2024-10-13 01:25:00,NT AUTHORITY\NETWORK SERVICE,,0,0,0,0,0,0,2,0,0,0,2,1,LockBit,ran:LockBit:LockBit-438f5a1fb09af237ae99326f03cf8af16d8c7f03d5a787948aea4f98d6b594cd
2024-10-13 01:25:00,NT AUTHORITY\SYSTEM,,0,0,0,0,0,3,3,0,0,0,6,1,LockBit,ran:LockBit:LockBit-438f5a1fb09af237ae99326f03cf8af16d8c7f03d5a787948aea4f98d6b594cd
2024-10-13 01:30:00,NT AUTHORITY\SYSTEM,,2,15,5,0,0,19,17,0,0,0,61,1,LockBit,ran:LockBit:LockBit-438f5a1fb09af237ae99326f03cf8af16d8c7f03d5a787948aea4f98d6b594cd
2024-10-13 01:30:00,NT AUTHORITY\NETWORK SERVICE,,1,1,0,0,0,0,2,0,0,0,5,1,LockBit,ran:LockBit:LockBit-438f5a1fb09af237ae99326f03cf8af16d8c7f03d5a787948aea4f98d6b594cd
2024-10-13 01:30:00,NT AUTHORITY\LOCAL SERVICE,,0,0,0,0,0,9,0,0,0,0,9,1,LockBit,ran:LockBit:LockBit-438f5a1fb09af237ae99326f03cf8af16d8c7f03d5a787948aea4f98d6b594cd
2024-10-13 01:30:00,WINDEV2407EVAL\User,,0,0,2,0,0,2,0,0,0,0,4,1,LockBit,ran:LockBit:LockBit-438f5a1fb09af237ae99326f03cf8af16d8c7f03d5a787948aea4f98d6b594cd
2024-10-13 01:30:00,WINDEV2407EVAL\End-user,,0,0,0,0,0,0,0,0,0,0,24,1,LockBit,ran:LockBit:LockBit-438f5a1fb09af237ae99326f03cf8af16d8c7f03d5a787948aea4f98d6b594cd
2024-11-05 15:50:00,WINDEV2407EVAL\End-user,,2,47,106,0,0,2,6,1,0,0,199,1,LockBit,ran:LockBit:LockBit-5f227a96e12db3cb3d4f39028e7ee99526e7704301e25bb77fedf478a99f2739
2024-11-05 15:50:00,-\-,,0,0,0,0,0,0,0,0,0,0,4,1,LockBit,ran:LockBit:LockBit-5f227a96e12db3cb3d4f39028e7ee99526e7704301e25bb77fedf478a99f2739
2024-11-05 15:50:00,NT AUTHORITY\SYSTEM,,0,1,0,0,1,7,2,0,0,0,11,1,LockBit,ran:LockBit:LockBit-5f227a96e12db3cb3d4f39028e7ee99526e7704301e25bb77fedf478a99f2739
2024-11-05 15:55:00,NT AUTHORITY\LOCAL SERVICE,,0,0,0,0,0,2,0,0,0,0,2,1,LockBit,ran:LockBit:LockBit-5f227a96e12db3cb3d4f39028e7ee99526e7704301e25bb77fedf478a99f2739
2024-11-05 15:55:00,NT AUTHORITY\SYSTEM,,0,4,0,0,0,29,8,0,0,0,41,1,LockBit,ran:LockBit:LockBit-5f227a96e12db3cb3d4f39028e7ee99526e7704301e25bb77fedf478a99f2739
2024-11-05 15:55:00,NT AUTHORITY\NETWORK SERVICE,,1,0,0,0,4,0,2,0,0,0,7,1,LockBit,ran:LockBit:LockBit-5f227a96e12db3cb3d4f39028e7ee99526e7704301e25bb77fedf478a99f2739
2024-11-05 15:55:00,WINDEV2407EVAL\End-user,,0,0,0,0,0,1,0,0,0,0,1,1,LockBit,ran:LockBit:LockBit-5f227a96e12db3cb3d4f39028e7ee99526e7704301e25bb77fedf478a99f2739
2024-11-05 20:50:00,WINDEV2407EVAL\End-user,,4,48,114,0,0,13,14,1,0,0,197,1,LockBit,ran:LockBit:LockBit-8dd64e306731d5a21d7805c485d6312444be01e2a8dee0807f7f6c401669e685
2024-11-05 20:50:00,-\-,,0,0,0,0,0,0,0,0,0,0,6,1,LockBit,ran:LockBit:LockBit-8dd64e306731d5a21d7805c485d6312444be01e2a8dee0807f7f6c401669e685
2024-11-05 20:50:00,NT AUTHORITY\SYSTEM,,0,11,20,0,0,8,2,0,0,0,41,1,LockBit,ran:LockBit:LockBit-8dd64e306731d5a21d7805c485d6312444be01e2a8dee0807f7f6c401669e685
2024-11-05 20:50:00,NT AUTHORITY\NETWORK SERVICE,,1,0,0,0,0,0,1,0,0,0,2,1,LockBit,ran:LockBit:LockBit-8dd64e306731d5a21d7805c485d6312444be01e2a8dee0807f7f6c401669e685
2024-11-05 20:50:00,NT AUTHORITY\LOCAL SERVICE,,0,0,0,0,0,8,0,0,0,0,8,1,LockBit,ran:LockBit:LockBit-8dd64e306731d5a21d7805c485d6312444be01e2a8dee0807f7f6c401669e685
2024-11-05 20:55:00,NT AUTHORITY\SYSTEM,,1,12,140,0,0,24,2,0,0,0,179,1,LockBit,ran:LockBit:LockBit-8dd64e306731d5a21d7805c485d6312444be01e2a8dee0807f7f6c401669e685
2024-11-05 20:55:00,WINDEV2407EVAL\End-user,,2,0,3,0,0,1,13,0,0,0,40,1,LockBit,ran:LockBit:LockBit-8dd64e306731d5a21d7805c485d6312444be01e2a8dee0807f7f6c401669e685
2024-11-05 20:55:00,NT AUTHORITY\LOCAL SERVICE,,0,0,0,0,0,10,0,0,0,0,10,1,LockBit,ran:LockBit:LockBit-8dd64e306731d5a21d7805c485d6312444be01e2a8dee0807f7f6c401669e685
2024-11-05 20:55:00,NT AUTHORITY\NETWORK SERVICE,,1,0,0,0,0,0,1,0,0,0,2,1,LockBit,ran:LockBit:LockBit-8dd64e306731d5a21d7805c485d6312444be01e2a8dee0807f7f6c401669e685
2024-10-13 15:50:00,WINDEV2407EVAL\End-user,,12,48,119,0,0,17,17,1,0,0,274,1,LockBit,ran:LockBit:LockBit-928bbd9c7ea5cecc40a9cb511ba253e2a0a6144831d7a2874afe03b467e36219
2024-10-13 15:50:00,-\-,,0,0,0,0,0,0,0,0,0,0,43,1,LockBit,ran:LockBit:LockBit-928bbd9c7ea5cecc40a9cb511ba253e2a0a6144831d7a2874afe03b467e36219
2024-10-13 15:50:00,NT AUTHORITY\SYSTEM,,5,103,90,0,0,50,29,0,0,0,281,1,LockBit,ran:LockBit:LockBit-928bbd9c7ea5cecc40a9cb511ba253e2a0a6144831d7a2874afe03b467e36219
2024-10-13 15:50:00,NT AUTHORITY\NETWORK SERVICE,,1,8,0,0,2,0,10,0,0,0,22,1,LockBit,ran:LockBit:LockBit-928bbd9c7ea5cecc40a9cb511ba253e2a0a6144831d7a2874afe03b467e36219
2024-10-13 15:50:00,WINDEV2407EVAL\User,,9,39,308,0,4,68,166,0,0,0,617,1,LockBit,ran:LockBit:LockBit-928bbd9c7ea5cecc40a9cb511ba253e2a0a6144831d7a2874afe03b467e36219
2024-10-13 15:50:00,NT AUTHORITY\LOCAL SERVICE,,2,0,0,0,0,190,0,0,0,0,192,1,LockBit,ran:LockBit:LockBit-928bbd9c7ea5cecc40a9cb511ba253e2a0a6144831d7a2874afe03b467e36219
2024-10-13 15:55:00,NT AUTHORITY\NETWORK SERVICE,,1,0,0,0,0,0,1,0,0,0,2,1,LockBit,ran:LockBit:LockBit-928bbd9c7ea5cecc40a9cb511ba253e2a0a6144831d7a2874afe03b467e36219
2024-10-13 15:55:00,NT AUTHORITY\SYSTEM,,0,2,0,0,0,6,4,0,0,0,12,1,LockBit,ran:LockBit:LockBit-928bbd9c7ea5cecc40a9cb511ba253e2a0a6144831d7a2874afe03b467e36219
2024-10-13 01:50:00,WINDEV2407EVAL\End-user,,1,38,116,0,0,4,3,0,0,0,165,1,LockBit,ran:LockBit:LockBit-aa33bb0e6a17986339a7917ddadd6b4ce708780426b24a51b0b8e9d66d72b20e
2024-10-13 01:50:00,-\-,,0,0,0,0,0,0,0,0,0,0,6,1,LockBit,ran:LockBit:LockBit-aa33bb0e6a17986339a7917ddadd6b4ce708780426b24a51b0b8e9d66d72b20e
2024-10-13 01:50:00,WINDEV2407EVAL\User,,10,0,4,0,0,13,5,0,0,0,50,1,LockBit,ran:LockBit:LockBit-aa33bb0e6a17986339a7917ddadd6b4ce708780426b24a51b0b8e9d66d72b20e
2024-10-13 01:50:00,NT AUTHORITY\SYSTEM,,2,0,0,0,0,2,0,0,0,0,4,1,LockBit,ran:LockBit:LockBit-aa33bb0e6a17986339a7917ddadd6b4ce708780426b24a51b0b8e9d66d72b20e
2024-10-13 01:55:00,WINDEV2407EVAL\End-user,,12,11,8,0,0,15,32,1,0,0,123,1,LockBit,ran:LockBit:LockBit-aa33bb0e6a17986339a7917ddadd6b4ce708780426b24a51b0b8e9d66d72b20e
2024-10-13 01:55:00,WINDEV2407EVAL\User,,1,0,0,0,0,1,2,0,0,0,6,1,LockBit,ran:LockBit:LockBit-aa33bb0e6a17986339a7917ddadd6b4ce708780426b24a51b0b8e9d66d72b20e
2024-10-13 01:55:00,NT AUTHORITY\NETWORK SERVICE,,1,3,0,0,2,0,2,0,0,0,9,1,LockBit,ran:LockBit:LockBit-aa33bb0e6a17986339a7917ddadd6b4ce708780426b24a51b0b8e9d66d72b20e
2024-10-13 01:55:00,-\-,,0,0,0,0,0,0,0,0,0,0,4,1,LockBit,ran:LockBit:LockBit-aa33bb0e6a17986339a7917ddadd6b4ce708780426b24a51b0b8e9d66d72b20e
2024-10-13 01:55:00,NT AUTHORITY\SYSTEM,,2,34,6,0,0,51,23,0,0,0,119,1,LockBit,ran:LockBit:LockBit-aa33bb0e6a17986339a7917ddadd6b4ce708780426b24a51b0b8e9d66d72b20e
2024-10-13 01:55:00,NT AUTHORITY\LOCAL SERVICE,,0,0,0,0,0,9,0,0,0,0,9,1,LockBit,ran:LockBit:LockBit-aa33bb0e6a17986339a7917ddadd6b4ce708780426b24a51b0b8e9d66d72b20e
2024-10-13 01:40:00,WINDEV2407EVAL\End-user,,50,94,130,0,4,96,32,1,0,0,504,1,LockBit,ran:LockBit:LockBit-b65b65c3ccf923af7be7db31b3919120e47849cc3e870afdac1bc555fc25b200
2024-10-13 01:40:00,-\-,,0,0,0,0,0,0,0,0,0,0,18,1,LockBit,ran:LockBit:LockBit-b65b65c3ccf923af7be7db31b3919120e47849cc3e870afdac1bc555fc25b200
2024-10-13 01:40:00,NT AUTHORITY\NETWORK SERVICE,,2,3,0,0,0,0,8,0,0,0,13,1,LockBit,ran:LockBit:LockBit-b65b65c3ccf923af7be7db31b3919120e47849cc3e870afdac1bc555fc25b200
2024-10-13 01:40:00,NT AUTHORITY\SYSTEM,,8,26,0,0,0,29,21,0,0,0,86,1,LockBit,ran:LockBit:LockBit-b65b65c3ccf923af7be7db31b3919120e47849cc3e870afdac1bc555fc25b200
2024-10-13 01:40:00,WINDEV2407EVAL\User,,1,0,0,0,0,0,3,0,0,0,5,1,LockBit,ran:LockBit:LockBit-b65b65c3ccf923af7be7db31b3919120e47849cc3e870afdac1bc555fc25b200
2024-10-13 01:40:00,NT AUTHORITY\LOCAL SERVICE,,1,0,0,0,0,0,0,0,0,0,1,1,LockBit,ran:LockBit:LockBit-b65b65c3ccf923af7be7db31b3919120e47849cc3e870afdac1bc555fc25b200
2024-10-13 01:45:00,WINDEV2407EVAL\End-user,,2,7,304,0,0,43,54,0,0,0,423,1,LockBit,ran:LockBit:LockBit-b65b65c3ccf923af7be7db31b3919120e47849cc3e870afdac1bc555fc25b200
2024-10-13 01:45:00,NT AUTHORITY\NETWORK SERVICE,,0,5,0,0,0,0,4,0,0,0,10,1,LockBit,ran:LockBit:LockBit-b65b65c3ccf923af7be7db31b3919120e47849cc3e870afdac1bc555fc25b200
2024-10-13 01:45:00,NT AUTHORITY\LOCAL SERVICE,,1,0,0,0,0,157,1,0,0,0,159,1,LockBit,ran:LockBit:LockBit-b65b65c3ccf923af7be7db31b3919120e47849cc3e870afdac1bc555fc25b200
2024-10-13 01:45:00,NT AUTHORITY\SYSTEM,,2,64,90,0,0,28,21,0,0,0,208,1,LockBit,ran:LockBit:LockBit-b65b65c3ccf923af7be7db31b3919120e47849cc3e870afdac1bc555fc25b200
2024-10-13 01:45:00,-\-,,0,0,0,0,0,0,0,0,0,0,39,1,LockBit,ran:LockBit:LockBit-b65b65c3ccf923af7be7db31b3919120e47849cc3e870afdac1bc555fc25b200
2024-10-13 01:45:00,WINDEV2407EVAL\User,,0,0,0,0,0,2,2,0,0,0,5,1,LockBit,ran:LockBit:LockBit-b65b65c3ccf923af7be7db31b3919120e47849cc3e870afdac1bc555fc25b200
2024-10-13 16:55:00,WINDEV2407EVAL\End-user,,1,215,102,0,0,0,2,0,0,0,320,1,LockBit,ran:LockBit:LockBit-bf7f4f6ccce0da1288f2ba7e68885f8ff4b439e9a6760c00bc61a4342ebbff34
2024-10-13 16:55:00,-\-,,0,0,0,0,0,0,0,0,0,0,4,1,LockBit,ran:LockBit:LockBit-bf7f4f6ccce0da1288f2ba7e68885f8ff4b439e9a6760c00bc61a4342ebbff34
2024-10-13 17:00:00,WINDEV2407EVAL\End-user,,0,140,0,0,0,0,0,0,0,0,142,1,LockBit,ran:LockBit:LockBit-bf7f4f6ccce0da1288f2ba7e68885f8ff4b439e9a6760c00bc61a4342ebbff34
2024-10-13 16:05:00,WINDEV2407EVAL\End-user,,43,48,119,0,0,92,21,1,0,0,409,1,LockBit,ran:LockBit:LockBit-ce5697da75dbfb616b7b0b092daeee86b925155a98c73c6933f6797d9d1f9319
2024-10-13 16:05:00,-\-,,0,0,0,0,0,0,0,0,0,0,16,1,LockBit,ran:LockBit:LockBit-ce5697da75dbfb616b7b0b092daeee86b925155a98c73c6933f6797d9d1f9319
2024-10-13 16:05:00,NT AUTHORITY\LOCAL SERVICE,,0,0,0,0,0,33,0,0,0,0,33,1,LockBit,ran:LockBit:LockBit-ce5697da75dbfb616b7b0b092daeee86b925155a98c73c6933f6797d9d1f9319
2024-10-13 16:05:00,NT AUTHORITY\SYSTEM,,3,7,63,0,0,23,22,0,0,0,121,1,LockBit,ran:LockBit:LockBit-ce5697da75dbfb616b7b0b092daeee86b925155a98c73c6933f6797d9d1f9319
2024-10-13 16:05:00,WINDEV2407EVAL\User,,0,0,0,0,0,1,2,0,0,0,4,1,LockBit,ran:LockBit:LockBit-ce5697da75dbfb616b7b0b092daeee86b925155a98c73c6933f6797d9d1f9319
2024-10-13 16:05:00,NT AUTHORITY\NETWORK SERVICE,,1,1,0,0,0,0,3,0,0,0,6,1,LockBit,ran:LockBit:LockBit-ce5697da75dbfb616b7b0b092daeee86b925155a98c73c6933f6797d9d1f9319
2024-10-13 16:10:00,WINDEV2407EVAL\End-user,,0,0,0,0,0,2,0,0,0,0,36,1,LockBit,ran:LockBit:LockBit-ce5697da75dbfb616b7b0b092daeee86b925155a98c73c6933f6797d9d1f9319
2024-10-13 16:10:00,NT AUTHORITY\NETWORK SERVICE,,0,0,0,0,0,0,1,0,0,0,1,1,LockBit,ran:LockBit:LockBit-ce5697da75dbfb616b7b0b092daeee86b925155a98c73c6933f6797d9d1f9319
2024-10-13 16:10:00,NT AUTHORITY\SYSTEM,,0,1,0,0,0,20,2,0,0,0,23,1,LockBit,ran:LockBit:LockBit-ce5697da75dbfb616b7b0b092daeee86b925155a98c73c6933f6797d9d1f9319
2024-10-13 16:10:00,WINDEV2407EVAL\User,,0,0,2,0,0,2,0,0,0,0,4,1,LockBit,ran:LockBit:LockBit-ce5697da75dbfb616b7b0b092daeee86b925155a98c73c6933f6797d9d1f9319
2024-10-13 16:20:00,WINDEV2407EVAL\End-user,,44,48,119,0,0,94,22,1,0,0,433,1,LockBit,ran:LockBit:LockBit-d6dfb80b6c926d604da8b8ae0960e37678058fe90b3812d41b4ed686b0934350
2024-10-13 16:20:00,-\-,,0,0,0,0,0,0,0,0,0,0,19,1,LockBit,ran:LockBit:LockBit-d6dfb80b6c926d604da8b8ae0960e37678058fe90b3812d41b4ed686b0934350
2024-10-13 16:20:00,NT AUTHORITY\SYSTEM,,1,0,0,0,0,1,0,0,0,0,2,1,LockBit,ran:LockBit:LockBit-d6dfb80b6c926d604da8b8ae0960e37678058fe90b3812d41b4ed686b0934350
2024-10-13 16:25:00,WINDEV2407EVAL\End-user,,7,52,303,0,4,46,61,0,0,0,484,1,LockBit,ran:LockBit:LockBit-d6dfb80b6c926d604da8b8ae0960e37678058fe90b3812d41b4ed686b0934350
2024-10-13 16:25:00,NT AUTHORITY\SYSTEM,,9,93,33,0,0,28,38,0,0,0,206,1,LockBit,ran:LockBit:LockBit-d6dfb80b6c926d604da8b8ae0960e37678058fe90b3812d41b4ed686b0934350
2024-10-13 16:25:00,WINDEV2407EVAL\User,,1,0,0,0,0,0,6,0,0,0,8,1,LockBit,ran:LockBit:LockBit-d6dfb80b6c926d604da8b8ae0960e37678058fe90b3812d41b4ed686b0934350
2024-10-13 16:25:00,NT AUTHORITY\NETWORK SERVICE,,1,7,0,0,0,0,7,0,0,0,16,1,LockBit,ran:LockBit:LockBit-d6dfb80b6c926d604da8b8ae0960e37678058fe90b3812d41b4ed686b0934350
2024-10-13 16:25:00,NT AUTHORITY\LOCAL SERVICE,,2,0,0,0,0,124,1,0,0,0,127,1,LockBit,ran:LockBit:LockBit-d6dfb80b6c926d604da8b8ae0960e37678058fe90b3812d41b4ed686b0934350
2024-10-13 16:25:00,-\-,,0,0,0,0,0,0,0,0,0,0,40,1,LockBit,ran:LockBit:LockBit-d6dfb80b6c926d604da8b8ae0960e37678058fe90b3812d41b4ed686b0934350
2024-10-13 15:35:00,WINDEV2407EVAL\End-user,,15,22,112,0,0,15,36,1,0,0,233,1,LockBit,ran:LockBit:LockBit-e6e5005216528e5554aebdadc5a0e5ac9ca88785bfced1eb9bc2c750a7799288
2024-10-13 15:35:00,-\-,,0,0,0,0,0,0,0,0,0,0,10,1,LockBit,ran:LockBit:LockBit-e6e5005216528e5554aebdadc5a0e5ac9ca88785bfced1eb9bc2c750a7799288
2024-10-13 15:35:00,NT AUTHORITY\SYSTEM,,9,169,0,0,0,23,17,0,0,0,221,1,LockBit,ran:LockBit:LockBit-e6e5005216528e5554aebdadc5a0e5ac9ca88785bfced1eb9bc2c750a7799288
2024-10-13 15:35:00,WINDEV2407EVAL\User,,12,0,1,0,0,16,13,0,0,0,66,1,LockBit,ran:LockBit:LockBit-e6e5005216528e5554aebdadc5a0e5ac9ca88785bfced1eb9bc2c750a7799288
2024-10-13 15:35:00,NT AUTHORITY\LOCAL SERVICE,,3,0,0,0,0,14,0,0,0,0,17,1,LockBit,ran:LockBit:LockBit-e6e5005216528e5554aebdadc5a0e5ac9ca88785bfced1eb9bc2c750a7799288
2024-10-13 15:35:00,NT AUTHORITY\NETWORK SERVICE,,0,3,0,0,0,0,0,0,0,0,3,1,LockBit,ran:LockBit:LockBit-e6e5005216528e5554aebdadc5a0e5ac9ca88785bfced1eb9bc2c750a7799288
2024-10-13 15:40:00,NT AUTHORITY\SYSTEM,,0,72,0,0,0,8,3,0,0,0,83,1,LockBit,ran:LockBit:LockBit-e6e5005216528e5554aebdadc5a0e5ac9ca88785bfced1eb9bc2c750a7799288
2024-10-13 15:40:00,WINDEV2407EVAL\End-user,,2,0,0,0,0,0,5,0,0,0,25,1,LockBit,ran:LockBit:LockBit-e6e5005216528e5554aebdadc5a0e5ac9ca88785bfced1eb9bc2c750a7799288
2024-10-13 15:40:00,WINDEV2407EVAL\User,,0,0,0,0,0,0,0,0,0,0,1,1,LockBit,ran:LockBit:LockBit-e6e5005216528e5554aebdadc5a0e5ac9ca88785bfced1eb9bc2c750a7799288
2024-10-13 15:40:00,NT AUTHORITY\NETWORK SERVICE,,1,0,0,0,0,0,2,0,0,0,3,1,LockBit,ran:LockBit:LockBit-e6e5005216528e5554aebdadc5a0e5ac9ca88785bfced1eb9bc2c750a7799288
2024-10-13 15:40:00,-\-,,0,0,0,0,0,0,0,0,0,0,1,1,LockBit,ran:LockBit:LockBit-e6e5005216528e5554aebdadc5a0e5ac9ca88785bfced1eb9bc2c750a7799288
2024-10-15 21:25:00,WINDEV2407EVAL\End-user,,7,13,73,0,0,32,25,0,0,0,184,1,Lynx,ran:Lynx:Lynx-571f5de9dd0d509ed7e5242b9b7473c2b2cbb36ba64d38b32122a0a337d6cf8b
2024-10-15 21:25:00,-\-,,0,0,0,0,0,0,0,0,0,0,24,1,Lynx,ran:Lynx:Lynx-571f5de9dd0d509ed7e5242b9b7473c2b2cbb36ba64d38b32122a0a337d6cf8b
2024-10-15 21:25:00,NT AUTHORITY\SYSTEM,,0,6,0,0,0,12,0,0,0,0,18,1,Lynx,ran:Lynx:Lynx-571f5de9dd0d509ed7e5242b9b7473c2b2cbb36ba64d38b32122a0a337d6cf8b
2024-10-15 21:25:00,WINDEV2407EVAL\User,,0,9,0,0,0,6,1,0,0,0,16,1,Lynx,ran:Lynx:Lynx-571f5de9dd0d509ed7e5242b9b7473c2b2cbb36ba64d38b32122a0a337d6cf8b
2024-10-15 21:30:00,NT AUTHORITY\NETWORK SERVICE,,2,0,0,0,0,0,2,0,0,0,4,1,Lynx,ran:Lynx:Lynx-571f5de9dd0d509ed7e5242b9b7473c2b2cbb36ba64d38b32122a0a337d6cf8b
2024-10-15 21:30:00,-\-,,0,0,0,0,0,0,0,0,0,0,7,1,Lynx,ran:Lynx:Lynx-571f5de9dd0d509ed7e5242b9b7473c2b2cbb36ba64d38b32122a0a337d6cf8b
2024-10-15 21:30:00,WINDEV2407EVAL\User,,10,0,4,0,0,19,12,0,0,0,65,1,Lynx,ran:Lynx:Lynx-571f5de9dd0d509ed7e5242b9b7473c2b2cbb36ba64d38b32122a0a337d6cf8b
2024-10-15 21:30:00,WINDEV2407EVAL\End-user,,10,26,10,0,0,21,16,0,0,0,125,1,Lynx,ran:Lynx:Lynx-571f5de9dd0d509ed7e5242b9b7473c2b2cbb36ba64d38b32122a0a337d6cf8b
2024-10-15 21:30:00,NT AUTHORITY\SYSTEM,,2,11,0,0,0,46,3,0,0,0,63,1,Lynx,ran:Lynx:Lynx-571f5de9dd0d509ed7e5242b9b7473c2b2cbb36ba64d38b32122a0a337d6cf8b
2024-10-15 21:30:00,NT AUTHORITY\LOCAL SERVICE,,2,0,0,0,0,0,0,0,0,0,2,1,Lynx,ran:Lynx:Lynx-571f5de9dd0d509ed7e5242b9b7473c2b2cbb36ba64d38b32122a0a337d6cf8b
2024-10-15 22:05:00,WINDEV2407EVAL\End-user,,3,40,68,0,0,6,6,0,0,0,152,1,Lynx,ran:Lynx:Lynx-85699c7180ad77f2ede0b15862bb7b51ad9df0478ed394866ac7fa9362bf5683
2024-10-15 22:05:00,-\-,,0,0,0,0,0,0,0,0,0,0,73,1,Lynx,ran:Lynx:Lynx-85699c7180ad77f2ede0b15862bb7b51ad9df0478ed394866ac7fa9362bf5683
2024-10-15 22:05:00,WINDEV2407EVAL\User,,0,0,0,0,0,1,0,0,0,0,1,1,Lynx,ran:Lynx:Lynx-85699c7180ad77f2ede0b15862bb7b51ad9df0478ed394866ac7fa9362bf5683
2024-10-15 22:05:00,NT AUTHORITY\SYSTEM,,0,7,2,0,0,6,0,0,0,0,15,1,Lynx,ran:Lynx:Lynx-85699c7180ad77f2ede0b15862bb7b51ad9df0478ed394866ac7fa9362bf5683
2024-10-15 22:05:00,NT AUTHORITY\NETWORK SERVICE,,1,11,0,0,6,0,1,0,0,0,19,1,Lynx,ran:Lynx:Lynx-85699c7180ad77f2ede0b15862bb7b51ad9df0478ed394866ac7fa9362bf5683
2024-10-15 22:05:00,NT AUTHORITY\LOCAL SERVICE,,1,0,0,0,0,0,1,0,0,0,2,1,Lynx,ran:Lynx:Lynx-85699c7180ad77f2ede0b15862bb7b51ad9df0478ed394866ac7fa9362bf5683
2024-10-15 22:10:00,NT AUTHORITY\SYSTEM,,0,21,2,0,0,6,0,0,0,0,29,1,Lynx,ran:Lynx:Lynx-85699c7180ad77f2ede0b15862bb7b51ad9df0478ed394866ac7fa9362bf5683
2024-10-15 22:10:00,NT AUTHORITY\NETWORK SERVICE,,1,0,0,0,0,0,1,0,0,0,2,1,Lynx,ran:Lynx:Lynx-85699c7180ad77f2ede0b15862bb7b51ad9df0478ed394866ac7fa9362bf5683
2024-10-15 22:15:00,WINDEV2407EVAL\End-user,,10,30,71,0,0,20,23,0,0,0,213,1,Lynx,ran:Lynx:Lynx-b378b7ef0f906358eec595777a50f9bb5cc7bb6635e0f031d65b818a26bdc4ee
2024-10-15 22:15:00,-\-,,0,0,0,0,0,0,0,0,0,0,15,1,Lynx,ran:Lynx:Lynx-b378b7ef0f906358eec595777a50f9bb5cc7bb6635e0f031d65b818a26bdc4ee
2024-10-15 22:15:00,NT AUTHORITY\SYSTEM,,2,2,0,0,0,28,4,0,0,0,37,1,Lynx,ran:Lynx:Lynx-b378b7ef0f906358eec595777a50f9bb5cc7bb6635e0f031d65b818a26bdc4ee
2024-10-15 22:15:00,WINDEV2407EVAL\User,,11,0,4,0,0,17,12,0,0,0,65,1,Lynx,ran:Lynx:Lynx-b378b7ef0f906358eec595777a50f9bb5cc7bb6635e0f031d65b818a26bdc4ee
2024-10-15 22:15:00,NT AUTHORITY\LOCAL SERVICE,,2,0,0,0,0,0,0,0,0,0,2,1,Lynx,ran:Lynx:Lynx-b378b7ef0f906358eec595777a50f9bb5cc7bb6635e0f031d65b818a26bdc4ee
2024-10-15 22:20:00,WINDEV2407EVAL\End-user,,1,0,0,0,0,1,1,0,0,0,4,1,Lynx,ran:Lynx:Lynx-b378b7ef0f906358eec595777a50f9bb5cc7bb6635e0f031d65b818a26bdc4ee
2024-10-15 22:20:00,NT AUTHORITY\SYSTEM,,1,11,0,0,0,22,2,0,0,0,36,1,Lynx,ran:Lynx:Lynx-b378b7ef0f906358eec595777a50f9bb5cc7bb6635e0f031d65b818a26bdc4ee
2024-10-15 22:20:00,WINDEV2407EVAL\User,,0,0,0,0,0,1,0,0,0,0,1,1,Lynx,ran:Lynx:Lynx-b378b7ef0f906358eec595777a50f9bb5cc7bb6635e0f031d65b818a26bdc4ee
2024-11-05 21:20:00,WINDEV2407EVAL\End-user,,11,42,78,0,0,13,21,0,0,0,188,1,Lynx,ran:Lynx:Lynx-d5ca3e0e25d768769e4afda209aca1f563768dae79571a38e3070428f8adf031
2024-11-05 21:20:00,-\-,,0,0,0,0,0,0,0,0,0,0,17,1,Lynx,ran:Lynx:Lynx-d5ca3e0e25d768769e4afda209aca1f563768dae79571a38e3070428f8adf031
2024-11-05 21:20:00,NT AUTHORITY\SYSTEM,,2,11,0,0,0,25,4,0,0,0,43,1,Lynx,ran:Lynx:Lynx-d5ca3e0e25d768769e4afda209aca1f563768dae79571a38e3070428f8adf031
2024-11-05 21:20:00,NT AUTHORITY\LOCAL SERVICE,,2,0,0,0,0,0,0,0,0,0,2,1,Lynx,ran:Lynx:Lynx-d5ca3e0e25d768769e4afda209aca1f563768dae79571a38e3070428f8adf031
2024-11-05 21:25:00,WINDEV2407EVAL\End-user,,6,39,7,0,4,139,22,0,0,0,249,1,Lynx,ran:Lynx:Lynx-d5ca3e0e25d768769e4afda209aca1f563768dae79571a38e3070428f8adf031
2024-11-05 21:25:00,NT AUTHORITY\SYSTEM,,10,458,1216,0,1,69,26,0,41,0,1781,1,Lynx,ran:Lynx:Lynx-d5ca3e0e25d768769e4afda209aca1f563768dae79571a38e3070428f8adf031
2024-11-05 21:25:00,-\-,,0,0,0,0,0,0,0,0,0,0,9,1,Lynx,ran:Lynx:Lynx-d5ca3e0e25d768769e4afda209aca1f563768dae79571a38e3070428f8adf031
2024-11-05 21:25:00,NT AUTHORITY\NETWORK SERVICE,,1,27,0,0,0,0,8,0,0,0,36,1,Lynx,ran:Lynx:Lynx-d5ca3e0e25d768769e4afda209aca1f563768dae79571a38e3070428f8adf031
2024-11-05 21:25:00,NT AUTHORITY\LOCAL SERVICE,,2,0,0,0,0,129,1,0,0,0,132,1,Lynx,ran:Lynx:Lynx-d5ca3e0e25d768769e4afda209aca1f563768dae79571a38e3070428f8adf031
2024-10-15 23:05:00,WINDEV2407EVAL\End-user,,3,13,69,0,0,8,10,0,0,0,114,1,Lynx,ran:Lynx:Lynx-eaa0e773eb593b0046452f420b6db8a47178c09e6db0fa68f6a2d42c3f48e3bc
2024-10-15 23:05:00,NT AUTHORITY\SYSTEM,,5,2,0,0,0,16,9,0,0,0,32,1,Lynx,ran:Lynx:Lynx-eaa0e773eb593b0046452f420b6db8a47178c09e6db0fa68f6a2d42c3f48e3bc
2024-10-15 23:05:00,-\-,,0,0,0,0,0,0,0,0,0,0,12,1,Lynx,ran:Lynx:Lynx-eaa0e773eb593b0046452f420b6db8a47178c09e6db0fa68f6a2d42c3f48e3bc
2024-10-15 23:05:00,WINDEV2407EVAL\User,,3,0,0,0,2,2,17,0,0,0,27,1,Lynx,ran:Lynx:Lynx-eaa0e773eb593b0046452f420b6db8a47178c09e6db0fa68f6a2d42c3f48e3bc
2024-10-15 23:05:00,NT AUTHORITY\LOCAL SERVICE,,1,0,0,0,0,0,0,0,0,0,1,1,Lynx,ran:Lynx:Lynx-eaa0e773eb593b0046452f420b6db8a47178c09e6db0fa68f6a2d42c3f48e3bc
2024-10-15 23:05:00,NT AUTHORITY\NETWORK SERVICE,,0,1,0,0,0,0,0,0,0,0,1,1,Lynx,ran:Lynx:Lynx-eaa0e773eb593b0046452f420b6db8a47178c09e6db0fa68f6a2d42c3f48e3bc
2024-10-15 23:10:00,WINDEV2407EVAL\User,,11,0,4,0,0,29,38,0,0,0,106,1,Lynx,ran:Lynx:Lynx-eaa0e773eb593b0046452f420b6db8a47178c09e6db0fa68f6a2d42c3f48e3bc
2024-10-15 23:10:00,WINDEV2407EVAL\End-user,,10,33,8,0,0,23,18,0,0,0,144,1,Lynx,ran:Lynx:Lynx-eaa0e773eb593b0046452f420b6db8a47178c09e6db0fa68f6a2d42c3f48e3bc
2024-10-15 23:10:00,NT AUTHORITY\SYSTEM,,8,179,4130,0,0,82,16,0,0,0,4416,1,Lynx,ran:Lynx:Lynx-eaa0e773eb593b0046452f420b6db8a47178c09e6db0fa68f6a2d42c3f48e3bc
2024-10-15 23:10:00,NT AUTHORITY\NETWORK SERVICE,,0,13,0,0,2,0,7,0,0,0,22,1,Lynx,ran:Lynx:Lynx-eaa0e773eb593b0046452f420b6db8a47178c09e6db0fa68f6a2d42c3f48e3bc
2024-10-15 23:10:00,NT AUTHORITY\LOCAL SERVICE,,3,0,0,0,0,208,0,0,0,0,211,1,Lynx,ran:Lynx:Lynx-eaa0e773eb593b0046452f420b6db8a47178c09e6db0fa68f6a2d42c3f48e3bc
2024-10-15 23:10:00,-\-,,0,0,0,0,0,0,0,0,0,0,6,1,Lynx,ran:Lynx:Lynx-eaa0e773eb593b0046452f420b6db8a47178c09e6db0fa68f6a2d42c3f48e3bc
2024-10-15 22:25:00,WINDEV2407EVAL\End-user,,1,1,68,0,0,4,9,0,0,0,110,1,Lynx,ran:Lynx:Lynx-ecbfea3e7869166dd418f15387bc33ce46f2c72168f571071916b5054d7f6e49
2024-10-15 22:25:00,-\-,,0,0,0,0,0,0,0,0,0,0,12,1,Lynx,ran:Lynx:Lynx-ecbfea3e7869166dd418f15387bc33ce46f2c72168f571071916b5054d7f6e49
2024-10-15 22:25:00,NT AUTHORITY\SYSTEM,,0,1,0,0,0,10,3,0,0,0,14,1,Lynx,ran:Lynx:Lynx-ecbfea3e7869166dd418f15387bc33ce46f2c72168f571071916b5054d7f6e49
2024-10-15 22:25:00,NT AUTHORITY\NETWORK SERVICE,,0,1,0,0,0,0,1,0,0,0,2,1,Lynx,ran:Lynx:Lynx-ecbfea3e7869166dd418f15387bc33ce46f2c72168f571071916b5054d7f6e49
2024-10-15 22:25:00,WINDEV2407EVAL\User,,0,0,0,0,0,2,2,0,0,0,4,1,Lynx,ran:Lynx:Lynx-ecbfea3e7869166dd418f15387bc33ce46f2c72168f571071916b5054d7f6e49
2024-10-15 22:30:00,NT AUTHORITY\SYSTEM,,2,12,0,0,0,40,2,0,0,0,56,1,Lynx,ran:Lynx:Lynx-ecbfea3e7869166dd418f15387bc33ce46f2c72168f571071916b5054d7f6e49
2024-10-15 22:30:00,WINDEV2407EVAL\End-user,,10,29,9,0,0,21,13,0,0,0,130,1,Lynx,ran:Lynx:Lynx-ecbfea3e7869166dd418f15387bc33ce46f2c72168f571071916b5054d7f6e49
2024-10-15 22:30:00,WINDEV2407EVAL\User,,11,0,4,0,0,18,11,0,0,0,65,1,Lynx,ran:Lynx:Lynx-ecbfea3e7869166dd418f15387bc33ce46f2c72168f571071916b5054d7f6e49
2024-10-15 22:30:00,-\-,,0,0,0,0,0,0,0,0,0,0,7,1,Lynx,ran:Lynx:Lynx-ecbfea3e7869166dd418f15387bc33ce46f2c72168f571071916b5054d7f6e49
2024-10-14 15:10:00,WINDEV2407EVAL\End-user,,6,46,0,0,0,7,12,0,0,0,76,1,Medusa,ran:Medusa:Medusa-05b51b5f41e483020d14126522a13c69b75e5cbb093a78980877bb60cf778873
2024-10-14 15:10:00,-\-,,0,0,0,0,0,0,0,0,0,0,1339,1,Medusa,ran:Medusa:Medusa-05b51b5f41e483020d14126522a13c69b75e5cbb093a78980877bb60cf778873
2024-10-14 15:10:00,NT AUTHORITY\SYSTEM,,8,21,0,0,1,22,23,0,0,0,79,1,Medusa,ran:Medusa:Medusa-05b51b5f41e483020d14126522a13c69b75e5cbb093a78980877bb60cf778873
2024-10-14 15:10:00,WINDEV2407EVAL\User,,13,54,12,0,0,22,32,2,0,0,154,1,Medusa,ran:Medusa:Medusa-05b51b5f41e483020d14126522a13c69b75e5cbb093a78980877bb60cf778873
2024-10-14 15:10:00,NT AUTHORITY\LOCAL SERVICE,,3,0,0,0,0,0,0,0,0,0,3,1,Medusa,ran:Medusa:Medusa-05b51b5f41e483020d14126522a13c69b75e5cbb093a78980877bb60cf778873
2024-10-14 15:10:00,NT AUTHORITY\NETWORK SERVICE,,0,1,0,0,0,0,5,0,0,0,6,1,Medusa,ran:Medusa:Medusa-05b51b5f41e483020d14126522a13c69b75e5cbb093a78980877bb60cf778873
2024-10-14 15:15:00,-\-,,0,0,0,0,0,0,0,0,0,0,3676,1,Medusa,ran:Medusa:Medusa-05b51b5f41e483020d14126522a13c69b75e5cbb093a78980877bb60cf778873
2024-10-14 15:15:00,NT AUTHORITY\SYSTEM,,1,74,92,0,0,48,4,0,0,0,219,1,Medusa,ran:Medusa:Medusa-05b51b5f41e483020d14126522a13c69b75e5cbb093a78980877bb60cf778873
2024-10-14 15:15:00,WINDEV2407EVAL\User,,0,1161,9,0,0,3,9,0,0,0,1186,1,Medusa,ran:Medusa:Medusa-05b51b5f41e483020d14126522a13c69b75e5cbb093a78980877bb60cf778873
2024-10-14 15:15:00,NT AUTHORITY\NETWORK SERVICE,,0,6,0,0,0,0,2,0,0,0,8,1,Medusa,ran:Medusa:Medusa-05b51b5f41e483020d14126522a13c69b75e5cbb093a78980877bb60cf778873
2024-10-14 15:15:00,NT AUTHORITY\LOCAL SERVICE,,1,0,0,0,0,157,1,0,0,0,159,1,Medusa,ran:Medusa:Medusa-05b51b5f41e483020d14126522a13c69b75e5cbb093a78980877bb60cf778873
2024-10-14 15:15:00,WINDEV2407EVAL\End-user,,10,57,580,0,8,126,283,0,0,0,1086,1,Medusa,ran:Medusa:Medusa-05b51b5f41e483020d14126522a13c69b75e5cbb093a78980877bb60cf778873
2024-10-14 14:55:00,WINDEV2407EVAL\End-user,,11,0,1,0,0,29,8,0,0,0,76,1,Medusa,ran:Medusa:Medusa-26af2222204fca27c0fdabf9eefbfdb638a8a9322b297119f85cce3c708090f0
2024-10-14 14:55:00,-\-,,0,0,0,0,0,0,0,0,0,0,1148,1,Medusa,ran:Medusa:Medusa-26af2222204fca27c0fdabf9eefbfdb638a8a9322b297119f85cce3c708090f0
2024-10-14 14:55:00,NT AUTHORITY\SYSTEM,,2,12,0,0,0,93,54,0,0,0,162,1,Medusa,ran:Medusa:Medusa-26af2222204fca27c0fdabf9eefbfdb638a8a9322b297119f85cce3c708090f0
2024-10-14 14:55:00,WINDEV2407EVAL\User,,12,1002,13,0,0,27,34,2,0,0,1110,1,Medusa,ran:Medusa:Medusa-26af2222204fca27c0fdabf9eefbfdb638a8a9322b297119f85cce3c708090f0
2024-10-14 14:55:00,NT AUTHORITY\LOCAL SERVICE,,2,0,0,0,0,0,0,0,0,0,2,1,Medusa,ran:Medusa:Medusa-26af2222204fca27c0fdabf9eefbfdb638a8a9322b297119f85cce3c708090f0
2024-10-14 14:55:00,NT AUTHORITY\NETWORK SERVICE,,1,0,0,0,0,0,1,0,0,0,2,1,Medusa,ran:Medusa:Medusa-26af2222204fca27c0fdabf9eefbfdb638a8a9322b297119f85cce3c708090f0
2024-10-14 15:40:00,WINDEV2407EVAL\End-user,,1,0,1,0,0,13,1,0,0,0,17,1,Medusa,ran:Medusa:Medusa-860154eb48c722136e8c84b14a528be602aa6bc3de77523ea4d9490f280f69d7
2024-10-14 15:40:00,-\-,,0,0,0,0,0,0,0,0,0,0,2842,1,Medusa,ran:Medusa:Medusa-860154eb48c722136e8c84b14a528be602aa6bc3de77523ea4d9490f280f69d7
2024-10-14 15:40:00,NT AUTHORITY\SYSTEM,,0,2,0,0,0,18,13,0,0,0,33,1,Medusa,ran:Medusa:Medusa-860154eb48c722136e8c84b14a528be602aa6bc3de77523ea4d9490f280f69d7
2024-10-14 15:40:00,NT AUTHORITY\NETWORK SERVICE,,0,0,0,0,0,0,1,0,0,0,1,1,Medusa,ran:Medusa:Medusa-860154eb48c722136e8c84b14a528be602aa6bc3de77523ea4d9490f280f69d7
2024-10-14 15:40:00,WINDEV2407EVAL\User,,1,54,14,0,0,9,24,2,0,0,103,1,Medusa,ran:Medusa:Medusa-860154eb48c722136e8c84b14a528be602aa6bc3de77523ea4d9490f280f69d7
2024-10-14 15:45:00,-\-,,0,0,0,0,0,0,0,0,0,0,703,1,Medusa,ran:Medusa:Medusa-860154eb48c722136e8c84b14a528be602aa6bc3de77523ea4d9490f280f69d7
2024-10-14 15:45:00,WINDEV2407EVAL\User,,0,1161,1,0,0,1,0,0,0,0,1163,1,Medusa,ran:Medusa:Medusa-860154eb48c722136e8c84b14a528be602aa6bc3de77523ea4d9490f280f69d7
2024-10-14 15:45:00,NT AUTHORITY\SYSTEM,,2,6,6,0,0,7,17,0,0,0,41,1,Medusa,ran:Medusa:Medusa-860154eb48c722136e8c84b14a528be602aa6bc3de77523ea4d9490f280f69d7
2024-10-14 15:45:00,NT AUTHORITY\NETWORK SERVICE,,1,0,0,0,0,0,1,0,0,0,3,1,Medusa,ran:Medusa:Medusa-860154eb48c722136e8c84b14a528be602aa6bc3de77523ea4d9490f280f69d7
2024-10-14 15:20:00,WINDEV2407EVAL\End-user,,4,0,0,0,0,1,7,0,0,0,15,1,Medusa,ran:Medusa:Medusa-8e797fff8fae9afb216b81ae341aac9f05f419061075b0f6ce4c0c7a67f458a4
2024-10-14 15:20:00,-\-,,0,0,0,0,0,0,0,0,0,0,12,1,Medusa,ran:Medusa:Medusa-8e797fff8fae9afb216b81ae341aac9f05f419061075b0f6ce4c0c7a67f458a4
2024-10-14 15:20:00,NT AUTHORITY\SYSTEM,,4,6,0,0,0,17,16,0,0,0,44,1,Medusa,ran:Medusa:Medusa-8e797fff8fae9afb216b81ae341aac9f05f419061075b0f6ce4c0c7a67f458a4
2024-10-14 15:20:00,WINDEV2407EVAL\User,,2,3,0,0,0,7,16,0,0,0,29,1,Medusa,ran:Medusa:Medusa-8e797fff8fae9afb216b81ae341aac9f05f419061075b0f6ce4c0c7a67f458a4
2024-10-14 15:25:00,NT AUTHORITY\SYSTEM,,5,99,93,0,0,65,16,0,0,0,280,1,Medusa,ran:Medusa:Medusa-8e797fff8fae9afb216b81ae341aac9f05f419061075b0f6ce4c0c7a67f458a4
2024-10-14 15:25:00,NT AUTHORITY\LOCAL SERVICE,,4,0,0,0,0,157,1,0,0,0,162,1,Medusa,ran:Medusa:Medusa-8e797fff8fae9afb216b81ae341aac9f05f419061075b0f6ce4c0c7a67f458a4
2024-10-14 15:25:00,NT AUTHORITY\NETWORK SERVICE,,1,7,0,0,0,0,7,0,0,0,15,1,Medusa,ran:Medusa:Medusa-8e797fff8fae9afb216b81ae341aac9f05f419061075b0f6ce4c0c7a67f458a4
2024-10-14 15:25:00,-\-,,0,0,0,0,0,0,0,0,0,0,35,1,Medusa,ran:Medusa:Medusa-8e797fff8fae9afb216b81ae341aac9f05f419061075b0f6ce4c0c7a67f458a4
2024-10-14 15:25:00,WINDEV2407EVAL\End-user,,8,52,307,0,4,72,193,0,0,0,659,1,Medusa,ran:Medusa:Medusa-8e797fff8fae9afb216b81ae341aac9f05f419061075b0f6ce4c0c7a67f458a4
2024-10-14 15:25:00,WINDEV2407EVAL\User,,11,45,6,0,0,18,15,2,0,0,119,1,Medusa,ran:Medusa:Medusa-8e797fff8fae9afb216b81ae341aac9f05f419061075b0f6ce4c0c7a67f458a4
2024-10-14 19:05:00,WINDEV2407EVAL\End-user,,2,1,0,0,0,0,2,1,0,0,8,1,Medusa,ran:Medusa:Medusa-b2493a580153291b69ca23190d00a00b1220cd0aadf469b3974fdaa726516649
2024-10-14 19:05:00,-\-,,0,0,0,0,0,0,0,0,0,0,12,1,Medusa,ran:Medusa:Medusa-b2493a580153291b69ca23190d00a00b1220cd0aadf469b3974fdaa726516649
2024-10-14 19:05:00,WINDEV2407EVAL\User,,1,17,4,0,0,5,2,1,0,0,29,1,Medusa,ran:Medusa:Medusa-b2493a580153291b69ca23190d00a00b1220cd0aadf469b3974fdaa726516649
2024-10-14 19:10:00,-\-,,0,0,0,0,0,0,0,0,0,0,1370,1,Medusa,ran:Medusa:Medusa-b2493a580153291b69ca23190d00a00b1220cd0aadf469b3974fdaa726516649
2024-10-14 21:25:00,WINDEV2407EVAL\End-user,,7,10,0,0,4,19,20,0,0,0,66,1,Medusa,ran:Medusa:Medusa-ba87d97a4c7dec4e2eef997190f5f875c8564395bf3c95bd95055f447c495387
2024-10-14 21:25:00,-\-,,0,0,0,0,0,0,0,0,0,0,19,1,Medusa,ran:Medusa:Medusa-ba87d97a4c7dec4e2eef997190f5f875c8564395bf3c95bd95055f447c495387
2024-10-14 21:25:00,NT AUTHORITY\SYSTEM,,7,19,0,0,0,31,20,0,0,0,82,1,Medusa,ran:Medusa:Medusa-ba87d97a4c7dec4e2eef997190f5f875c8564395bf3c95bd95055f447c495387
2024-10-14 21:25:00,WINDEV2407EVAL\User,,6,48,9,0,0,14,21,2,0,0,110,1,Medusa,ran:Medusa:Medusa-ba87d97a4c7dec4e2eef997190f5f875c8564395bf3c95bd95055f447c495387
2024-10-14 21:25:00,NT AUTHORITY\NETWORK SERVICE,,1,1,0,0,0,0,1,0,0,0,3,1,Medusa,ran:Medusa:Medusa-ba87d97a4c7dec4e2eef997190f5f875c8564395bf3c95bd95055f447c495387
2024-10-14 21:25:00,NT AUTHORITY\LOCAL SERVICE,,1,0,0,0,0,0,0,0,0,0,1,1,Medusa,ran:Medusa:Medusa-ba87d97a4c7dec4e2eef997190f5f875c8564395bf3c95bd95055f447c495387
2024-10-14 21:30:00,WINDEV2407EVAL\End-user,,3,42,275,0,0,43,70,0,0,0,441,1,Medusa,ran:Medusa:Medusa-ba87d97a4c7dec4e2eef997190f5f875c8564395bf3c95bd95055f447c495387
2024-10-14 21:30:00,NT AUTHORITY\SYSTEM,,3,80,99,0,0,31,25,0,0,0,241,1,Medusa,ran:Medusa:Medusa-ba87d97a4c7dec4e2eef997190f5f875c8564395bf3c95bd95055f447c495387
2024-10-14 21:30:00,NT AUTHORITY\NETWORK SERVICE,,0,7,0,0,0,0,5,0,0,0,13,1,Medusa,ran:Medusa:Medusa-ba87d97a4c7dec4e2eef997190f5f875c8564395bf3c95bd95055f447c495387
2024-10-14 21:30:00,NT AUTHORITY\LOCAL SERVICE,,1,0,0,0,0,157,1,0,0,0,159,1,Medusa,ran:Medusa:Medusa-ba87d97a4c7dec4e2eef997190f5f875c8564395bf3c95bd95055f447c495387
2024-10-14 21:30:00,WINDEV2407EVAL\User,,0,0,0,0,0,1,2,0,0,0,4,1,Medusa,ran:Medusa:Medusa-ba87d97a4c7dec4e2eef997190f5f875c8564395bf3c95bd95055f447c495387
2024-10-14 18:40:00,WINDEV2407EVAL\End-user,,6,46,0,0,3,14,14,0,0,0,90,1,Medusa,ran:Medusa:Medusa-f0c2c9663215a97b04f1f97cb34c99c2cf06ba502fd1f1ad4922ead45fa442a6
2024-10-14 18:40:00,-\-,,0,0,0,0,0,0,0,0,0,0,3794,1,Medusa,ran:Medusa:Medusa-f0c2c9663215a97b04f1f97cb34c99c2cf06ba502fd1f1ad4922ead45fa442a6
2024-10-14 18:40:00,NT AUTHORITY\SYSTEM,,10,102,95,0,1,40,44,0,0,0,297,1,Medusa,ran:Medusa:Medusa-f0c2c9663215a97b04f1f97cb34c99c2cf06ba502fd1f1ad4922ead45fa442a6
2024-10-14 18:40:00,WINDEV2407EVAL\User,,2,54,17,0,0,10,29,2,0,0,115,1,Medusa,ran:Medusa:Medusa-f0c2c9663215a97b04f1f97cb34c99c2cf06ba502fd1f1ad4922ead45fa442a6
2024-10-14 18:40:00,NT AUTHORITY\LOCAL SERVICE,,3,0,0,0,0,190,1,0,0,0,194,1,Medusa,ran:Medusa:Medusa-f0c2c9663215a97b04f1f97cb34c99c2cf06ba502fd1f1ad4922ead45fa442a6
2024-10-14 18:40:00,NT AUTHORITY\NETWORK SERVICE,,0,7,0,0,0,0,6,0,0,0,14,1,Medusa,ran:Medusa:Medusa-f0c2c9663215a97b04f1f97cb34c99c2cf06ba502fd1f1ad4922ead45fa442a6
2024-10-14 18:45:00,-\-,,0,0,0,0,0,0,0,0,0,0,1408,1,Medusa,ran:Medusa:Medusa-f0c2c9663215a97b04f1f97cb34c99c2cf06ba502fd1f1ad4922ead45fa442a6
2024-10-14 18:45:00,WINDEV2407EVAL\End-user,,9,57,550,0,5,122,247,0,0,0,1009,1,Medusa,ran:Medusa:Medusa-f0c2c9663215a97b04f1f97cb34c99c2cf06ba502fd1f1ad4922ead45fa442a6
2024-10-14 18:45:00,NT AUTHORITY\SYSTEM,,0,5,4,0,0,16,8,0,0,0,33,1,Medusa,ran:Medusa:Medusa-f0c2c9663215a97b04f1f97cb34c99c2cf06ba502fd1f1ad4922ead45fa442a6
2024-10-14 18:45:00,WINDEV2407EVAL\User,,0,1161,2,0,0,3,0,0,0,0,1166,1,Medusa,ran:Medusa:Medusa-f0c2c9663215a97b04f1f97cb34c99c2cf06ba502fd1f1ad4922ead45fa442a6
2024-10-14 18:45:00,NT AUTHORITY\NETWORK SERVICE,,0,1,0,0,0,0,1,0,0,0,2,1,Medusa,ran:Medusa:Medusa-f0c2c9663215a97b04f1f97cb34c99c2cf06ba502fd1f1ad4922ead45fa442a6
2024-10-14 18:50:00,WINDEV2407EVAL\End-user,,1,0,0,0,0,0,0,0,0,0,1,1,Medusa,ran:Medusa:Medusa-fb1fc5323853e3289c41b4df3851cda88462ce954c2b9c7102c5a363dfa8166d
2024-10-14 18:50:00,-\-,,0,0,0,0,0,0,0,0,0,0,3,1,Medusa,ran:Medusa:Medusa-fb1fc5323853e3289c41b4df3851cda88462ce954c2b9c7102c5a363dfa8166d
2024-10-14 18:50:00,NT AUTHORITY\SYSTEM,,0,0,0,0,0,0,1,0,0,0,1,1,Medusa,ran:Medusa:Medusa-fb1fc5323853e3289c41b4df3851cda88462ce954c2b9c7102c5a363dfa8166d
2024-10-14 18:55:00,NT AUTHORITY\SYSTEM,,3,9,6,0,0,36,32,0,0,0,89,1,Medusa,ran:Medusa:Medusa-fb1fc5323853e3289c41b4df3851cda88462ce954c2b9c7102c5a363dfa8166d
2024-10-14 18:55:00,WINDEV2407EVAL\User,,1,1215,17,0,0,13,28,2,0,0,1277,1,Medusa,ran:Medusa:Medusa-fb1fc5323853e3289c41b4df3851cda88462ce954c2b9c7102c5a363dfa8166d
2024-10-14 18:55:00,-\-,,0,0,0,0,0,0,0,0,0,0,2156,1,Medusa,ran:Medusa:Medusa-fb1fc5323853e3289c41b4df3851cda88462ce954c2b9c7102c5a363dfa8166d
2024-10-14 18:55:00,WINDEV2407EVAL\End-user,,0,0,0,0,0,12,8,0,0,0,25,1,Medusa,ran:Medusa:Medusa-fb1fc5323853e3289c41b4df3851cda88462ce954c2b9c7102c5a363dfa8166d
2024-10-14 18:55:00,NT AUTHORITY\NETWORK SERVICE,,1,1,0,0,0,0,2,0,0,0,5,1,Medusa,ran:Medusa:Medusa-fb1fc5323853e3289c41b4df3851cda88462ce954c2b9c7102c5a363dfa8166d
2024-10-14 19:15:00,WINDEV2407EVAL\End-user,,1,0,0,0,0,1,5,0,0,0,9,1,Medusa,ran:Medusa:Medusa-fc0f65213e7ad5960378433efc55642c116c750e10cb881ed7297f361b6be7dd
2024-10-14 19:15:00,-\-,,0,0,0,0,0,0,0,0,0,0,13,1,Medusa,ran:Medusa:Medusa-fc0f65213e7ad5960378433efc55642c116c750e10cb881ed7297f361b6be7dd
2024-10-14 19:15:00,NT AUTHORITY\SYSTEM,,2,1,0,0,0,23,5,0,0,0,31,1,Medusa,ran:Medusa:Medusa-fc0f65213e7ad5960378433efc55642c116c750e10cb881ed7297f361b6be7dd
2024-10-14 19:15:00,WINDEV2407EVAL\User,,1,3,0,0,0,7,16,0,0,0,28,1,Medusa,ran:Medusa:Medusa-fc0f65213e7ad5960378433efc55642c116c750e10cb881ed7297f361b6be7dd
2024-10-14 19:20:00,WINDEV2407EVAL\User,,11,45,9,0,0,16,9,2,0,0,113,1,Medusa,ran:Medusa:Medusa-fc0f65213e7ad5960378433efc55642c116c750e10cb881ed7297f361b6be7dd
2024-10-14 19:20:00,NT AUTHORITY\LOCAL SERVICE,,2,0,0,0,0,0,0,0,0,0,2,1,Medusa,ran:Medusa:Medusa-fc0f65213e7ad5960378433efc55642c116c750e10cb881ed7297f361b6be7dd
2024-10-14 19:20:00,NT AUTHORITY\SYSTEM,,1,11,1,0,0,23,1,0,0,0,38,1,Medusa,ran:Medusa:Medusa-fc0f65213e7ad5960378433efc55642c116c750e10cb881ed7297f361b6be7dd
2024-10-14 19:20:00,WINDEV2407EVAL\End-user,,0,0,0,0,0,14,1,0,0,0,17,1,Medusa,ran:Medusa:Medusa-fc0f65213e7ad5960378433efc55642c116c750e10cb881ed7297f361b6be7dd
2024-10-14 19:20:00,-\-,,0,0,0,0,0,0,0,0,0,0,3,1,Medusa,ran:Medusa:Medusa-fc0f65213e7ad5960378433efc55642c116c750e10cb881ed7297f361b6be7dd
2024-10-15 14:30:00,WINDEV2407EVAL\End-user,,16,52,10,0,1,23,23,0,0,0,163,1,Meow,ran:Meow:Meow-222e2b91f5becea8c7c05883e4a58796a1f68628fbb0852b533fed08d8e9b853
2024-10-15 14:30:00,-\-,,0,0,0,0,0,0,0,0,0,0,10,1,Meow,ran:Meow:Meow-222e2b91f5becea8c7c05883e4a58796a1f68628fbb0852b533fed08d8e9b853
2024-10-15 14:30:00,WINDEV2407EVAL\User,,11,7,6,0,0,18,12,0,0,0,79,1,Meow,ran:Meow:Meow-222e2b91f5becea8c7c05883e4a58796a1f68628fbb0852b533fed08d8e9b853
2024-10-15 14:30:00,NT AUTHORITY\NETWORK SERVICE,,0,2,0,0,0,0,1,0,0,0,3,1,Meow,ran:Meow:Meow-222e2b91f5becea8c7c05883e4a58796a1f68628fbb0852b533fed08d8e9b853
2024-10-15 14:30:00,NT AUTHORITY\SYSTEM,,2,21,4076,0,0,53,2,0,0,0,4155,1,Meow,ran:Meow:Meow-222e2b91f5becea8c7c05883e4a58796a1f68628fbb0852b533fed08d8e9b853
2024-10-15 14:30:00,NT AUTHORITY\LOCAL SERVICE,,2,0,0,0,0,30,0,0,0,0,32,1,Meow,ran:Meow:Meow-222e2b91f5becea8c7c05883e4a58796a1f68628fbb0852b533fed08d8e9b853
2024-10-15 14:35:00,NT AUTHORITY\SYSTEM,,0,0,0,0,0,6,2,0,0,0,8,1,Meow,ran:Meow:Meow-222e2b91f5becea8c7c05883e4a58796a1f68628fbb0852b533fed08d8e9b853
2024-10-15 14:35:00,WINDEV2407EVAL\End-user,,0,0,0,0,0,0,0,0,0,0,24,1,Meow,ran:Meow:Meow-222e2b91f5becea8c7c05883e4a58796a1f68628fbb0852b533fed08d8e9b853
2024-10-15 20:40:00,WINDEV2407EVAL\End-user,,17,42,8,0,1,24,10,0,0,0,143,1,Meow,ran:Meow:Meow-435a917a2ad1adbe35e97247d7c2dc0d50be12b2d1a311d5b2a7b28dd315fc33
2024-10-15 20:40:00,-\-,,0,0,0,0,0,0,0,0,0,0,7,1,Meow,ran:Meow:Meow-435a917a2ad1adbe35e97247d7c2dc0d50be12b2d1a311d5b2a7b28dd315fc33
2024-10-15 20:40:00,NT AUTHORITY\NETWORK SERVICE,,0,1,0,0,4,0,1,0,0,0,6,1,Meow,ran:Meow:Meow-435a917a2ad1adbe35e97247d7c2dc0d50be12b2d1a311d5b2a7b28dd315fc33
2024-10-15 20:40:00,NT AUTHORITY\SYSTEM,,1,8,0,0,0,13,2,0,0,0,24,1,Meow,ran:Meow:Meow-435a917a2ad1adbe35e97247d7c2dc0d50be12b2d1a311d5b2a7b28dd315fc33
2024-10-15 20:40:00,NT AUTHORITY\LOCAL SERVICE,,1,0,0,0,0,0,0,0,0,0,1,1,Meow,ran:Meow:Meow-435a917a2ad1adbe35e97247d7c2dc0d50be12b2d1a311d5b2a7b28dd315fc33
2024-10-15 20:45:00,WINDEV2407EVAL\End-user,,0,0,0,0,0,0,0,0,0,0,24,1,Meow,ran:Meow:Meow-435a917a2ad1adbe35e97247d7c2dc0d50be12b2d1a311d5b2a7b28dd315fc33
2024-10-15 20:45:00,NT AUTHORITY\SYSTEM,,0,3,0,0,0,12,4,0,0,0,19,1,Meow,ran:Meow:Meow-435a917a2ad1adbe35e97247d7c2dc0d50be12b2d1a311d5b2a7b28dd315fc33
2024-10-15 20:45:00,WINDEV2407EVAL\User,,0,0,0,0,0,0,1,0,0,0,1,1,Meow,ran:Meow:Meow-435a917a2ad1adbe35e97247d7c2dc0d50be12b2d1a311d5b2a7b28dd315fc33
