timestamp,host,process_name,cpu_percent,memory_mb,disk_write_mb,file_write_count,file_rename_count,network_connections,child_process_count,unsigned_binary,suspicious_extension_changes,entropy_score,shadow_copy_events,label
2026-05-12T09:00:00,host-39,powershell.exe,89,982,0.0,29,75,31,8,1,53,7.5,0,suspicious
2026-05-12T09:05:00,host-26,code.exe,32,421,42.0,38,2,13,4,0,0,4.1,0,benign
2026-05-12T09:10:00,host-14,svchost.exe,64,697,7.2,12,6,58,2,0,0,4.7,0,benign
2026-05-12T09:15:00,host-41,encryptor.exe,94,934,380.9,314,193,42,3,1,87,8.5,1,suspicious
2026-05-12T09:20:00,host-33,powershell.exe,68,617,259.6,59,109,0,7,0,47,7.4,1,suspicious
2026-05-12T09:25:00,host-28,excel.exe,22,262,0.0,8,5,34,3,0,1,4.7,0,benign
2026-05-12T09:30:00,host-13,outlook.exe,18,302,32.2,24,3,42,3,0,1,4.0,0,benign
2026-05-12T09:35:00,host-02,outlook.exe,7,1100,0.0,27,9,21,3,0,1,3.7,0,benign
2026-05-12T09:40:00,host-07,svchost.exe,29,603,0.0,43,0,36,2,0,1,3.7,0,benign
2026-05-12T09:45:00,host-19,chrome.exe,31,1632,0.0,18,0,20,0,0,1,3.4,0,benign
2026-05-12T09:50:00,host-20,outlook.exe,77,1107,0.0,0,4,10,1,0,1,4.9,0,benign
2026-05-12T09:55:00,host-29,outlook.exe,16,873,64.2,45,8,18,0,1,0,5.6,0,benign
2026-05-12T10:00:00,host-07,chrome.exe,32,822,19.0,17,5,19,0,0,1,5.2,0,benign
2026-05-12T10:05:00,host-57,code.exe,29,695,47.7,55,11,35,0,0,4,5.3,0,benign
2026-05-12T10:10:00,host-19,svchost.exe,50,453,36.1,26,3,26,3,0,1,4.7,0,benign
2026-05-12T10:15:00,host-52,encryptor.exe,80,849,329.9,410,100,26,2,1,115,8.6,0,suspicious
2026-05-12T10:20:00,host-30,rclone.exe,50,862,5.8,54,6,356,9,0,1,3.5,0,benign
2026-05-12T10:25:00,host-02,outlook.exe,13,0,15.9,3,0,8,2,0,0,5.6,0,benign
2026-05-12T10:30:00,host-49,powershell.exe,122,349,110.5,144,139,10,7,0,44,6.5,1,suspicious
2026-05-12T10:35:00,host-42,explorer.exe,29,622,31.8,75,4,39,2,0,0,4.5,0,benign
2026-05-12T10:40:00,host-38,teams.exe,32,518,0.0,82,4,42,0,0,2,3.6,0,benign
2026-05-12T10:45:00,host-37,encryptor.exe,89,1099,373.7,477,26,20,3,1,74,7.7,1,suspicious
2026-05-12T10:50:00,host-46,teams.exe,19,869,0.0,28,10,45,5,0,2,5.3,0,benign
2026-05-12T10:55:00,host-22,python.exe,12,1395,0.0,67,2,59,4,0,2,3.4,0,benign
2026-05-12T11:00:00,host-38,powershell.exe,101,891,84.1,49,71,4,5,0,22,7.8,0,suspicious
2026-05-12T11:05:00,host-43,python.exe,32,1708,0.0,19,6,0,5,0,3,4.0,0,benign
2026-05-12T11:10:00,host-49,miner.exe,98,1155,12.8,17,3,90,0,1,4,4.1,0,suspicious
2026-05-12T11:15:00,host-45,chrome.exe,49,1328,41.0,59,15,25,0,0,0,4.4,0,benign
2026-05-12T11:20:00,host-23,excel.exe,11,1120,33.1,50,0,0,2,0,2,4.7,0,benign
2026-05-12T11:25:00,host-28,encryptor.exe,96,1292,407.7,215,169,29,5,0,101,8.3,1,suspicious
2026-05-12T11:30:00,host-58,python.exe,0,0,3.0,66,2,35,4,0,1,5.1,0,benign
2026-05-12T11:35:00,host-48,svchost.exe,9,721,40.1,100,0,40,0,1,1,3.2,0,benign
2026-05-12T11:40:00,host-23,excel.exe,13,1114,15.3,52,5,63,1,0,3,4.1,0,benign
2026-05-12T11:45:00,host-41,code.exe,60,1938,21.7,46,8,9,3,0,2,3.8,0,benign
2026-05-12T11:50:00,host-55,explorer.exe,20,1869,47.6,6,5,20,1,0,2,4.1,0,benign
2026-05-12T11:55:00,host-32,encryptor.exe,92,1773,368.2,370,177,22,1,1,59,8.7,0,suspicious
2026-05-12T12:00:00,host-22,teams.exe,19,1368,0.0,28,0,0,5,0,0,3.4,0,benign
2026-05-12T12:05:00,host-20,rclone.exe,54,604,83.3,0,3,187,3,1,3,5.7,0,suspicious
2026-05-12T12:10:00,host-57,rclone.exe,27,1268,50.4,106,2,282,3,1,7,4.6,0,suspicious
2026-05-12T12:15:00,host-33,svchost.exe,36,631,48.7,0,0,0,0,0,1,4.1,0,benign
2026-05-12T12:20:00,host-14,svchost.exe,37,1093,33.9,50,13,28,1,0,0,3.6,0,benign
2026-05-12T12:25:00,host-32,explorer.exe,31,926,0.9,72,7,26,1,0,1,3.4,1,benign
2026-05-12T12:30:00,host-24,encryptor.exe,92,618,480.3,450,165,32,0,0,76,8.0,1,suspicious
2026-05-12T12:35:00,host-39,teams.exe,29,1706,0.0,49,12,0,0,0,0,4.8,0,benign
2026-05-12T12:40:00,host-05,python.exe,48,586,4.1,59,7,41,0,1,0,4.4,0,benign
2026-05-12T12:45:00,host-44,miner.exe,99,1597,5.8,49,1,61,3,1,2,4.2,0,suspicious
2026-05-12T12:50:00,host-44,code.exe,54,2175,9.9,0,1,23,2,0,2,4.6,0,benign
2026-05-12T12:55:00,host-51,rclone.exe,48,682,52.9,75,0,192,2,1,1,6.7,0,suspicious
2026-05-12T13:00:00,host-18,code.exe,28,1506,11.9,0,3,7,1,0,0,3.3,0,benign
2026-05-12T13:05:00,host-13,powershell.exe,82,486,34.7,179,84,111,10,0,32,7.5,1,suspicious
2026-05-12T13:10:00,host-35,encryptor.exe,87,1008,431.2,480,152,17,4,1,114,7.5,1,suspicious
2026-05-12T13:15:00,host-34,explorer.exe,9,799,47.8,31,0,29,4,0,0,4.6,0,benign
2026-05-12T13:20:00,host-18,explorer.exe,6,894,14.7,0,0,47,1,0,1,5.0,0,benign
2026-05-12T13:25:00,host-20,encryptor.exe,92,1507,257.4,166,207,26,4,1,93,8.5,1,suspicious
2026-05-12T13:30:00,host-14,svchost.exe,43,1494,0.0,0,3,53,6,0,0,3.8,0,benign
2026-05-12T13:35:00,host-37,excel.exe,57,1468,0.0,70,6,41,4,0,2,4.7,0,benign
2026-05-12T13:40:00,host-36,svchost.exe,2,1741,63.2,88,4,64,2,0,0,4.5,0,benign
2026-05-12T13:45:00,host-10,excel.exe,57,1347,20.3,49,3,25,0,0,0,3.5,0,benign
2026-05-12T13:50:00,host-01,powershell.exe,76,999,224.7,192,72,15,4,1,43,8.0,0,suspicious
2026-05-12T13:55:00,host-09,rclone.exe,49,729,31.1,60,2,136,4,1,3,5.3,0,suspicious
2026-05-12T14:00:00,host-25,excel.exe,31,319,0.0,0,3,31,2,0,0,4.5,0,benign
2026-05-12T14:05:00,host-51,miner.exe,95,1142,10.1,49,8,50,6,1,5,4.5,0,suspicious
2026-05-12T14:10:00,host-34,teams.exe,12,1384,11.0,23,8,31,3,0,2,4.6,0,benign
2026-05-12T14:15:00,host-12,explorer.exe,24,942,2.7,69,0,20,1,0,2,3.7,0,benign
2026-05-12T14:20:00,host-53,explorer.exe,25,790,17.4,39,4,54,0,0,0,4.5,0,benign
2026-05-12T14:25:00,host-49,python.exe,10,621,9.8,41,1,56,1,0,2,3.4,0,benign
2026-05-12T14:30:00,host-03,powershell.exe,69,1318,122.0,31,73,8,5,1,46,6.2,0,suspicious
2026-05-12T14:35:00,host-13,miner.exe,94,1712,35.5,0,1,34,2,1,1,5.9,0,suspicious
2026-05-12T14:40:00,host-22,chrome.exe,25,1124,49.1,98,5,45,0,0,3,4.8,0,benign
2026-05-12T14:45:00,host-05,code.exe,30,722,28.4,0,5,0,0,0,2,3.6,0,benign
2026-05-12T14:50:00,host-39,powershell.exe,78,822,269.3,129,30,37,8,0,30,6.1,1,suspicious
2026-05-12T14:55:00,host-37,python.exe,29,1208,0.0,4,9,20,0,0,2,3.4,0,benign
2026-05-12T15:00:00,host-38,miner.exe,99,938,20.0,14,1,86,5,1,4,4.5,0,suspicious
2026-05-12T15:05:00,host-43,excel.exe,40,870,1.8,25,6,30,3,0,0,4.8,1,benign
2026-05-12T15:10:00,host-10,python.exe,0,377,0.0,42,2,22,3,0,2,4.5,0,benign
2026-05-12T15:15:00,host-35,rclone.exe,46,798,112.3,98,6,145,4,1,2,6.0,0,suspicious
2026-05-12T15:20:00,host-36,miner.exe,94,1890,25.5,22,0,34,1,0,0,4.9,0,suspicious
2026-05-12T15:25:00,host-07,powershell.exe,57,1142,152.0,149,75,53,7,1,26,7.8,1,benign
2026-05-12T15:30:00,host-29,code.exe,51,861,15.1,1,2,0,0,0,4,6.0,0,benign
2026-05-12T15:35:00,host-48,excel.exe,33,931,22.8,26,0,0,3,0,0,4.3,0,benign
2026-05-12T15:40:00,host-09,rclone.exe,70,1353,84.7,89,12,259,5,1,4,3.9,0,suspicious
2026-05-12T15:45:00,host-56,powershell.exe,91,1146,118.3,39,60,43,8,1,28,7.1,1,suspicious
2026-05-12T15:50:00,host-25,explorer.exe,21,808,13.2,102,3,24,0,0,0,3.9,0,benign
2026-05-12T15:55:00,host-26,encryptor.exe,90,1215,352.0,300,283,0,0,1,85,8.7,1,suspicious
2026-05-12T16:00:00,host-03,python.exe,28,1381,26.8,20,6,33,2,0,0,3.4,0,benign
2026-05-12T16:05:00,host-15,svchost.exe,7,470,81.4,103,1,21,0,0,1,3.7,0,benign
2026-05-12T16:10:00,host-10,code.exe,32,1109,0.0,70,0,46,2,0,0,4.5,0,benign
2026-05-12T16:15:00,host-49,code.exe,20,1275,68.3,109,0,7,5,0,0,4.0,0,benign
2026-05-12T16:20:00,host-11,miner.exe,95,1148,49.2,26,5,45,2,0,0,3.6,0,suspicious
2026-05-12T16:25:00,host-19,chrome.exe,24,1545,30.3,67,0,43,3,0,2,4.6,0,benign
2026-05-12T16:30:00,host-51,teams.exe,0,943,28.2,12,3,44,3,0,4,3.7,0,benign
2026-05-12T16:35:00,host-30,python.exe,18,0,15.7,0,8,68,0,0,0,3.9,0,benign
2026-05-12T16:40:00,host-38,outlook.exe,43,949,39.9,24,3,27,0,0,2,4.7,0,benign
2026-05-12T16:45:00,host-10,explorer.exe,14,912,5.0,97,5,25,4,0,0,4.8,1,benign
2026-05-12T16:50:00,host-55,excel.exe,61,1312,24.2,25,1,0,3,0,0,3.9,0,benign
2026-05-12T16:55:00,host-52,miner.exe,91,1746,26.3,15,0,30,4,1,0,3.8,0,suspicious
2026-05-12T17:00:00,host-42,outlook.exe,58,799,29.4,0,9,11,1,0,0,4.4,0,benign
2026-05-12T17:05:00,host-27,chrome.exe,38,0,0.0,71,4,40,6,0,2,5.9,0,benign
2026-05-12T17:10:00,host-22,explorer.exe,16,384,77.7,51,0,53,2,1,2,3.5,0,benign
2026-05-12T17:15:00,host-56,powershell.exe,72,548,107.2,102,55,67,1,1,27,7.1,0,suspicious
2026-05-12T17:20:00,host-10,miner.exe,100,894,27.4,28,0,59,3,1,1,4.8,0,suspicious
2026-05-12T17:25:00,host-27,code.exe,22,24,22.4,84,0,38,0,0,4,4.0,0,benign
2026-05-12T17:30:00,host-49,rclone.exe,41,1001,0.0,97,3,166,2,1,4,5.3,0,suspicious
2026-05-12T17:35:00,host-13,teams.exe,65,116,51.5,88,0,86,4,0,1,4.2,0,benign
2026-05-12T17:40:00,host-48,chrome.exe,9,1312,43.0,63,7,23,0,0,0,4.4,0,benign
2026-05-12T17:45:00,host-39,rclone.exe,20,1192,26.8,64,0,281,3,1,9,6.5,0,suspicious
2026-05-12T17:50:00,host-48,python.exe,23,702,56.7,36,14,32,6,0,3,3.9,0,benign
2026-05-12T17:55:00,host-22,powershell.exe,59,292,25.8,0,74,74,8,0,31,6.7,1,suspicious
2026-05-12T18:00:00,host-30,outlook.exe,33,1182,22.9,52,7,10,4,0,2,4.4,0,benign
2026-05-12T18:05:00,host-12,python.exe,19,348,28.1,0,7,0,1,0,4,4.5,0,benign
2026-05-12T18:10:00,host-42,excel.exe,61,966,21.7,59,7,0,0,0,0,5.1,0,benign
2026-05-12T18:15:00,host-45,rclone.exe,0,718,50.6,33,11,264,2,1,4,5.6,0,suspicious
2026-05-12T18:20:00,host-59,powershell.exe,64,925,5.0,55,131,32,11,1,33,8.0,0,suspicious
2026-05-12T18:25:00,host-07,teams.exe,32,116,1.9,20,1,0,1,0,3,4.8,0,benign
2026-05-12T18:30:00,host-18,outlook.exe,4,430,4.1,0,4,48,0,0,1,4.5,0,benign
2026-05-12T18:35:00,host-40,svchost.exe,44,0,28.6,82,2,44,1,0,0,2.9,0,benign
2026-05-12T18:40:00,host-01,code.exe,0,813,1.8,53,5,38,2,0,0,4.3,0,benign
2026-05-12T18:45:00,host-29,chrome.exe,49,1154,24.9,32,1,37,1,0,1,3.9,0,benign
2026-05-12T18:50:00,host-11,miner.exe,98,1196,23.7,21,4,95,2,0,0,5.7,0,suspicious
2026-05-12T18:55:00,host-06,teams.exe,28,891,27.1,78,0,54,2,0,0,4.6,0,benign
2026-05-12T19:00:00,host-59,chrome.exe,26,840,49.2,34,0,17,5,0,0,4.2,0,benign
2026-05-12T19:05:00,host-01,rclone.exe,48,1635,5.0,46,16,263,1,1,2,5.3,0,suspicious
2026-05-12T19:10:00,host-43,rclone.exe,48,958,48.6,0,11,206,1,1,0,4.0,0,suspicious
2026-05-12T19:15:00,host-27,outlook.exe,15,1024,16.5,71,0,0,0,0,1,3.6,0,benign
2026-05-12T19:20:00,host-47,chrome.exe,29,336,7.7,45,0,36,6,0,2,4.9,0,benign
2026-05-12T19:25:00,host-58,teams.exe,23,394,23.2,20,0,45,0,0,0,3.9,0,benign
2026-05-12T19:30:00,host-32,python.exe,15,937,20.9,37,3,25,0,0,3,3.5,0,benign
2026-05-12T19:35:00,host-25,chrome.exe,52,1153,0.0,63,0,16,3,0,3,3.8,0,benign
2026-05-12T19:40:00,host-15,outlook.exe,36,1755,76.7,4,3,1,0,0,0,3.7,0,benign
2026-05-12T19:45:00,host-20,code.exe,76,674,21.8,0,12,58,3,0,1,3.6,0,benign
2026-05-12T19:50:00,host-40,code.exe,7,1244,50.3,79,0,38,4,0,1,4.5,0,benign
2026-05-12T19:55:00,host-13,teams.exe,22,618,8.9,39,5,22,1,0,0,4.6,0,benign
2026-05-12T20:00:00,host-22,miner.exe,91,1610,14.9,23,1,80,4,1,0,3.1,0,suspicious
2026-05-12T20:05:00,host-59,svchost.exe,37,1330,59.0,9,2,49,2,0,2,4.6,0,benign
2026-05-12T20:10:00,host-50,svchost.exe,9,606,20.3,71,0,0,0,0,0,4.1,0,benign
2026-05-12T20:15:00,host-45,encryptor.exe,88,1469,402.8,217,170,46,4,1,105,8.0,1,suspicious
2026-05-12T20:20:00,host-08,miner.exe,96,1771,9.4,25,5,43,1,1,0,3.3,0,suspicious
2026-05-12T20:25:00,host-01,svchost.exe,38,1611,8.6,44,0,37,0,0,0,4.6,0,benign
2026-05-12T20:30:00,host-14,svchost.exe,20,609,0.0,56,1,3,1,0,2,4.2,0,benign
2026-05-12T20:35:00,host-15,python.exe,17,1118,0.5,58,6,0,4,0,0,4.9,0,benign
2026-05-12T20:40:00,host-46,svchost.exe,0,1464,18.6,0,0,5,4,0,0,4.1,0,benign
2026-05-12T20:45:00,host-44,excel.exe,24,319,3.1,12,0,32,0,0,0,3.2,0,benign
2026-05-12T20:50:00,host-51,code.exe,26,1023,0.0,17,4,4,4,0,0,3.9,0,benign
2026-05-12T20:55:00,host-29,outlook.exe,12,1143,26.0,37,1,50,2,0,1,5.3,0,benign
2026-05-12T21:00:00,host-10,code.exe,53,1144,24.3,20,3,24,0,1,1,3.8,0,benign
2026-05-12T21:05:00,host-01,powershell.exe,86,769,217.2,126,86,49,8,0,79,6.4,1,suspicious
2026-05-12T21:10:00,host-47,outlook.exe,45,853,0.0,82,6,0,6,0,1,5.3,0,benign
2026-05-12T21:15:00,host-33,code.exe,34,907,0.3,45,3,0,0,0,0,4.4,0,benign
2026-05-12T21:20:00,host-42,outlook.exe,18,957,38.4,24,8,5,3,0,2,5.4,0,benign
2026-05-12T21:25:00,host-04,miner.exe,98,1541,0.0,35,0,95,8,1,1,5.0,0,suspicious
2026-05-12T21:30:00,host-34,encryptor.exe,81,621,515.0,333,203,19,3,1,84,8.6,1,suspicious
2026-05-12T21:35:00,host-45,chrome.exe,20,928,0.0,39,3,0,0,0,2,3.6,0,benign
2026-05-12T21:40:00,host-03,rclone.exe,36,580,83.4,58,9,189,5,0,4,5.9,0,suspicious
2026-05-12T21:45:00,host-30,rclone.exe,50,200,24.3,81,3,144,7,0,0,5.2,0,suspicious
2026-05-12T21:50:00,host-28,outlook.exe,34,770,21.6,44,4,49,3,0,0,4.3,0,benign
2026-05-12T21:55:00,host-36,teams.exe,33,1434,22.5,122,1,38,0,0,1,4.8,0,benign
2026-05-12T22:00:00,host-10,excel.exe,74,1097,2.0,16,0,53,1,0,1,4.7,0,benign
2026-05-12T22:05:00,host-16,miner.exe,98,1176,25.2,5,0,32,5,1,2,5.5,0,suspicious
2026-05-12T22:10:00,host-11,rclone.exe,33,502,6.1,38,0,203,3,0,4,5.6,0,suspicious
2026-05-12T22:15:00,host-27,encryptor.exe,82,504,361.6,285,152,65,4,1,57,8.0,1,suspicious
2026-05-12T22:20:00,host-06,svchost.exe,25,792,0.0,21,2,32,3,0,0,4.0,0,benign
2026-05-12T22:25:00,host-16,excel.exe,43,1546,64.5,10,3,30,2,0,0,4.4,0,benign
2026-05-12T22:30:00,host-42,miner.exe,94,1594,17.3,32,9,68,3,1,0,5.7,0,suspicious
2026-05-12T22:35:00,host-42,miner.exe,94,1378,33.4,4,0,88,3,1,0,4.1,1,suspicious
2026-05-12T22:40:00,host-46,rclone.exe,43,1036,0.0,91,0,203,4,1,4,2.6,0,suspicious
2026-05-12T22:45:00,host-45,outlook.exe,39,1204,14.6,0,1,40,0,0,3,4.4,0,benign
2026-05-12T22:50:00,host-08,teams.exe,0,1518,20.3,79,4,41,3,0,6,4.9,0,benign
2026-05-12T22:55:00,host-31,svchost.exe,17,1482,43.2,130,0,17,1,0,0,2.6,0,benign
2026-05-12T23:00:00,host-53,powershell.exe,78,1087,160.9,178,81,81,8,0,42,6.5,1,suspicious
2026-05-12T23:05:00,host-29,outlook.exe,48,1470,20.3,0,6,0,5,0,3,3.8,0,benign
2026-05-12T23:10:00,host-28,explorer.exe,27,2284,40.9,77,7,67,2,0,1,4.8,0,benign
2026-05-12T23:15:00,host-03,teams.exe,38,1226,35.5,39,4,0,0,0,2,5.0,0,benign
2026-05-12T23:20:00,host-08,rclone.exe,38,968,186.6,109,12,153,0,0,0,4.8,0,suspicious
2026-05-12T23:25:00,host-55,miner.exe,99,1220,15.6,18,1,84,0,1,2,4.2,0,suspicious
2026-05-12T23:30:00,host-43,svchost.exe,0,1253,0.0,51,0,1,1,0,0,4.7,0,benign
2026-05-12T23:35:00,host-45,encryptor.exe,84,854,211.7,335,159,0,2,1,132,7.7,1,suspicious
2026-05-12T23:40:00,host-57,teams.exe,14,1208,0.0,0,2,69,1,0,3,5.6,0,benign
2026-05-12T23:45:00,host-56,explorer.exe,43,391,22.6,32,0,5,3,0,1,4.3,0,benign
2026-05-12T23:50:00,host-45,python.exe,72,712,8.5,67,7,17,1,0,0,4.1,0,benign
2026-05-12T23:55:00,host-52,explorer.exe,0,270,0.0,35,0,12,0,0,4,4.7,0,benign
2026-05-13T00:00:00,host-57,excel.exe,36,446,20.9,0,4,49,1,0,0,4.4,0,suspicious
2026-05-13T00:05:00,host-19,teams.exe,40,1589,19.9,69,0,49,0,0,5,4.2,0,benign
2026-05-13T00:10:00,host-59,encryptor.exe,92,1603,403.6,446,235,55,4,1,76,8.2,1,suspicious
2026-05-13T00:15:00,host-02,rclone.exe,47,595,60.5,107,8,60,2,0,1,3.2,0,suspicious
2026-05-13T00:20:00,host-36,code.exe,44,629,48.7,59,4,34,2,0,0,3.8,0,benign
2026-05-13T00:25:00,host-34,rclone.exe,53,688,99.4,48,2,158,9,1,3,3.3,0,suspicious
2026-05-13T00:30:00,host-57,outlook.exe,18,0,41.0,90,10,39,2,0,4,5.0,0,benign
2026-05-13T00:35:00,host-46,outlook.exe,33,2036,36.0,92,4,28,3,0,0,5.1,0,benign
2026-05-13T00:40:00,host-21,encryptor.exe,89,1336,401.4,419,185,53,4,1,60,9.3,1,suspicious
2026-05-13T00:45:00,host-04,powershell.exe,97,786,0.0,193,48,82,8,1,59,6.0,0,suspicious
2026-05-13T00:50:00,host-27,svchost.exe,0,1312,4.9,26,0,13,2,0,0,5.3,0,benign
2026-05-13T00:55:00,host-34,miner.exe,98,1279,12.7,47,6,35,2,1,0,4.6,0,suspicious
2026-05-13T01:00:00,host-11,miner.exe,101,1368,11.8,33,0,78,2,0,0,5.6,0,suspicious
2026-05-13T01:05:00,host-10,teams.exe,68,371,0.0,85,0,29,1,1,0,4.2,0,benign
2026-05-13T01:10:00,host-38,code.exe,0,689,23.0,26,2,30,1,0,4,4.0,0,benign
2026-05-13T01:15:00,host-10,outlook.exe,34,13,31.3,83,2,55,1,0,1,3.2,0,benign
2026-05-13T01:20:00,host-42,encryptor.exe,80,787,354.3,256,264,44,4,1,97,8.1,1,suspicious
2026-05-13T01:25:00,host-35,excel.exe,29,812,30.0,0,5,27,2,1,1,3.6,0,benign
2026-05-13T01:30:00,host-32,chrome.exe,44,357,24.4,85,0,34,1,0,0,4.2,0,benign
2026-05-13T01:35:00,host-14,encryptor.exe,104,1015,357.7,252,123,20,8,1,59,8.7,1,suspicious
2026-05-13T01:40:00,host-59,teams.exe,44,665,15.8,66,5,20,0,0,3,3.6,0,benign
2026-05-13T01:45:00,host-44,encryptor.exe,97,922,214.5,236,233,14,2,1,138,8.7,1,suspicious
2026-05-13T01:50:00,host-21,encryptor.exe,89,1029,597.1,367,152,34,1,1,65,8.6,1,suspicious
2026-05-13T01:55:00,host-38,powershell.exe,78,683,93.9,89,129,37,5,0,57,7.4,1,suspicious
2026-05-13T02:00:00,host-31,explorer.exe,20,1385,41.9,6,0,33,5,0,2,3.5,0,benign
2026-05-13T02:05:00,host-20,teams.exe,25,632,0.0,67,7,51,0,1,2,3.7,0,benign
2026-05-13T02:10:00,host-34,rclone.exe,12,1673,14.2,89,11,110,4,1,4,5.2,0,suspicious
2026-05-13T02:15:00,host-37,encryptor.exe,99,1432,425.9,220,117,14,2,1,114,8.3,1,suspicious
2026-05-13T02:20:00,host-17,svchost.exe,53,869,23.2,28,0,0,3,0,7,3.6,0,benign
2026-05-13T02:25:00,host-43,excel.exe,35,0,3.1,2,0,33,0,0,0,3.8,0,benign
2026-05-13T02:30:00,host-32,python.exe,46,899,27.6,58,4,20,1,0,2,4.2,0,benign
2026-05-13T02:35:00,host-39,powershell.exe,60,994,146.3,60,102,23,2,1,24,6.4,1,suspicious
2026-05-13T02:40:00,host-58,code.exe,35,658,67.2,40,0,39,6,0,5,3.7,0,benign
2026-05-13T02:45:00,host-49,chrome.exe,13,562,42.5,68,4,0,1,0,3,5.0,0,benign
2026-05-13T02:50:00,host-37,outlook.exe,51,699,1.2,97,9,31,1,0,1,5.3,0,benign
2026-05-13T02:55:00,host-44,rclone.exe,22,1064,45.3,0,0,109,5,1,3,7.0,0,suspicious
2026-05-13T03:00:00,host-23,powershell.exe,78,220,252.8,72,151,39,12,0,34,6.3,0,suspicious
2026-05-13T03:05:00,host-04,powershell.exe,58,465,130.0,77,162,37,14,0,40,5.6,1,suspicious
2026-05-13T03:10:00,host-50,chrome.exe,29,1592,36.0,97,3,90,1,0,0,5.7,0,suspicious
2026-05-13T03:15:00,host-05,rclone.exe,84,258,46.7,31,0,254,2,1,9,4.6,0,suspicious
2026-05-13T03:20:00,host-49,excel.exe,14,1429,29.5,0,0,68,3,0,1,4.3,0,benign
2026-05-13T03:25:00,host-13,rclone.exe,50,765,88.6,1,7,256,4,1,2,4.2,0,suspicious
2026-05-13T03:30:00,host-09,encryptor.exe,86,1280,326.4,358,211,43,6,1,57,8.0,1,suspicious
2026-05-13T03:35:00,host-10,rclone.exe,36,634,26.4,37,12,194,10,1,1,5.0,0,suspicious
2026-05-13T03:40:00,host-05,rclone.exe,62,873,0.0,81,13,120,3,1,0,6.0,0,suspicious
2026-05-13T03:45:00,host-04,python.exe,17,1270,0.0,8,4,54,4,0,3,3.8,0,benign
2026-05-13T03:50:00,host-04,rclone.exe,32,1505,89.6,9,2,235,6,1,2,5.8,0,suspicious
2026-05-13T03:55:00,host-02,explorer.exe,47,1708,39.5,50,7,13,2,0,0,4.5,0,benign
2026-05-13T04:00:00,host-34,chrome.exe,35,879,30.3,15,5,47,1,1,0,4.0,0,benign
2026-05-13T04:05:00,host-58,encryptor.exe,106,1124,632.9,273,195,17,4,1,82,9.1,1,suspicious
2026-05-13T04:10:00,host-47,encryptor.exe,93,1146,305.3,207,340,20,0,1,83,8.6,1,suspicious
2026-05-13T04:15:00,host-39,excel.exe,9,590,0.0,0,8,47,4,0,3,3.2,0,benign
2026-05-13T04:20:00,host-40,explorer.exe,7,151,2.2,60,6,0,0,0,0,3.5,0,benign
2026-05-13T04:25:00,host-21,powershell.exe,76,1018,35.9,106,111,27,6,1,29,7.8,1,suspicious
2026-05-13T04:30:00,host-57,explorer.exe,43,626,21.0,38,7,4,4,0,0,5.0,0,benign
2026-05-13T04:35:00,host-17,rclone.exe,47,218,0.0,60,1,116,3,0,0,5.6,0,benign
2026-05-13T04:40:00,host-19,explorer.exe,41,658,33.6,78,7,53,0,0,0,4.5,1,benign
2026-05-13T04:45:00,host-09,encryptor.exe,79,1549,376.7,438,177,0,5,1,95,8.1,1,suspicious
2026-05-13T04:50:00,host-48,teams.exe,5,1065,60.3,23,5,0,2,0,0,4.9,0,benign
2026-05-13T04:55:00,host-53,teams.exe,5,1381,0.0,13,1,74,4,0,4,3.9,0,benign
2026-05-13T05:00:00,host-07,svchost.exe,6,791,26.9,23,6,15,3,0,1,4.0,1,benign
2026-05-13T05:05:00,host-20,outlook.exe,43,2444,32.9,57,7,5,1,0,2,4.2,0,benign
2026-05-13T05:10:00,host-57,rclone.exe,42,566,116.8,81,0,158,3,1,5,5.3,0,suspicious
2026-05-13T05:15:00,host-25,powershell.exe,78,690,0.0,92,72,32,7,1,13,5.3,0,suspicious
2026-05-13T05:20:00,host-31,miner.exe,99,913,11.5,25,3,76,0,0,2,5.2,0,suspicious
2026-05-13T05:25:00,host-27,rclone.exe,70,616,9.0,57,5,22,4,1,3,3.7,0,suspicious
2026-05-13T05:30:00,host-15,encryptor.exe,91,1098,221.7,123,145,25,2,0,77,8.0,0,benign
2026-05-13T05:35:00,host-16,powershell.exe,68,678,174.1,118,50,0,6,1,0,6.1,1,suspicious
2026-05-13T05:40:00,host-27,code.exe,20,0,7.6,54,7,12,4,0,0,4.7,0,benign
2026-05-13T05:45:00,host-33,powershell.exe,85,688,0.0,0,75,29,4,0,37,7.6,1,suspicious
2026-05-13T05:50:00,host-37,svchost.exe,44,411,90.4,53,5,43,6,0,0,5.1,0,benign
2026-05-13T05:55:00,host-51,chrome.exe,13,950,12.9,107,13,31,2,0,3,4.1,0,benign
2026-05-13T06:00:00,host-58,explorer.exe,0,1252,68.5,65,10,9,2,0,1,4.8,0,benign
2026-05-13T06:05:00,host-39,code.exe,34,1932,54.1,0,10,53,0,0,3,4.6,0,benign
2026-05-13T06:10:00,host-26,encryptor.exe,99,1207,315.1,407,238,51,5,1,107,8.5,1,suspicious
2026-05-13T06:15:00,host-31,excel.exe,20,1021,56.0,39,8,57,2,0,1,5.1,0,benign
2026-05-13T06:20:00,host-27,explorer.exe,22,1124,33.6,4,6,0,1,0,2,4.1,0,benign
2026-05-13T06:25:00,host-29,excel.exe,12,920,12.2,0,0,69,3,0,0,4.2,0,benign
2026-05-13T06:30:00,host-13,outlook.exe,33,232,43.4,28,7,10,2,0,1,4.5,0,benign
2026-05-13T06:35:00,host-10,python.exe,11,1184,1.4,0,8,0,4,0,1,4.5,0,benign
2026-05-13T06:40:00,host-57,svchost.exe,2,815,54.5,99,7,0,3,0,2,4.8,0,benign
2026-05-13T06:45:00,host-45,miner.exe,95,741,20.1,24,4,20,3,1,1,4.6,0,suspicious
2026-05-13T06:50:00,host-44,outlook.exe,11,626,18.8,87,12,41,1,0,0,4.0,0,benign
2026-05-13T06:55:00,host-36,outlook.exe,0,1629,21.8,68,0,67,4,0,2,3.8,0,suspicious
2026-05-13T07:00:00,host-44,excel.exe,0,1331,49.8,15,5,23,3,0,0,4.9,0,benign
2026-05-13T07:05:00,host-53,powershell.exe,96,889,198.1,203,44,36,7,0,30,8.0,0,suspicious
2026-05-13T07:10:00,host-51,teams.exe,23,576,13.2,0,10,20,5,0,4,4.5,0,benign
2026-05-13T07:15:00,host-42,explorer.exe,21,1858,0.0,40,3,40,1,0,1,3.4,0,benign
2026-05-13T07:20:00,host-51,code.exe,34,1163,34.2,0,0,79,0,0,0,4.3,0,benign
2026-05-13T07:25:00,host-16,encryptor.exe,86,780,384.1,154,206,78,6,1,82,7.6,1,suspicious
2026-05-13T07:30:00,host-25,rclone.exe,42,428,0.0,48,0,128,1,1,1,4.8,0,suspicious
2026-05-13T07:35:00,host-14,encryptor.exe,94,1467,346.8,310,133,8,5,1,99,8.5,1,suspicious
2026-05-13T07:40:00,host-56,powershell.exe,76,1116,158.3,164,81,47,5,0,92,6.5,0,suspicious
2026-05-13T07:45:00,host-34,teams.exe,13,663,0.0,13,0,46,8,0,0,4.8,0,benign
2026-05-13T07:50:00,host-43,python.exe,22,1279,14.3,23,2,0,3,0,0,4.8,0,benign
2026-05-13T07:55:00,host-47,code.exe,42,1123,43.2,66,1,0,3,0,3,3.7,0,benign
2026-05-13T08:00:00,host-36,chrome.exe,32,0,0.0,87,12,0,1,1,5,4.0,0,benign
2026-05-13T08:05:00,host-37,miner.exe,99,909,12.4,0,0,85,2,1,0,4.4,0,suspicious
2026-05-13T08:10:00,host-44,encryptor.exe,91,1160,396.3,332,162,14,3,1,72,8.1,0,suspicious
2026-05-13T08:15:00,host-19,powershell.exe,73,988,238.6,116,62,30,7,1,40,7.0,1,suspicious
2026-05-13T08:20:00,host-17,excel.exe,11,1616,27.0,60,2,22,2,0,1,4.5,0,benign
2026-05-13T08:25:00,host-18,svchost.exe,74,1333,0.0,61,0,0,1,0,0,3.6,0,benign
2026-05-13T08:30:00,host-20,excel.exe,38,308,61.1,0,0,40,5,0,2,4.3,0,benign
2026-05-13T08:35:00,host-20,explorer.exe,32,338,28.0,0,4,18,5,0,3,3.8,0,benign
2026-05-13T08:40:00,host-22,encryptor.exe,84,714,232.8,19,117,38,0,0,139,8.1,1,suspicious
2026-05-13T08:45:00,host-06,explorer.exe,21,91,81.2,0,0,4,0,0,6,4.0,0,benign
2026-05-13T08:50:00,host-15,code.exe,13,1011,29.9,51,1,2,3,0,3,4.8,0,benign
2026-05-13T08:55:00,host-10,code.exe,39,1076,47.5,54,4,60,3,0,4,4.4,0,benign
2026-05-13T09:00:00,host-19,svchost.exe,47,875,52.7,0,3,29,1,0,1,4.1,0,benign
2026-05-13T09:05:00,host-19,encryptor.exe,84,1593,303.4,201,259,52,4,0,78,8.1,0,suspicious
2026-05-13T09:10:00,host-27,teams.exe,0,1010,25.9,100,0,37,3,0,2,4.8,0,benign
2026-05-13T09:15:00,host-26,encryptor.exe,84,951,258.8,353,252,7,4,0,76,8.1,1,suspicious
2026-05-13T09:20:00,host-34,svchost.exe,13,273,26.3,71,4,86,5,0,0,4.6,0,benign
2026-05-13T09:25:00,host-46,miner.exe,98,1775,40.8,23,2,105,4,1,1,4.7,0,suspicious
2026-05-13T09:30:00,host-57,miner.exe,94,1242,24.5,17,3,23,1,1,2,4.1,0,suspicious
2026-05-13T09:35:00,host-19,encryptor.exe,84,1130,368.3,282,178,0,1,1,80,8.2,1,suspicious
2026-05-13T09:40:00,host-26,outlook.exe,32,629,34.3,53,7,48,3,1,1,4.9,0,benign
2026-05-13T09:45:00,host-38,outlook.exe,10,863,17.7,0,2,26,2,0,0,3.8,0,benign
2026-05-13T09:50:00,host-08,powershell.exe,95,958,146.2,94,111,39,5,1,26,7.5,1,suspicious
2026-05-13T09:55:00,host-33,excel.exe,35,18,33.8,69,5,25,3,0,0,5.4,0,benign
2026-05-13T10:00:00,host-30,explorer.exe,51,915,34.0,60,0,44,0,0,3,4.9,0,benign
2026-05-13T10:05:00,host-37,encryptor.exe,96,800,392.1,390,175,45,2,1,56,8.8,1,suspicious
2026-05-13T10:10:00,host-44,excel.exe,14,1591,25.0,5,5,26,9,0,0,5.2,0,benign
2026-05-13T10:15:00,host-25,encryptor.exe,76,1042,490.9,345,130,11,2,1,125,8.8,1,suspicious
2026-05-13T10:20:00,host-16,rclone.exe,56,329,48.7,62,0,108,3,1,5,5.6,0,suspicious
2026-05-13T10:25:00,host-08,python.exe,6,645,30.2,52,0,10,4,1,0,5.7,0,benign
2026-05-13T10:30:00,host-54,excel.exe,12,1961,45.1,69,6,5,5,0,2,3.3,0,benign
2026-05-13T10:35:00,host-49,encryptor.exe,94,2048,485.1,269,181,43,5,0,86,8.5,1,suspicious
2026-05-13T10:40:00,host-28,powershell.exe,79,1114,236.8,153,139,28,14,1,100,5.7,1,suspicious
2026-05-13T10:45:00,host-02,svchost.exe,13,1352,49.1,65,0,65,4,0,1,4.4,0,benign
2026-05-13T10:50:00,host-02,explorer.exe,5,476,0.0,14,4,29,2,0,0,5.2,0,benign
2026-05-13T10:55:00,host-15,miner.exe,95,1892,0.0,42,7,49,3,0,0,5.2,0,suspicious
2026-05-13T11:00:00,host-41,explorer.exe,46,808,0.0,2,5,76,3,0,3,4.2,0,benign
2026-05-13T11:05:00,host-17,explorer.exe,39,668,9.7,99,0,13,2,0,0,3.4,0,benign
2026-05-13T11:10:00,host-50,powershell.exe,85,622,87.2,237,62,27,12,1,23,6.8,0,suspicious
2026-05-13T11:15:00,host-39,explorer.exe,0,1063,20.9,42,4,29,2,0,0,3.7,0,benign
2026-05-13T11:20:00,host-33,chrome.exe,27,433,8.9,77,5,44,0,0,0,5.2,0,benign
2026-05-13T11:25:00,host-27,explorer.exe,17,915,13.8,0,9,28,1,0,2,3.8,0,benign
2026-05-13T11:30:00,host-20,encryptor.exe,81,1236,228.2,177,135,42,2,1,144,8.5,1,suspicious
2026-05-13T11:35:00,host-32,encryptor.exe,73,1587,400.3,279,172,40,0,1,51,9.1,0,suspicious
2026-05-13T11:40:00,host-53,svchost.exe,16,238,68.6,51,5,13,3,0,0,4.7,0,benign
2026-05-13T11:45:00,host-01,outlook.exe,6,438,0.0,49,3,18,0,0,1,4.0,0,benign
2026-05-13T11:50:00,host-08,powershell.exe,70,773,135.6,1,127,36,11,1,32,6.0,1,suspicious
2026-05-13T11:55:00,host-19,powershell.exe,98,1047,201.2,20,42,10,11,0,7,6.6,1,suspicious
2026-05-13T12:00:00,host-02,svchost.exe,32,1854,41.2,25,7,0,0,0,0,4.3,0,benign
2026-05-13T12:05:00,host-29,svchost.exe,25,1600,20.2,13,2,0,3,0,6,3.9,0,benign
2026-05-13T12:10:00,host-34,svchost.exe,24,1443,4.6,75,6,30,1,0,0,4.5,0,benign
2026-05-13T12:15:00,host-35,explorer.exe,34,1029,7.1,67,5,35,2,0,1,4.3,0,benign
2026-05-13T12:20:00,host-03,encryptor.exe,87,1904,278.7,212,122,31,0,0,20,8.5,1,suspicious
2026-05-13T12:25:00,host-12,miner.exe,93,1819,4.5,52,4,30,0,1,0,4.5,0,suspicious
2026-05-13T12:30:00,host-17,chrome.exe,40,820,12.8,0,0,38,2,0,3,3.6,0,benign
2026-05-13T12:35:00,host-51,outlook.exe,41,1045,64.9,0,3,39,0,0,0,4.7,0,benign
2026-05-13T12:40:00,host-12,python.exe,35,911,0.0,83,4,10,4,0,0,4.5,0,benign
2026-05-13T12:45:00,host-07,code.exe,39,272,36.1,14,5,24,3,0,0,4.4,0,benign
2026-05-13T12:50:00,host-56,rclone.exe,43,1375,75.6,68,11,205,0,1,1,5.8,0,suspicious
2026-05-13T12:55:00,host-03,chrome.exe,20,1134,32.6,93,0,19,4,0,1,4.1,0,benign
2026-05-13T13:00:00,host-29,outlook.exe,19,1065,49.5,106,7,31,2,0,1,4.4,0,benign
2026-05-13T13:05:00,host-37,svchost.exe,27,1895,9.4,17,0,71,0,0,6,4.7,0,benign
2026-05-13T13:10:00,host-48,encryptor.exe,97,1936,395.0,235,227,11,1,1,38,8.0,1,suspicious
2026-05-13T13:15:00,host-12,code.exe,6,664,4.9,93,0,52,2,0,0,4.3,0,benign
2026-05-13T13:20:00,host-06,encryptor.exe,98,1371,319.7,317,175,8,3,1,57,7.8,1,suspicious
2026-05-13T13:25:00,host-34,svchost.exe,41,1552,39.9,105,0,0,1,0,1,4.5,0,benign
2026-05-13T13:30:00,host-59,excel.exe,5,1707,22.5,18,0,14,1,0,0,4.2,0,benign
2026-05-13T13:35:00,host-12,chrome.exe,12,839,29.0,65,3,57,2,0,0,3.2,0,benign
2026-05-13T13:40:00,host-31,encryptor.exe,93,1061,287.4,366,206,14,5,1,67,9.1,1,suspicious
2026-05-13T13:45:00,host-24,explorer.exe,0,447,18.7,28,4,58,1,0,2,4.1,0,benign
2026-05-13T13:50:00,host-22,svchost.exe,18,898,0.5,71,7,29,1,0,1,4.3,0,benign
2026-05-13T13:55:00,host-54,encryptor.exe,82,501,438.0,330,210,0,7,1,90,8.7,1,suspicious
2026-05-13T14:00:00,host-07,excel.exe,30,1703,50.1,53,0,56,0,0,1,2.7,0,benign
2026-05-13T14:05:00,host-22,svchost.exe,10,247,18.2,41,1,61,0,0,1,3.4,0,benign
2026-05-13T14:10:00,host-41,chrome.exe,0,0,38.3,37,9,8,3,0,2,4.0,0,benign
2026-05-13T14:15:00,host-41,svchost.exe,25,1387,8.5,0,13,15,1,0,1,4.1,0,benign
2026-05-13T14:20:00,host-17,python.exe,59,826,34.5,0,1,13,5,0,3,3.9,0,benign
2026-05-13T14:25:00,host-22,encryptor.exe,75,674,184.7,169,131,0,2,1,54,8.9,1,suspicious
2026-05-13T14:30:00,host-34,chrome.exe,4,878,41.7,72,6,12,2,0,1,5.5,0,benign
2026-05-13T14:35:00,host-31,chrome.exe,13,635,14.4,0,6,47,3,0,1,3.8,0,benign
2026-05-13T14:40:00,host-21,python.exe,28,224,0.0,4,1,53,3,0,0,4.0,0,benign
2026-05-13T14:45:00,host-39,code.exe,19,1013,59.8,34,9,44,0,0,0,3.8,0,benign
2026-05-13T14:50:00,host-57,code.exe,17,0,21.8,41,4,83,4,0,0,4.0,1,benign
2026-05-13T14:55:00,host-47,teams.exe,5,1498,22.6,0,3,37,4,0,3,4.4,0,benign
2026-05-13T15:00:00,host-48,python.exe,31,1648,46.4,64,0,73,3,0,0,4.5,0,benign
2026-05-13T15:05:00,host-43,chrome.exe,16,768,1.1,34,12,65,3,0,3,5.0,0,benign
2026-05-13T15:10:00,host-37,rclone.exe,86,828,0.0,74,0,134,5,1,1,4.4,0,suspicious
2026-05-13T15:15:00,host-14,rclone.exe,38,919,51.1,0,11,0,2,1,2,5.6,0,suspicious
2026-05-13T15:20:00,host-40,explorer.exe,0,1850,0.0,55,5,37,1,0,0,4.3,0,benign
2026-05-13T15:25:00,host-11,rclone.exe,38,1073,62.5,14,3,159,1,1,3,3.4,0,suspicious
2026-05-13T15:30:00,host-36,rclone.exe,51,1073,0.0,0,15,205,2,1,0,3.8,0,suspicious
2026-05-13T15:35:00,host-16,rclone.exe,24,651,0.0,45,4,238,0,1,4,6.3,1,suspicious
2026-05-13T15:40:00,host-20,outlook.exe,11,74,0.0,40,0,39,0,0,4,4.8,0,benign
2026-05-13T15:45:00,host-27,powershell.exe,84,744,227.6,69,71,39,7,0,36,6.8,0,suspicious
2026-05-13T15:50:00,host-20,miner.exe,96,1643,0.0,38,0,97,1,0,5,4.4,0,suspicious
2026-05-13T15:55:00,host-02,excel.exe,40,557,0.0,18,3,24,3,0,0,3.9,0,benign
2026-05-13T16:00:00,host-16,miner.exe,98,964,15.0,30,1,92,7,1,0,4.0,0,suspicious
2026-05-13T16:05:00,host-04,explorer.exe,10,1345,10.5,31,6,25,2,0,3,5.3,0,benign
2026-05-13T16:10:00,host-58,outlook.exe,37,986,0.0,29,3,17,5,0,4,4.5,0,benign
2026-05-13T16:15:00,host-35,powershell.exe,57,538,114.1,149,88,23,10,0,0,6.4,1,suspicious
2026-05-13T16:20:00,host-52,miner.exe,102,1196,15.0,0,7,58,2,1,2,4.0,0,suspicious
2026-05-13T16:25:00,host-58,excel.exe,24,160,60.4,46,0,13,0,0,3,5.6,0,benign
2026-05-13T16:30:00,host-17,excel.exe,62,806,72.9,89,0,13,1,1,1,6.1,0,benign
2026-05-13T16:35:00,host-59,outlook.exe,39,955,0.0,44,6,38,3,0,3,4.3,0,benign
2026-05-13T16:40:00,host-32,chrome.exe,16,432,0.0,0,2,0,0,0,0,4.5,0,benign
2026-05-13T16:45:00,host-14,powershell.exe,67,465,235.7,182,94,68,0,0,43,7.7,0,suspicious
2026-05-13T16:50:00,host-17,encryptor.exe,93,1075,438.1,110,148,66,2,1,59,8.5,0,suspicious
2026-05-13T16:55:00,host-14,rclone.exe,61,1088,112.7,56,24,254,4,1,2,6.4,0,suspicious
2026-05-13T17:00:00,host-26,python.exe,34,279,0.0,48,6,53,3,0,0,4.2,0,benign
2026-05-13T17:05:00,host-42,teams.exe,41,1454,4.5,61,0,0,2,0,0,5.5,0,benign
2026-05-13T17:10:00,host-25,teams.exe,30,1090,0.0,13,8,74,3,0,2,5.8,0,benign
2026-05-13T17:15:00,host-49,powershell.exe,77,886,171.8,66,38,70,13,1,71,6.9,1,suspicious
2026-05-13T17:20:00,host-30,python.exe,6,1146,15.6,39,8,49,5,0,2,4.7,0,benign
2026-05-13T17:25:00,host-04,explorer.exe,54,1911,0.0,58,6,40,3,0,4,5.0,0,benign
2026-05-13T17:30:00,host-18,encryptor.exe,99,1275,378.0,315,59,23,2,0,128,8.6,1,suspicious
2026-05-13T17:35:00,host-04,teams.exe,10,898,41.7,0,3,19,2,0,1,5.5,0,benign
2026-05-13T17:40:00,host-34,python.exe,58,903,64.5,66,5,28,1,0,3,4.3,0,benign
2026-05-13T17:45:00,host-20,code.exe,43,1513,3.3,17,5,68,4,0,0,3.7,0,benign
2026-05-13T17:50:00,host-24,outlook.exe,13,486,27.2,62,5,59,0,0,0,4.7,0,benign
2026-05-13T17:55:00,host-15,chrome.exe,0,915,0.0,58,7,62,1,0,4,3.3,0,benign
2026-05-13T18:00:00,host-36,excel.exe,42,300,15.5,39,7,14,1,0,3,5.7,0,benign
2026-05-13T18:05:00,host-04,rclone.exe,65,472,26.3,26,5,203,4,1,0,5.7,0,suspicious
2026-05-13T18:10:00,host-14,encryptor.exe,90,1718,374.5,276,128,60,1,1,102,7.7,1,suspicious
2026-05-13T18:15:00,host-51,powershell.exe,86,652,54.9,110,31,55,11,1,42,7.6,0,suspicious
2026-05-13T18:20:00,host-26,teams.exe,30,369,0.0,62,7,5,3,0,1,5.2,0,benign
2026-05-13T18:25:00,host-58,explorer.exe,7,539,13.6,0,2,16,4,0,0,4.7,0,benign
2026-05-13T18:30:00,host-09,explorer.exe,5,529,21.9,7,0,0,2,0,2,4.3,0,benign
2026-05-13T18:35:00,host-49,explorer.exe,18,698,21.9,90,7,5,3,0,0,4.8,0,benign
2026-05-13T18:40:00,host-31,explorer.exe,21,881,2.0,61,3,34,3,0,0,3.0,0,benign
2026-05-13T18:45:00,host-37,excel.exe,36,298,18.4,98,12,55,3,0,2,4.2,0,benign
2026-05-13T18:50:00,host-07,powershell.exe,82,848,93.7,26,135,115,10,0,20,7.3,1,suspicious
2026-05-13T18:55:00,host-53,powershell.exe,81,959,112.5,11,95,74,8,1,26,6.0,1,suspicious
2026-05-13T19:00:00,host-14,powershell.exe,62,534,152.6,80,101,34,4,0,38,7.6,0,suspicious
2026-05-13T19:05:00,host-59,teams.exe,12,1044,11.7,99,10,46,3,0,0,4.2,0,benign
2026-05-13T19:10:00,host-53,encryptor.exe,97,923,298.5,474,226,17,3,1,86,8.6,1,suspicious
2026-05-13T19:15:00,host-26,chrome.exe,16,1514,30.1,0,6,78,0,0,0,4.9,0,benign
2026-05-13T19:20:00,host-19,chrome.exe,32,1192,9.7,0,6,74,4,0,0,3.8,0,benign
2026-05-13T19:25:00,host-47,powershell.exe,90,880,96.1,108,0,30,8,1,43,7.0,1,suspicious
2026-05-13T19:30:00,host-48,svchost.exe,31,807,3.8,58,0,40,2,0,0,4.0,0,benign
2026-05-13T19:35:00,host-45,powershell.exe,91,541,291.6,93,35,10,1,1,62,7.3,0,suspicious
2026-05-13T19:40:00,host-31,python.exe,51,1229,75.0,49,1,15,0,0,3,4.7,0,benign
2026-05-13T19:45:00,host-38,teams.exe,33,983,0.1,70,0,40,7,0,1,4.3,0,benign
2026-05-13T19:50:00,host-40,teams.exe,39,908,99.5,45,4,0,1,0,0,3.0,0,benign
2026-05-13T19:55:00,host-33,encryptor.exe,75,1381,419.5,86,248,40,5,1,105,8.6,1,suspicious
2026-05-13T20:00:00,host-18,code.exe,23,1094,28.1,79,9,8,2,0,1,4.5,0,benign
2026-05-13T20:05:00,host-03,excel.exe,60,726,23.3,23,11,27,2,0,2,4.3,0,benign
2026-05-13T20:10:00,host-04,teams.exe,28,1555,5.0,30,0,0,1,1,5,4.6,0,benign
2026-05-13T20:15:00,host-17,powershell.exe,95,708,104.6,199,30,52,17,1,19,7.2,0,suspicious
2026-05-13T20:20:00,host-38,encryptor.exe,88,1049,273.5,282,146,5,7,1,102,8.8,1,suspicious
2026-05-13T20:25:00,host-36,chrome.exe,33,1071,10.4,0,4,25,0,0,3,5.8,0,benign
2026-05-13T20:30:00,host-38,encryptor.exe,92,1281,287.0,279,61,44,1,1,42,8.2,1,suspicious
2026-05-13T20:35:00,host-15,python.exe,38,1381,56.2,60,3,55,4,0,0,3.8,0,benign
2026-05-13T20:40:00,host-46,teams.exe,49,1500,50.1,4,5,15,0,0,4,4.6,0,benign
2026-05-13T20:45:00,host-55,encryptor.exe,90,688,460.0,240,141,51,5,0,74,8.4,0,suspicious
2026-05-13T20:50:00,host-01,miner.exe,98,2290,28.5,15,4,111,6,0,1,4.4,0,suspicious
2026-05-13T20:55:00,host-24,code.exe,26,736,15.9,45,12,24,2,0,2,5.1,0,suspicious
2026-05-13T21:00:00,host-56,chrome.exe,35,1057,21.5,45,5,23,2,0,6,3.6,0,benign
2026-05-13T21:05:00,host-20,excel.exe,36,986,33.2,16,2,29,0,0,0,4.8,0,benign
2026-05-13T21:10:00,host-56,explorer.exe,37,0,50.6,0,7,8,4,0,0,4.7,0,benign
2026-05-13T21:15:00,host-02,svchost.exe,27,444,39.5,0,9,20,0,0,1,5.4,0,benign
2026-05-13T21:20:00,host-29,outlook.exe,52,1119,24.4,33,3,63,2,0,0,4.0,0,benign
2026-05-13T21:25:00,host-31,chrome.exe,24,1252,0.0,60,2,18,2,0,0,4.9,0,benign
2026-05-13T21:30:00,host-41,chrome.exe,29,1707,25.1,0,4,29,4,0,0,4.6,0,benign
2026-05-13T21:35:00,host-50,code.exe,0,1252,39.1,42,0,6,4,0,3,4.2,0,benign
2026-05-13T21:40:00,host-58,outlook.exe,36,232,32.5,43,0,51,0,0,4,5.2,0,benign
2026-05-13T21:45:00,host-23,python.exe,35,496,38.9,115,3,0,0,0,1,4.8,0,benign
2026-05-13T21:50:00,host-28,python.exe,18,301,69.7,37,6,17,0,0,3,4.0,0,benign
2026-05-13T21:55:00,host-21,powershell.exe,85,1193,168.3,165,99,5,4,1,8,7.5,1,suspicious
2026-05-13T22:00:00,host-23,python.exe,9,1926,0.0,12,0,39,0,0,0,4.8,0,benign
2026-05-13T22:05:00,host-29,excel.exe,2,732,7.0,56,8,55,0,0,1,4.1,0,benign
2026-05-13T22:10:00,host-38,outlook.exe,28,769,81.1,86,0,23,2,0,0,4.6,0,benign
2026-05-13T22:15:00,host-54,powershell.exe,71,569,299.9,190,108,32,7,0,51,7.2,0,suspicious
2026-05-13T22:20:00,host-42,powershell.exe,81,968,22.4,172,69,8,0,0,64,8.3,0,suspicious
2026-05-13T22:25:00,host-16,explorer.exe,17,643,3.1,0,9,14,0,0,1,5.4,0,benign
2026-05-13T22:30:00,host-47,outlook.exe,43,1043,4.1,43,1,70,3,0,0,4.3,0,benign
2026-05-13T22:35:00,host-50,outlook.exe,3,1756,26.1,13,3,0,0,0,3,3.1,0,benign
2026-05-13T22:40:00,host-11,miner.exe,98,1526,40.7,15,1,86,0,1,2,4.4,0,suspicious
2026-05-13T22:45:00,host-47,outlook.exe,12,968,57.3,11,4,25,2,0,4,3.8,0,benign
2026-05-13T22:50:00,host-28,encryptor.exe,85,1685,449.4,325,226,19,3,1,112,8.1,0,suspicious
2026-05-13T22:55:00,host-52,powershell.exe,89,707,116.2,118,106,20,7,0,52,6.7,0,suspicious
2026-05-13T23:00:00,host-28,powershell.exe,58,389,97.5,200,69,25,13,0,60,6.0,0,suspicious
2026-05-13T23:05:00,host-10,code.exe,38,1404,5.7,48,8,1,2,0,0,4.0,0,benign
2026-05-13T23:10:00,host-45,excel.exe,4,1114,48.3,37,2,39,0,0,7,4.2,0,benign
2026-05-13T23:15:00,host-02,miner.exe,100,638,23.5,71,4,25,3,1,3,3.9,0,suspicious
2026-05-13T23:20:00,host-55,code.exe,27,620,0.0,0,0,33,4,0,4,3.9,0,benign
2026-05-13T23:25:00,host-22,miner.exe,92,2339,0.0,13,6,17,3,1,1,5.0,0,suspicious
2026-05-13T23:30:00,host-15,powershell.exe,70,424,218.2,24,60,43,6,1,86,6.7,0,suspicious
2026-05-13T23:35:00,host-20,python.exe,28,776,0.0,0,0,39,0,0,1,4.2,0,benign
2026-05-13T23:40:00,host-41,teams.exe,46,1077,14.1,62,3,40,0,0,0,5.2,0,benign
2026-05-13T23:45:00,host-22,explorer.exe,10,1438,66.2,31,3,17,1,0,0,3.7,0,benign
2026-05-13T23:50:00,host-56,teams.exe,27,570,23.6,0,6,38,2,0,0,4.7,0,benign
2026-05-13T23:55:00,host-22,miner.exe,92,1285,21.3,19,0,72,2,1,0,5.4,0,suspicious
2026-05-14T00:00:00,host-15,excel.exe,8,912,0.0,34,7,19,2,0,0,5.4,0,benign
2026-05-14T00:05:00,host-41,rclone.exe,13,445,128.0,44,16,173,3,0,0,5.2,0,suspicious
2026-05-14T00:10:00,host-19,python.exe,47,769,0.0,47,2,68,3,0,3,5.0,0,benign
2026-05-14T00:15:00,host-18,explorer.exe,47,855,20.8,100,11,30,1,0,3,4.5,0,benign
2026-05-14T00:20:00,host-01,code.exe,27,1033,10.6,72,9,54,1,0,1,3.6,0,benign
2026-05-14T00:25:00,host-55,svchost.exe,38,1025,24.1,5,0,8,2,0,0,4.2,0,benign
2026-05-14T00:30:00,host-35,encryptor.exe,95,976,353.8,297,134,10,5,1,52,8.4,1,suspicious
2026-05-14T00:35:00,host-59,svchost.exe,33,2015,51.3,91,17,49,2,0,0,4.4,0,benign
2026-05-14T00:40:00,host-43,explorer.exe,32,831,0.0,0,0,8,3,0,3,4.8,0,benign
2026-05-14T00:45:00,host-27,miner.exe,100,1868,20.6,45,0,51,1,1,4,3.6,0,suspicious
2026-05-14T00:50:00,host-26,chrome.exe,19,121,36.2,64,8,19,2,0,4,2.6,0,benign
2026-05-14T00:55:00,host-50,code.exe,23,571,21.6,62,2,19,2,0,0,4.6,0,benign
2026-05-14T01:00:00,host-28,powershell.exe,63,589,40.6,71,120,85,3,1,33,7.3,1,suspicious
2026-05-14T01:05:00,host-06,python.exe,17,981,30.4,35,1,51,3,0,1,4.5,0,benign
2026-05-14T01:10:00,host-27,teams.exe,16,782,16.4,5,9,52,1,0,1,4.7,0,benign
2026-05-14T01:15:00,host-54,python.exe,14,0,0.0,38,3,72,3,0,1,5.0,0,benign
2026-05-14T01:20:00,host-24,miner.exe,101,1657,4.4,18,4,52,1,1,2,4.3,0,suspicious
2026-05-14T01:25:00,host-02,excel.exe,19,999,38.7,65,6,24,1,0,0,4.3,0,benign
2026-05-14T01:30:00,host-08,explorer.exe,40,663,0.0,2,5,64,1,1,3,3.2,0,benign
2026-05-14T01:35:00,host-08,outlook.exe,12,768,9.5,68,2,7,2,0,0,3.3,0,benign
2026-05-14T01:40:00,host-36,chrome.exe,18,1174,64.3,60,0,0,1,0,0,4.8,0,benign
2026-05-14T01:45:00,host-20,chrome.exe,33,284,35.6,23,0,23,1,0,3,3.8,0,benign
2026-05-14T01:50:00,host-09,chrome.exe,25,655,11.4,68,10,60,1,0,0,3.7,0,benign
2026-05-14T01:55:00,host-47,teams.exe,24,1658,48.0,20,0,41,0,0,1,5.4,0,benign
2026-05-14T02:00:00,host-43,svchost.exe,0,1198,36.9,102,8,15,0,0,4,3.8,0,benign
2026-05-14T02:05:00,host-55,miner.exe,98,1377,24.9,20,1,81,2,1,2,4.6,0,suspicious
2026-05-14T02:10:00,host-21,rclone.exe,80,1341,104.2,34,3,277,2,1,8,5.0,0,suspicious
2026-05-14T02:15:00,host-18,teams.exe,26,768,0.0,78,0,28,0,0,3,4.3,0,benign
2026-05-14T02:20:00,host-58,teams.exe,0,577,0.0,18,7,21,3,0,1,5.5,0,benign
2026-05-14T02:25:00,host-42,chrome.exe,16,1425,16.9,61,6,19,4,0,3,4.1,0,benign
2026-05-14T02:30:00,host-12,encryptor.exe,92,1218,311.4,293,188,13,3,1,155,8.8,1,suspicious
2026-05-14T02:35:00,host-36,powershell.exe,40,580,29.7,103,78,68,3,1,35,7.1,1,suspicious
2026-05-14T02:40:00,host-24,svchost.exe,11,1271,18.5,29,6,23,0,0,4,5.0,0,benign
2026-05-14T02:45:00,host-05,outlook.exe,2,690,20.3,5,11,86,3,0,0,5.2,0,benign
2026-05-14T02:50:00,host-02,encryptor.exe,91,623,457.8,287,250,21,3,0,108,8.0,1,suspicious
2026-05-14T02:55:00,host-12,outlook.exe,21,1298,10.5,32,4,27,0,0,3,3.7,0,benign
2026-05-14T03:00:00,host-51,encryptor.exe,89,860,368.3,156,118,0,1,1,63,8.6,0,suspicious
2026-05-14T03:05:00,host-56,svchost.exe,26,2064,35.8,19,6,83,0,0,1,4.0,0,benign
2026-05-14T03:10:00,host-05,chrome.exe,21,1423,19.2,6,0,24,0,0,0,4.8,0,benign
2026-05-14T03:15:00,host-42,svchost.exe,12,626,15.2,37,0,0,1,0,1,5.0,0,benign
2026-05-14T03:20:00,host-52,rclone.exe,79,1448,107.6,78,4,177,2,1,0,4.8,0,suspicious
2026-05-14T03:25:00,host-19,teams.exe,51,1050,56.1,0,15,57,2,0,0,4.1,0,benign
2026-05-14T03:30:00,host-25,excel.exe,60,109,60.2,20,1,0,0,0,0,4.7,0,benign
2026-05-14T03:35:00,host-48,code.exe,20,917,37.4,78,1,4,2,0,0,3.8,0,benign
2026-05-14T03:40:00,host-32,code.exe,0,110,11.7,34,0,15,1,0,1,3.9,0,benign
2026-05-14T03:45:00,host-41,rclone.exe,47,843,120.7,26,10,183,7,1,3,4.7,1,suspicious
2026-05-14T03:50:00,host-34,encryptor.exe,87,1016,250.8,367,131,47,0,1,120,7.5,1,suspicious
2026-05-14T03:55:00,host-31,teams.exe,38,1037,44.9,58,12,43,6,0,0,5.9,0,benign
2026-05-14T04:00:00,host-39,encryptor.exe,98,925,416.3,270,275,34,5,0,82,8.6,1,suspicious
2026-05-14T04:05:00,host-31,teams.exe,46,0,34.7,28,0,38,4,0,1,4.8,0,suspicious
2026-05-14T04:10:00,host-10,explorer.exe,40,879,0.0,0,7,16,3,0,0,4.3,0,benign
2026-05-14T04:15:00,host-29,svchost.exe,35,1416,15.3,35,5,39,3,0,0,4.9,0,benign
2026-05-14T04:20:00,host-48,powershell.exe,81,357,111.2,21,94,45,1,0,34,7.3,0,suspicious
2026-05-14T04:25:00,host-09,python.exe,25,974,15.2,25,1,93,0,0,8,4.6,0,benign
2026-05-14T04:30:00,host-47,svchost.exe,21,680,60.2,60,8,41,1,0,3,4.4,0,benign
2026-05-14T04:35:00,host-03,excel.exe,27,274,17.7,48,1,38,2,0,2,4.4,0,benign
2026-05-14T04:40:00,host-54,outlook.exe,19,656,58.6,89,5,27,3,0,1,4.5,0,benign
2026-05-14T04:45:00,host-08,miner.exe,99,1252,25.7,2,0,44,0,1,0,4.1,0,suspicious
2026-05-14T04:50:00,host-04,explorer.exe,40,1323,38.5,59,3,17,0,0,3,3.9,0,benign
2026-05-14T04:55:00,host-54,outlook.exe,18,424,0.0,0,1,28,0,0,1,4.7,0,benign
2026-05-14T05:00:00,host-14,teams.exe,27,269,33.5,7,8,22,4,0,0,4.5,0,benign
2026-05-14T05:05:00,host-42,miner.exe,96,1940,0.9,28,0,26,3,0,2,5.2,0,suspicious
2026-05-14T05:10:00,host-28,encryptor.exe,82,1160,369.2,263,280,11,6,0,87,8.9,1,suspicious
2026-05-14T05:15:00,host-44,svchost.exe,15,1208,66.6,57,6,47,0,0,0,3.9,0,benign
2026-05-14T05:20:00,host-11,teams.exe,8,676,51.2,41,0,44,1,0,0,4.9,0,benign
2026-05-14T05:25:00,host-27,teams.exe,10,1035,14.4,31,3,32,2,0,0,4.2,1,benign
2026-05-14T05:30:00,host-12,excel.exe,12,760,0.0,97,3,34,1,0,0,4.2,0,benign
2026-05-14T05:35:00,host-22,encryptor.exe,102,1532,478.7,467,220,16,1,1,87,9.4,1,suspicious
2026-05-14T05:40:00,host-57,excel.exe,56,389,7.9,4,0,47,2,0,2,3.2,0,benign
2026-05-14T05:45:00,host-04,outlook.exe,50,848,0.0,42,4,4,2,0,0,4.7,0,benign
2026-05-14T05:50:00,host-20,outlook.exe,24,940,9.0,56,10,46,3,0,0,3.8,0,benign
2026-05-14T05:55:00,host-07,explorer.exe,1,772,18.3,12,3,19,4,0,2,4.4,0,suspicious
2026-05-14T06:00:00,host-08,rclone.exe,43,539,79.1,0,5,220,6,1,2,5.2,0,suspicious
2026-05-14T06:05:00,host-03,outlook.exe,20,0,5.4,0,4,50,0,0,3,3.2,0,benign
2026-05-14T06:10:00,host-26,excel.exe,2,1007,16.3,59,4,35,0,0,0,4.2,0,benign
2026-05-14T06:15:00,host-11,encryptor.exe,96,808,163.2,429,187,10,5,0,72,8.6,0,suspicious
2026-05-14T06:20:00,host-43,encryptor.exe,92,1699,462.0,301,40,3,5,1,75,8.5,1,suspicious
2026-05-14T06:25:00,host-05,encryptor.exe,93,1138,454.4,204,187,34,2,1,89,8.7,1,suspicious
2026-05-14T06:30:00,host-15,python.exe,47,1218,0.0,46,0,16,4,0,1,2.5,0,benign
2026-05-14T06:35:00,host-25,outlook.exe,21,817,0.0,33,0,0,0,0,0,4.4,0,benign
2026-05-14T06:40:00,host-28,encryptor.exe,73,978,355.1,328,136,0,1,1,62,8.8,1,suspicious
2026-05-14T06:45:00,host-59,teams.exe,23,1296,15.7,55,0,0,3,0,2,4.0,0,benign
2026-05-14T06:50:00,host-02,teams.exe,56,741,3.7,0,11,41,3,0,2,3.5,0,benign
2026-05-14T06:55:00,host-47,svchost.exe,14,203,59.8,50,2,49,3,0,2,4.4,0,benign
2026-05-14T07:00:00,host-14,miner.exe,102,1309,20.9,28,0,36,1,0,0,4.1,0,suspicious
2026-05-14T07:05:00,host-47,outlook.exe,37,621,31.3,40,2,27,2,0,1,5.0,0,benign
2026-05-14T07:10:00,host-21,python.exe,17,1258,0.0,0,13,6,4,0,0,4.3,0,benign
2026-05-14T07:15:00,host-06,rclone.exe,37,1124,72.7,0,10,180,1,1,1,3.8,0,suspicious
2026-05-14T07:20:00,host-06,outlook.exe,46,638,0.0,16,10,51,1,0,2,4.1,0,benign
2026-05-14T07:25:00,host-36,encryptor.exe,92,525,343.0,264,242,0,2,1,114,8.4,0,suspicious
2026-05-14T07:30:00,host-15,powershell.exe,82,594,208.8,27,37,54,13,0,62,6.7,0,suspicious
2026-05-14T07:35:00,host-55,excel.exe,24,1217,6.3,1,1,31,2,0,3,3.9,0,benign
2026-05-14T07:40:00,host-03,outlook.exe,12,1363,73.6,47,9,56,1,0,0,4.2,0,benign
2026-05-14T07:45:00,host-51,encryptor.exe,94,1152,192.2,210,89,30,4,0,61,8.5,1,suspicious
2026-05-14T07:50:00,host-02,encryptor.exe,97,1580,305.2,442,150,38,2,0,12,8.3,1,suspicious
2026-05-14T07:55:00,host-11,explorer.exe,15,448,5.9,76,10,12,1,0,4,5.0,0,benign
2026-05-14T08:00:00,host-10,rclone.exe,56,77,43.9,115,4,284,5,1,1,4.9,0,suspicious
2026-05-14T08:05:00,host-09,miner.exe,94,1931,8.5,19,4,42,3,1,2,2.9,0,suspicious
2026-05-14T08:10:00,host-03,chrome.exe,4,556,24.7,0,3,38,1,0,1,4.0,0,benign
2026-05-14T08:15:00,host-36,python.exe,34,1609,19.0,59,0,36,2,0,0,4.2,0,benign
2026-05-14T08:20:00,host-49,miner.exe,94,1474,20.2,25,1,54,2,0,5,4.4,0,suspicious
2026-05-14T08:25:00,host-06,miner.exe,96,880,12.6,12,6,24,1,0,2,4.0,0,suspicious
2026-05-14T08:30:00,host-08,outlook.exe,22,212,0.0,70,0,40,2,1,2,3.7,0,benign
2026-05-14T08:35:00,host-09,miner.exe,99,1085,22.0,48,2,90,2,1,0,4.6,0,suspicious
2026-05-14T08:40:00,host-35,rclone.exe,36,1524,166.1,61,8,263,0,1,6,5.3,0,benign
2026-05-14T08:45:00,host-46,miner.exe,95,1867,29.9,32,3,15,3,0,3,6.1,0,suspicious
2026-05-14T08:50:00,host-26,encryptor.exe,91,1205,338.9,423,114,4,1,1,48,8.4,1,suspicious
2026-05-14T08:55:00,host-38,python.exe,44,802,19.4,20,3,48,1,0,0,4.8,0,benign
2026-05-14T09:00:00,host-48,chrome.exe,4,162,4.6,0,0,46,2,0,0,3.9,0,benign
2026-05-14T09:05:00,host-44,explorer.exe,21,1919,6.8,70,8,17,1,0,2,3.5,0,benign
2026-05-14T09:10:00,host-30,encryptor.exe,89,523,261.2,243,140,27,4,1,84,8.8,1,suspicious
2026-05-14T09:15:00,host-02,outlook.exe,25,510,0.0,101,0,0,4,0,3,3.9,0,benign
2026-05-14T09:20:00,host-43,powershell.exe,90,673,182.3,172,78,36,2,1,36,6.4,1,suspicious
2026-05-14T09:25:00,host-55,outlook.exe,31,702,0.0,35,5,47,2,0,0,5.5,0,benign
2026-05-14T09:30:00,host-41,code.exe,36,490,59.8,43,5,23,3,0,1,5.3,0,benign
2026-05-14T09:35:00,host-12,explorer.exe,29,904,0.0,53,4,28,2,0,0,4.4,0,benign
2026-05-14T09:40:00,host-30,teams.exe,14,647,71.0,0,5,36,3,0,1,5.0,0,suspicious
2026-05-14T09:45:00,host-51,rclone.exe,29,735,0.0,66,0,190,0,1,5,5.6,0,suspicious
2026-05-14T09:50:00,host-16,svchost.exe,0,1273,7.7,7,6,54,4,0,1,4.6,0,benign
2026-05-14T09:55:00,host-51,encryptor.exe,97,549,348.2,134,197,58,2,1,108,7.6,1,suspicious
2026-05-14T10:00:00,host-17,rclone.exe,67,1151,78.7,85,6,219,2,1,0,6.3,0,suspicious
2026-05-14T10:05:00,host-22,powershell.exe,64,1083,183.5,143,45,53,4,0,63,8.3,1,suspicious
2026-05-14T10:10:00,host-19,excel.exe,9,870,55.3,62,15,12,0,0,0,4.2,0,benign
2026-05-14T10:15:00,host-09,code.exe,18,1508,120.6,64,3,0,1,0,0,4.3,0,benign
2026-05-14T10:20:00,host-56,chrome.exe,49,875,0.0,65,8,0,0,0,2,4.0,0,benign
2026-05-14T10:25:00,host-22,excel.exe,5,224,38.9,49,8,17,0,0,0,5.1,0,benign
2026-05-14T10:30:00,host-18,chrome.exe,21,252,0.0,63,6,4,3,0,4,4.6,0,benign
2026-05-14T10:35:00,host-33,python.exe,23,881,13.9,56,6,40,2,0,3,4.5,0,benign
2026-05-14T10:40:00,host-25,excel.exe,34,801,5.6,95,0,48,6,0,1,3.6,0,benign
2026-05-14T10:45:00,host-17,chrome.exe,19,849,32.1,0,0,26,2,0,1,3.3,0,benign
2026-05-14T10:50:00,host-08,excel.exe,57,365,36.5,47,6,73,3,0,3,3.9,0,benign
2026-05-14T10:55:00,host-26,powershell.exe,84,189,179.8,63,121,29,4,0,17,7.9,0,suspicious
2026-05-14T11:00:00,host-30,outlook.exe,2,1104,0.0,1,7,43,0,0,0,5.4,0,benign
2026-05-14T11:05:00,host-06,teams.exe,13,952,31.3,37,4,32,2,0,0,4.4,0,benign
2026-05-14T11:10:00,host-57,explorer.exe,32,1636,23.8,26,4,2,5,0,0,4.2,0,benign
2026-05-14T11:15:00,host-19,miner.exe,97,1729,3.9,24,3,13,3,1,1,4.6,0,suspicious
2026-05-14T11:20:00,host-14,python.exe,37,1140,31.5,136,6,58,1,0,0,4.7,0,benign
2026-05-14T11:25:00,host-41,powershell.exe,75,917,207.3,50,100,20,10,0,66,6.4,1,suspicious
2026-05-14T11:30:00,host-50,outlook.exe,20,643,9.0,79,0,44,3,0,2,3.5,0,benign
2026-05-14T11:35:00,host-01,outlook.exe,27,1363,0.0,19,5,42,0,0,2,4.7,0,benign
2026-05-14T11:40:00,host-57,powershell.exe,70,863,122.5,137,39,66,3,1,80,8.3,1,suspicious
2026-05-14T11:45:00,host-34,explorer.exe,0,1652,48.2,39,0,15,0,0,0,4.5,0,benign
2026-05-14T11:50:00,host-48,powershell.exe,91,320,79.4,0,0,94,16,1,19,6.5,1,suspicious
2026-05-14T11:55:00,host-09,powershell.exe,78,529,97.9,141,31,54,6,1,63,6.6,0,suspicious
2026-05-14T12:00:00,host-18,explorer.exe,60,0,17.6,91,0,25,3,1,4,4.6,0,benign
2026-05-14T12:05:00,host-50,encryptor.exe,81,1393,325.3,219,210,2,5,1,120,8.2,1,suspicious
2026-05-14T12:10:00,host-39,encryptor.exe,91,535,450.8,289,227,39,1,1,105,8.3,1,suspicious
2026-05-14T12:15:00,host-49,explorer.exe,30,713,25.8,82,3,43,2,0,4,5.0,0,benign
2026-05-14T12:20:00,host-11,explorer.exe,31,1325,38.7,1,8,28,0,0,4,4.5,0,benign
2026-05-14T12:25:00,host-25,rclone.exe,18,1503,113.3,30,0,215,2,1,4,4.4,0,suspicious
2026-05-14T12:30:00,host-08,code.exe,1,774,37.9,61,0,1,2,0,2,4.0,0,benign
2026-05-14T12:35:00,host-41,code.exe,29,1922,0.0,41,2,32,2,0,1,5.1,1,benign
2026-05-14T12:40:00,host-36,powershell.exe,51,783,304.3,152,97,28,7,1,75,8.1,1,suspicious
2026-05-14T12:45:00,host-36,explorer.exe,0,337,21.2,30,0,29,1,0,0,4.1,0,benign
2026-05-14T12:50:00,host-50,svchost.exe,25,948,30.1,21,0,30,1,0,0,4.3,0,benign
2026-05-14T12:55:00,host-45,teams.exe,38,1045,24.8,44,0,38,6,0,2,4.8,0,benign
2026-05-14T13:00:00,host-31,svchost.exe,11,658,74.5,43,12,35,2,0,3,5.1,0,benign
2026-05-14T13:05:00,host-50,encryptor.exe,86,1604,459.3,246,193,1,1,1,86,8.0,1,suspicious
2026-05-14T13:10:00,host-24,powershell.exe,48,397,0.0,149,0,41,15,1,0,7.1,1,suspicious
2026-05-14T13:15:00,host-14,miner.exe,99,1214,25.6,0,0,35,2,1,1,4.5,0,suspicious
2026-05-14T13:20:00,host-51,powershell.exe,74,821,206.1,81,68,75,4,1,8,6.5,1,suspicious
2026-05-14T13:25:00,host-13,powershell.exe,72,729,113.7,111,0,42,8,0,61,6.6,0,suspicious
2026-05-14T13:30:00,host-46,teams.exe,4,807,55.0,46,10,11,4,0,1,4.4,0,benign
2026-05-14T13:35:00,host-06,svchost.exe,56,608,0.0,57,1,27,3,0,0,4.2,0,benign
2026-05-14T13:40:00,host-48,teams.exe,28,335,0.0,62,6,21,3,0,2,4.7,0,suspicious
2026-05-14T13:45:00,host-13,powershell.exe,86,577,142.9,173,73,85,13,0,31,4.2,1,suspicious
2026-05-14T13:50:00,host-32,powershell.exe,88,1119,137.9,280,79,1,6,1,47,5.9,1,suspicious
2026-05-14T13:55:00,host-03,powershell.exe,90,892,233.3,97,118,0,2,1,35,7.9,1,suspicious
2026-05-14T14:00:00,host-42,teams.exe,16,633,0.0,20,9,32,1,0,0,5.2,0,benign
2026-05-14T14:05:00,host-52,teams.exe,32,738,43.9,65,10,13,3,0,2,4.3,0,benign
2026-05-14T14:10:00,host-30,powershell.exe,90,1147,95.5,159,87,40,2,0,19,4.9,0,suspicious
2026-05-14T14:15:00,host-42,svchost.exe,0,899,69.3,16,7,18,2,0,0,3.9,0,benign
2026-05-14T14:20:00,host-37,powershell.exe,68,1122,161.9,150,75,25,8,1,54,6.6,0,suspicious
2026-05-14T14:25:00,host-30,powershell.exe,61,790,150.9,115,88,45,0,1,44,8.3,1,suspicious
2026-05-14T14:30:00,host-17,encryptor.exe,77,1808,451.2,342,190,53,5,1,99,8.3,1,suspicious
2026-05-14T14:35:00,host-04,miner.exe,100,2166,3.8,15,3,75,1,0,2,5.0,0,suspicious
2026-05-14T14:40:00,host-18,powershell.exe,59,648,20.9,172,87,32,8,1,12,7.0,0,suspicious
2026-05-14T14:45:00,host-54,explorer.exe,23,318,55.8,0,0,33,1,0,2,3.1,0,benign
2026-05-14T14:50:00,host-17,powershell.exe,95,654,0.0,147,129,77,10,1,24,8.5,0,suspicious
2026-05-14T14:55:00,host-50,svchost.exe,4,1664,31.5,27,0,81,2,0,3,4.0,0,benign
2026-05-14T15:00:00,host-40,python.exe,35,839,0.0,49,0,18,0,0,1,3.7,0,benign
2026-05-14T15:05:00,host-07,explorer.exe,15,1779,5.5,34,7,0,3,0,4,4.8,0,benign
2026-05-14T15:10:00,host-23,rclone.exe,87,266,0.0,73,15,193,6,1,1,3.1,0,suspicious
2026-05-14T15:15:00,host-09,python.exe,44,821,34.3,59,2,3,3,0,3,4.5,0,benign
2026-05-14T15:20:00,host-45,encryptor.exe,88,924,440.0,130,120,18,6,1,36,8.9,1,suspicious
2026-05-14T15:25:00,host-19,svchost.exe,45,1696,0.0,101,0,21,1,0,4,4.9,0,benign
2026-05-14T15:30:00,host-31,excel.exe,0,1419,15.5,0,2,39,2,0,5,4.9,0,benign
2026-05-14T15:35:00,host-37,teams.exe,31,235,18.2,0,0,71,2,0,0,3.9,0,benign
2026-05-14T15:40:00,host-06,chrome.exe,32,1542,3.6,0,0,3,3,0,0,5.2,0,benign
2026-05-14T15:45:00,host-09,chrome.exe,51,951,22.6,1,4,1,4,0,2,3.9,0,benign
2026-05-14T15:50:00,host-44,explorer.exe,18,1228,57.1,33,1,32,1,0,2,4.4,0,benign
2026-05-14T15:55:00,host-41,chrome.exe,34,539,29.9,64,3,90,5,0,3,5.4,0,benign
2026-05-14T16:00:00,host-41,teams.exe,35,1517,0.0,22,3,25,4,0,2,3.9,0,benign
2026-05-14T16:05:00,host-42,encryptor.exe,94,1381,318.3,538,136,23,4,1,123,8.6,0,suspicious
2026-05-14T16:10:00,host-58,excel.exe,52,66,0.0,69,0,42,4,0,0,3.7,0,benign
2026-05-14T16:15:00,host-05,encryptor.exe,88,1087,528.7,253,201,13,2,1,38,7.9,1,suspicious
2026-05-14T16:20:00,host-05,miner.exe,95,953,11.0,42,1,59,5,1,0,4.7,0,suspicious
2026-05-14T16:25:00,host-08,svchost.exe,28,841,33.6,69,5,22,4,0,0,2.4,0,benign
2026-05-14T16:30:00,host-10,encryptor.exe,85,1388,267.3,349,147,24,4,1,88,8.1,1,suspicious
2026-05-14T16:35:00,host-49,encryptor.exe,89,1046,350.7,179,69,35,5,0,96,8.8,1,suspicious
2026-05-14T16:40:00,host-02,svchost.exe,29,948,15.5,2,5,42,2,0,4,3.9,0,benign
2026-05-14T16:45:00,host-33,excel.exe,20,1730,31.7,9,1,58,4,0,1,4.4,0,benign
2026-05-14T16:50:00,host-21,svchost.exe,46,717,45.2,0,1,56,5,0,0,4.6,0,benign
2026-05-14T16:55:00,host-46,svchost.exe,0,249,20.2,0,2,0,5,0,0,4.5,0,benign
2026-05-14T17:00:00,host-04,rclone.exe,39,470,117.3,0,2,177,1,1,6,3.6,0,suspicious
2026-05-14T17:05:00,host-04,excel.exe,16,695,19.2,47,0,24,0,0,0,3.6,0,benign
2026-05-14T17:10:00,host-46,outlook.exe,0,1135,20.2,69,7,26,2,0,2,3.2,0,benign
2026-05-14T17:15:00,host-15,explorer.exe,22,1549,100.8,83,0,46,3,0,0,4.3,0,benign
2026-05-14T17:20:00,host-17,rclone.exe,56,815,130.8,0,19,72,0,1,0,5.0,0,suspicious
2026-05-14T17:25:00,host-46,rclone.exe,39,1186,51.0,11,0,168,0,1,4,3.2,0,suspicious
2026-05-14T17:30:00,host-54,encryptor.exe,82,1506,359.7,218,192,0,0,1,95,8.4,0,suspicious
2026-05-14T17:35:00,host-49,rclone.exe,26,935,56.7,25,5,171,3,1,0,5.1,0,suspicious
2026-05-14T17:40:00,host-53,code.exe,28,634,5.7,62,0,50,0,0,0,5.6,0,benign
2026-05-14T17:45:00,host-32,explorer.exe,28,625,0.0,45,1,52,0,0,0,4.1,0,benign
2026-05-14T17:50:00,host-36,encryptor.exe,88,936,317.6,281,134,25,2,1,133,8.6,1,suspicious
2026-05-14T17:55:00,host-02,svchost.exe,19,277,29.7,22,1,16,8,0,0,3.3,0,benign
2026-05-14T18:00:00,host-21,powershell.exe,89,643,119.2,133,105,52,5,0,75,7.0,1,suspicious
2026-05-14T18:05:00,host-51,chrome.exe,41,1259,26.6,16,5,28,1,0,0,4.9,0,benign
2026-05-14T18:10:00,host-32,outlook.exe,12,891,0.0,71,0,46,0,0,1,3.4,0,benign
2026-05-14T18:15:00,host-04,rclone.exe,53,595,0.0,132,0,166,2,1,5,5.7,0,suspicious
2026-05-14T18:20:00,host-52,excel.exe,38,316,70.5,13,3,1,0,0,0,4.1,0,benign
2026-05-14T18:25:00,host-05,powershell.exe,66,432,108.6,189,79,37,2,1,9,8.0,0,suspicious
2026-05-14T18:30:00,host-26,miner.exe,95,1170,1.7,29,1,122,5,1,2,4.3,0,benign
2026-05-14T18:35:00,host-54,rclone.exe,50,844,147.0,0,16,167,0,1,0,5.7,0,suspicious
2026-05-14T18:40:00,host-18,chrome.exe,20,248,10.3,130,7,23,1,0,1,4.0,0,benign
2026-05-14T18:45:00,host-26,powershell.exe,84,349,198.3,119,0,43,1,0,30,8.5,0,suspicious
2026-05-14T18:50:00,host-19,teams.exe,3,1813,19.7,73,2,26,2,0,2,3.7,0,suspicious
2026-05-14T18:55:00,host-20,teams.exe,36,951,22.5,26,0,21,3,0,1,4.9,0,benign
2026-05-14T19:00:00,host-23,miner.exe,98,883,0.0,0,1,108,2,1,6,4.9,0,suspicious
2026-05-14T19:05:00,host-19,excel.exe,15,1393,45.7,0,0,18,3,0,6,4.0,0,benign
2026-05-14T19:10:00,host-39,python.exe,18,0,23.1,34,9,30,0,0,0,3.6,0,benign
2026-05-14T19:15:00,host-31,chrome.exe,21,662,43.9,64,6,69,1,0,0,3.7,0,benign
2026-05-14T19:20:00,host-36,outlook.exe,44,870,21.4,58,0,12,3,1,0,4.3,0,benign
2026-05-14T19:25:00,host-46,svchost.exe,24,1228,40.9,44,8,48,4,0,4,4.2,0,benign
2026-05-14T19:30:00,host-27,miner.exe,102,2013,44.2,32,3,18,3,0,1,4.6,1,suspicious
2026-05-14T19:35:00,host-36,encryptor.exe,92,1681,528.3,388,281,28,3,1,85,8.1,0,suspicious
2026-05-14T19:40:00,host-22,teams.exe,19,617,32.6,67,0,0,4,0,2,5.3,0,benign
2026-05-14T19:45:00,host-01,encryptor.exe,96,1484,562.7,20,152,42,2,1,84,8.5,0,suspicious
2026-05-14T19:50:00,host-32,powershell.exe,66,986,192.3,197,25,0,8,1,60,6.3,0,suspicious
2026-05-14T19:55:00,host-39,miner.exe,101,1433,13.6,20,5,37,0,1,0,4.4,0,suspicious
2026-05-14T20:00:00,host-43,explorer.exe,68,606,30.0,25,8,28,5,0,4,4.7,0,benign
2026-05-14T20:05:00,host-01,outlook.exe,21,549,11.6,0,7,0,2,1,3,3.2,0,benign
2026-05-14T20:10:00,host-35,excel.exe,10,0,40.3,21,0,26,4,0,6,3.8,0,benign
2026-05-14T20:15:00,host-34,explorer.exe,0,2313,7.6,23,8,75,4,0,1,3.2,0,benign
2026-05-14T20:20:00,host-47,chrome.exe,33,770,58.0,65,6,0,5,0,4,5.5,0,benign
2026-05-14T20:25:00,host-29,chrome.exe,45,1362,0.0,30,0,40,0,0,3,4.0,0,benign
2026-05-14T20:30:00,host-14,excel.exe,36,79,0.0,36,2,37,1,0,1,4.4,0,benign
2026-05-14T20:35:00,host-56,outlook.exe,38,0,0.0,37,2,44,2,0,0,4.3,0,benign
2026-05-14T20:40:00,host-32,rclone.exe,52,286,40.8,86,6,65,1,1,0,5.1,0,suspicious
2026-05-14T20:45:00,host-56,encryptor.exe,90,1091,263.4,247,101,8,3,1,177,7.9,0,suspicious
2026-05-14T20:50:00,host-27,powershell.exe,91,565,124.7,90,14,20,6,0,46,6.6,1,suspicious
2026-05-14T20:55:00,host-05,teams.exe,38,1558,15.3,4,3,39,1,0,2,4.6,0,benign
2026-05-14T21:00:00,host-11,encryptor.exe,84,1286,373.6,73,185,35,4,1,26,8.9,1,suspicious
2026-05-14T21:05:00,host-49,powershell.exe,88,554,206.0,0,28,0,4,1,76,7.0,1,suspicious
2026-05-14T21:10:00,host-39,outlook.exe,15,1617,0.0,14,3,37,1,1,2,5.5,0,benign
2026-05-14T21:15:00,host-27,code.exe,1,1025,46.9,53,3,0,2,0,0,4.2,0,benign
2026-05-14T21:20:00,host-29,explorer.exe,33,412,0.0,49,0,76,6,0,0,4.6,0,benign
2026-05-14T21:25:00,host-04,explorer.exe,25,964,0.0,63,2,42,2,0,1,4.8,0,benign
2026-05-14T21:30:00,host-34,svchost.exe,1,389,27.1,37,0,20,4,1,1,4.9,0,benign
2026-05-14T21:35:00,host-41,teams.exe,36,2131,0.4,0,3,23,3,0,1,4.2,0,benign
2026-05-14T21:40:00,host-13,teams.exe,48,1442,15.8,0,2,11,2,0,1,3.7,0,benign
2026-05-14T21:45:00,host-29,encryptor.exe,90,1582,442.3,395,198,39,6,1,30,8.2,1,suspicious
2026-05-14T21:50:00,host-28,teams.exe,27,1462,15.4,46,7,0,1,0,1,5.2,0,benign
2026-05-14T21:55:00,host-58,powershell.exe,75,820,199.6,63,42,46,12,0,31,6.6,1,suspicious
2026-05-14T22:00:00,host-03,miner.exe,101,1284,10.6,0,0,75,3,1,2,6.1,0,suspicious
2026-05-14T22:05:00,host-18,outlook.exe,7,947,51.3,94,6,84,1,0,3,3.2,0,benign
2026-05-14T22:10:00,host-12,miner.exe,93,1496,30.1,20,0,23,0,1,2,4.0,0,suspicious
2026-05-14T22:15:00,host-53,code.exe,37,522,0.0,45,15,49,2,1,0,3.6,0,benign
2026-05-14T22:20:00,host-37,miner.exe,98,1554,0.0,16,7,64,1,1,4,4.6,0,suspicious
2026-05-14T22:25:00,host-12,excel.exe,29,648,39.4,43,8,21,8,0,0,3.7,0,benign
2026-05-14T22:30:00,host-59,excel.exe,28,224,10.5,61,15,3,2,0,0,3.9,0,benign
2026-05-14T22:35:00,host-19,svchost.exe,7,717,0.0,68,0,0,1,0,3,5.1,0,suspicious
2026-05-14T22:40:00,host-04,chrome.exe,0,1118,0.0,38,4,36,4,0,1,4.0,0,benign
2026-05-14T22:45:00,host-51,encryptor.exe,91,1380,296.5,422,226,40,3,1,123,8.5,0,suspicious
2026-05-14T22:50:00,host-36,rclone.exe,31,781,0.0,83,0,147,2,1,1,4.9,0,suspicious
2026-05-14T22:55:00,host-59,rclone.exe,3,728,36.6,67,0,145,3,1,3,3.8,0,suspicious
2026-05-14T23:00:00,host-28,outlook.exe,25,707,87.4,26,5,11,3,0,0,4.3,0,benign
2026-05-14T23:05:00,host-01,svchost.exe,0,1783,0.0,31,11,26,2,0,0,4.2,0,benign
2026-05-14T23:10:00,host-03,python.exe,0,1130,24.0,109,3,6,2,0,2,4.3,0,benign
2026-05-14T23:15:00,host-37,powershell.exe,99,724,205.1,191,81,16,9,0,46,7.5,0,suspicious
2026-05-14T23:20:00,host-08,encryptor.exe,99,261,362.7,290,98,38,2,0,140,8.8,1,suspicious
2026-05-14T23:25:00,host-08,powershell.exe,108,941,80.0,22,93,38,2,1,30,7.3,0,suspicious
2026-05-14T23:30:00,host-06,code.exe,17,634,48.3,30,10,75,1,0,1,4.9,0,benign
2026-05-14T23:35:00,host-54,rclone.exe,71,856,124.2,70,3,153,5,1,5,4.7,0,suspicious
2026-05-14T23:40:00,host-39,rclone.exe,22,518,47.9,76,13,85,1,1,4,4.5,0,suspicious
2026-05-14T23:45:00,host-10,python.exe,13,770,48.2,5,0,61,2,0,2,4.3,0,benign
2026-05-14T23:50:00,host-56,powershell.exe,60,1091,111.4,67,63,65,10,0,52,6.9,1,suspicious
2026-05-14T23:55:00,host-20,code.exe,0,1324,8.0,96,0,25,1,0,0,5.4,0,benign
2026-05-15T00:00:00,host-31,python.exe,15,583,14.4,0,3,56,5,0,0,3.8,0,benign
2026-05-15T00:05:00,host-14,chrome.exe,23,1696,19.6,54,0,0,1,0,2,4.5,0,benign
2026-05-15T00:10:00,host-52,encryptor.exe,77,976,535.9,528,153,12,0,1,90,8.7,0,suspicious
2026-05-15T00:15:00,host-54,outlook.exe,35,646,31.5,53,3,50,0,0,0,3.4,0,benign
2026-05-15T00:20:00,host-31,powershell.exe,93,791,97.1,129,99,76,7,0,1,6.5,1,suspicious
2026-05-15T00:25:00,host-09,excel.exe,5,1414,0.0,4,0,33,3,0,3,4.3,0,benign
2026-05-15T00:30:00,host-02,code.exe,10,584,0.0,24,6,73,0,0,0,4.8,0,benign
2026-05-15T00:35:00,host-50,explorer.exe,25,492,26.8,32,2,17,4,0,3,5.1,0,benign
2026-05-15T00:40:00,host-36,powershell.exe,85,1481,164.8,169,82,37,7,1,45,7.8,1,suspicious
2026-05-15T00:45:00,host-26,excel.exe,55,629,44.2,50,5,27,0,0,4,4.4,0,benign
2026-05-15T00:50:00,host-02,svchost.exe,26,321,15.4,61,1,22,2,0,0,4.6,0,benign
2026-05-15T00:55:00,host-59,svchost.exe,38,993,47.3,84,7,16,3,0,0,3.4,0,benign
2026-05-15T01:00:00,host-34,chrome.exe,44,976,53.7,53,0,41,3,0,0,4.4,0,benign
2026-05-15T01:05:00,host-51,code.exe,0,967,55.7,9,2,20,1,0,0,4.2,0,benign
2026-05-15T01:10:00,host-47,chrome.exe,38,379,0.0,7,6,37,4,0,0,4.9,0,benign
2026-05-15T01:15:00,host-43,outlook.exe,43,542,40.4,0,0,26,5,0,2,4.9,0,benign
2026-05-15T01:20:00,host-37,encryptor.exe,86,1710,407.0,281,187,37,5,1,131,8.9,1,suspicious
2026-05-15T01:25:00,host-41,encryptor.exe,87,1224,200.8,359,257,37,2,1,94,8.3,1,suspicious
2026-05-15T01:30:00,host-15,svchost.exe,29,718,17.5,70,8,65,3,0,0,3.3,0,benign
2026-05-15T01:35:00,host-06,explorer.exe,3,438,58.7,50,0,27,4,0,0,5.3,0,benign
2026-05-15T01:40:00,host-15,python.exe,28,1427,31.9,0,2,108,2,0,0,5.4,0,benign
2026-05-15T01:45:00,host-47,encryptor.exe,83,1265,385.8,466,199,12,3,1,15,8.7,1,benign
2026-05-15T01:50:00,host-57,powershell.exe,99,860,294.2,155,82,47,3,1,0,6.3,1,suspicious
2026-05-15T01:55:00,host-09,encryptor.exe,99,926,317.7,147,222,20,0,1,98,8.8,1,suspicious
2026-05-15T02:00:00,host-43,excel.exe,61,903,38.0,21,6,0,1,0,0,5.1,0,benign
2026-05-15T02:05:00,host-47,explorer.exe,43,1166,22.9,66,12,14,0,0,3,5.0,0,benign
2026-05-15T02:10:00,host-23,encryptor.exe,94,1173,376.2,237,241,32,4,1,101,8.6,1,suspicious
2026-05-15T02:15:00,host-56,chrome.exe,32,417,0.0,25,4,27,0,0,0,2.4,0,benign
2026-05-15T02:20:00,host-36,encryptor.exe,91,614,241.9,156,166,21,4,1,75,8.4,0,suspicious
2026-05-15T02:25:00,host-34,code.exe,19,0,18.4,0,11,16,3,0,0,4.3,0,benign
2026-05-15T02:30:00,host-48,encryptor.exe,79,1422,316.2,342,235,38,4,1,106,9.0,1,suspicious
2026-05-15T02:35:00,host-51,rclone.exe,18,973,49.7,2,8,280,0,1,0,4.6,0,suspicious
2026-05-15T02:40:00,host-32,miner.exe,99,813,16.1,21,8,23,1,1,0,5.4,0,suspicious
2026-05-15T02:45:00,host-03,code.exe,16,268,13.5,27,0,34,2,0,1,5.6,0,benign
2026-05-15T02:50:00,host-37,excel.exe,44,701,26.0,110,3,48,3,0,3,3.8,0,benign
2026-05-15T02:55:00,host-31,python.exe,8,687,0.0,32,0,50,3,0,0,4.2,0,benign
2026-05-15T03:00:00,host-53,encryptor.exe,78,1323,378.3,454,242,73,3,1,46,8.7,1,suspicious
2026-05-15T03:05:00,host-37,excel.exe,31,1003,23.5,16,9,81,0,0,0,4.7,0,benign
2026-05-15T03:10:00,host-22,outlook.exe,40,0,11.0,22,11,41,0,0,4,4.7,0,suspicious
2026-05-15T03:15:00,host-17,code.exe,0,561,54.7,27,2,34,6,0,3,3.9,0,benign
2026-05-15T03:20:00,host-41,outlook.exe,41,500,20.0,65,0,57,2,0,0,4.1,0,benign
2026-05-15T03:25:00,host-16,powershell.exe,95,337,129.9,205,34,69,11,1,28,5.9,0,suspicious
2026-05-15T03:30:00,host-14,excel.exe,26,982,30.0,66,0,0,2,0,0,4.0,0,benign
2026-05-15T03:35:00,host-13,encryptor.exe,88,1339,232.7,420,182,24,0,1,110,8.3,1,suspicious
2026-05-15T03:40:00,host-08,excel.exe,26,925,22.5,42,0,25,0,0,4,4.8,0,benign
2026-05-15T03:45:00,host-06,encryptor.exe,106,923,148.0,424,270,58,5,1,87,7.6,1,suspicious
2026-05-15T03:50:00,host-35,teams.exe,22,418,0.0,104,12,30,3,0,2,5.4,0,benign
2026-05-15T03:55:00,host-46,chrome.exe,55,1918,14.2,64,3,14,3,0,1,3.8,0,benign
2026-05-15T04:00:00,host-19,outlook.exe,33,1390,0.0,20,11,26,2,0,3,5.0,0,benign
2026-05-15T04:05:00,host-42,python.exe,40,672,55.6,21,10,67,0,0,3,5.9,0,benign
2026-05-15T04:10:00,host-58,miner.exe,97,1501,0.0,26,5,67,1,1,1,4.8,0,suspicious
2026-05-15T04:15:00,host-44,excel.exe,28,1462,52.4,102,4,49,0,0,0,4.3,0,benign
2026-05-15T04:20:00,host-34,explorer.exe,16,420,72.6,77,5,20,1,0,2,2.5,0,benign
2026-05-15T04:25:00,host-41,code.exe,33,1273,9.4,0,4,66,1,0,3,4.0,0,benign
2026-05-15T04:30:00,host-37,explorer.exe,15,1015,25.6,81,12,68,4,0,0,4.3,0,benign
2026-05-15T04:35:00,host-28,powershell.exe,76,936,240.9,182,69,15,5,1,40,7.3,0,suspicious
2026-05-15T04:40:00,host-30,encryptor.exe,93,1077,294.9,306,204,8,3,1,62,7.7,1,suspicious
2026-05-15T04:45:00,host-12,miner.exe,96,2166,0.0,14,8,72,1,1,2,5.8,0,suspicious
2026-05-15T04:50:00,host-19,teams.exe,0,668,0.0,78,0,40,0,0,0,4.0,0,benign
2026-05-15T04:55:00,host-55,encryptor.exe,83,1666,222.1,271,99,30,3,1,118,8.2,1,suspicious
2026-05-15T05:00:00,host-08,code.exe,26,1215,55.5,32,1,8,3,1,0,4.2,0,benign
2026-05-15T05:05:00,host-15,powershell.exe,84,0,91.7,39,118,27,6,1,23,6.4,0,suspicious
2026-05-15T05:10:00,host-03,miner.exe,96,1096,0.0,21,3,17,4,1,3,4.8,0,suspicious
2026-05-15T05:15:00,host-44,powershell.exe,62,240,280.5,244,33,18,7,0,9,5.0,0,suspicious
2026-05-15T05:20:00,host-46,explorer.exe,33,143,0.0,44,0,22,1,0,0,3.7,0,benign
2026-05-15T05:25:00,host-18,code.exe,26,753,8.5,0,6,0,2,0,0,5.0,0,benign
2026-05-15T05:30:00,host-39,explorer.exe,0,741,14.4,83,0,37,2,0,1,4.8,0,benign
2026-05-15T05:35:00,host-31,code.exe,17,1237,42.4,16,0,27,5,0,3,4.5,0,benign
2026-05-15T05:40:00,host-23,encryptor.exe,82,1130,259.4,423,213,54,0,1,38,7.9,1,suspicious
2026-05-15T05:45:00,host-08,code.exe,11,212,48.3,68,10,40,0,0,2,4.1,0,benign
2026-05-15T05:50:00,host-10,explorer.exe,34,583,24.4,0,2,0,0,0,6,3.2,0,benign
2026-05-15T05:55:00,host-40,outlook.exe,38,731,7.2,43,0,48,0,0,1,4.2,0,benign
2026-05-15T06:00:00,host-54,outlook.exe,30,460,19.3,0,3,39,3,0,0,4.6,0,benign
2026-05-15T06:05:00,host-38,excel.exe,44,323,36.4,65,0,0,0,0,2,3.7,0,benign
2026-05-15T06:10:00,host-47,explorer.exe,24,649,0.0,17,0,0,4,0,0,3.9,0,benign
2026-05-15T06:15:00,host-29,outlook.exe,34,1418,31.3,0,0,59,0,0,0,4.4,0,benign
2026-05-15T06:20:00,host-20,explorer.exe,27,1131,7.7,7,4,4,4,0,1,4.1,0,suspicious
2026-05-15T06:25:00,host-18,code.exe,44,942,0.0,52,0,8,0,0,0,3.8,0,benign
2026-05-15T06:30:00,host-18,encryptor.exe,83,1812,238.0,332,209,7,4,1,106,7.7,1,suspicious
2026-05-15T06:35:00,host-57,teams.exe,47,1154,16.8,68,7,42,0,0,4,3.5,0,benign
2026-05-15T06:40:00,host-28,svchost.exe,15,1939,0.0,12,0,60,2,0,4,4.6,0,benign
2026-05-15T06:45:00,host-49,miner.exe,92,787,0.0,0,0,27,0,1,4,4.4,0,suspicious
2026-05-15T06:50:00,host-23,chrome.exe,30,961,89.2,72,0,39,0,0,0,3.6,0,benign
2026-05-15T06:55:00,host-10,excel.exe,32,986,7.4,68,8,28,2,0,1,4.3,0,benign
2026-05-15T07:00:00,host-28,teams.exe,24,1821,39.7,19,7,38,5,0,1,4.2,0,benign
2026-05-15T07:05:00,host-02,powershell.exe,84,1086,139.2,91,102,16,12,1,60,7.1,1,suspicious
2026-05-15T07:10:00,host-49,svchost.exe,49,1190,0.0,106,3,3,0,0,5,4.9,0,benign
2026-05-15T07:15:00,host-16,encryptor.exe,94,1494,293.3,388,268,21,2,1,66,7.9,1,suspicious
2026-05-15T07:20:00,host-38,explorer.exe,14,1538,41.3,32,0,21,3,0,1,4.4,0,benign
2026-05-15T07:25:00,host-08,code.exe,71,758,25.1,60,1,30,2,0,2,3.3,0,benign
2026-05-15T07:30:00,host-27,code.exe,11,1595,123.8,82,8,43,0,0,0,3.6,0,benign
2026-05-15T07:35:00,host-37,teams.exe,25,337,3.2,18,0,17,0,0,2,3.5,0,benign
2026-05-15T07:40:00,host-31,chrome.exe,27,1446,27.4,25,3,32,2,0,3,4.9,0,benign
2026-05-15T07:45:00,host-47,code.exe,0,565,11.1,0,4,59,4,0,0,4.7,0,benign
2026-05-15T07:50:00,host-43,rclone.exe,29,0,7.3,69,5,95,0,1,0,5.5,0,suspicious
2026-05-15T07:55:00,host-35,chrome.exe,26,1001,24.5,37,0,12,1,0,0,4.0,0,benign
2026-05-15T08:00:00,host-35,teams.exe,21,1307,65.3,89,2,29,2,0,0,4.9,0,benign
2026-05-15T08:05:00,host-30,outlook.exe,0,609,5.9,50,12,44,5,0,3,5.4,0,benign
2026-05-15T08:10:00,host-47,outlook.exe,29,776,5.1,97,0,47,3,0,0,3.9,0,benign
2026-05-15T08:15:00,host-30,python.exe,67,936,32.5,21,0,78,0,0,0,4.1,0,benign
2026-05-15T08:20:00,host-31,chrome.exe,19,855,0.0,93,0,24,1,0,4,5.8,0,benign
2026-05-15T08:25:00,host-59,outlook.exe,53,1296,23.6,52,0,37,0,0,1,3.6,0,benign
2026-05-15T08:30:00,host-21,outlook.exe,41,855,31.0,0,2,57,4,0,0,3.7,0,benign
2026-05-15T08:35:00,host-37,teams.exe,11,855,14.5,77,0,16,0,0,2,4.2,0,benign
2026-05-15T08:40:00,host-14,encryptor.exe,95,1290,318.5,339,76,54,4,1,67,7.7,1,suspicious
2026-05-15T08:45:00,host-42,rclone.exe,61,1247,58.6,38,8,179,0,1,1,5.2,0,suspicious
2026-05-15T08:50:00,host-42,teams.exe,25,2176,10.3,51,17,35,2,0,4,3.6,0,benign
2026-05-15T08:55:00,host-24,teams.exe,49,761,0.0,84,0,38,4,0,0,4.7,0,benign
2026-05-15T09:00:00,host-20,svchost.exe,28,218,12.9,45,8,10,5,0,0,3.6,0,benign
2026-05-15T09:05:00,host-29,outlook.exe,13,450,25.8,16,3,55,2,0,1,3.3,0,benign
2026-05-15T09:10:00,host-07,code.exe,21,1416,12.7,49,1,42,1,0,5,4.8,0,benign
2026-05-15T09:15:00,host-02,rclone.exe,46,731,0.0,96,18,270,6,1,0,5.1,0,suspicious
2026-05-15T09:20:00,host-02,chrome.exe,46,476,13.5,22,3,58,0,0,1,5.7,0,suspicious
2026-05-15T09:25:00,host-57,chrome.exe,0,780,13.6,0,3,0,1,0,1,4.1,0,benign
2026-05-15T09:30:00,host-09,powershell.exe,79,430,161.4,138,63,113,7,0,27,5.9,0,suspicious
2026-05-15T09:35:00,host-46,code.exe,7,24,8.4,71,4,69,4,0,5,4.2,0,benign
2026-05-15T09:40:00,host-09,teams.exe,13,1194,0.0,59,5,25,3,0,1,4.0,0,benign
2026-05-15T09:45:00,host-17,powershell.exe,98,595,76.7,144,96,59,8,0,40,7.1,0,suspicious
2026-05-15T09:50:00,host-51,python.exe,22,1277,0.0,0,8,68,0,0,0,4.1,0,benign
2026-05-15T09:55:00,host-19,excel.exe,22,337,39.7,25,1,37,2,1,0,3.5,0,benign
2026-05-15T10:00:00,host-17,outlook.exe,28,521,0.0,74,0,59,2,0,1,2.7,0,benign
2026-05-15T10:05:00,host-33,teams.exe,24,339,25.9,39,7,57,3,0,0,6.0,0,benign
2026-05-15T10:10:00,host-27,chrome.exe,34,1238,0.0,96,2,61,0,0,0,4.6,0,benign
2026-05-15T10:15:00,host-50,svchost.exe,22,1148,44.7,45,0,33,7,0,0,4.3,0,benign
2026-05-15T10:20:00,host-16,code.exe,35,326,49.7,38,0,58,0,0,0,5.6,0,benign
2026-05-15T10:25:00,host-10,outlook.exe,39,2038,55.2,47,0,71,1,0,0,3.5,0,suspicious
2026-05-15T10:30:00,host-32,chrome.exe,2,98,25.2,43,0,18,3,0,0,4.4,0,benign
2026-05-15T10:35:00,host-12,powershell.exe,77,307,153.5,122,92,4,8,1,77,8.0,0,suspicious
2026-05-15T10:40:00,host-18,encryptor.exe,84,515,329.0,387,197,33,3,1,101,8.3,1,suspicious
2026-05-15T10:45:00,host-24,miner.exe,97,1541,11.7,11,3,45,2,1,1,5.0,0,suspicious
2026-05-15T10:50:00,host-04,outlook.exe,7,1287,0.0,77,3,0,2,0,0,3.9,0,benign
2026-05-15T10:55:00,host-08,code.exe,21,534,0.0,67,0,33,1,0,0,3.9,0,benign
2026-05-15T11:00:00,host-19,python.exe,23,1344,0.0,40,0,4,3,0,0,5.1,0,benign
2026-05-15T11:05:00,host-42,chrome.exe,20,1650,35.4,50,0,42,0,0,2,3.8,0,benign
2026-05-15T11:10:00,host-50,encryptor.exe,87,1234,224.3,300,183,61,0,1,124,8.3,1,suspicious
2026-05-15T11:15:00,host-11,excel.exe,14,405,23.0,12,1,19,2,0,0,4.4,0,benign
2026-05-15T11:20:00,host-44,encryptor.exe,89,380,347.5,252,124,10,2,1,118,8.0,1,suspicious
2026-05-15T11:25:00,host-27,encryptor.exe,91,1415,306.3,464,180,8,3,0,72,8.8,0,suspicious
2026-05-15T11:30:00,host-01,chrome.exe,40,1076,0.0,37,0,39,6,0,2,4.3,0,benign
2026-05-15T11:35:00,host-33,rclone.exe,52,699,14.8,91,6,164,7,0,6,4.1,0,suspicious
2026-05-15T11:40:00,host-23,excel.exe,58,789,28.4,42,12,0,3,0,0,4.1,0,benign
2026-05-15T11:45:00,host-06,teams.exe,25,960,0.0,15,8,32,3,0,5,4.0,0,benign
2026-05-15T11:50:00,host-47,powershell.exe,81,582,151.2,206,85,77,5,1,35,6.8,0,suspicious
2026-05-15T11:55:00,host-57,miner.exe,96,2070,15.2,33,4,35,3,1,2,5.2,0,suspicious
2026-05-15T12:00:00,host-20,powershell.exe,89,294,159.8,107,54,79,5,0,51,5.5,1,suspicious
2026-05-15T12:05:00,host-35,svchost.exe,17,208,0.0,30,0,38,1,0,1,4.5,0,benign
2026-05-15T12:10:00,host-47,svchost.exe,0,1223,23.7,60,0,22,0,0,0,3.7,0,benign
2026-05-15T12:15:00,host-45,svchost.exe,42,1261,41.2,32,2,14,2,0,0,4.7,0,benign
2026-05-15T12:20:00,host-27,teams.exe,0,1257,0.7,30,0,8,0,0,0,4.4,0,benign
2026-05-15T12:25:00,host-34,rclone.exe,57,839,55.1,49,6,132,2,0,0,4.0,0,suspicious
2026-05-15T12:30:00,host-26,chrome.exe,51,881,24.5,0,5,32,1,0,1,3.7,0,benign
2026-05-15T12:35:00,host-13,explorer.exe,22,1327,0.0,60,0,36,1,0,4,3.5,0,benign
2026-05-15T12:40:00,host-09,excel.exe,2,524,23.9,48,0,8,0,0,5,3.7,0,benign
2026-05-15T12:45:00,host-11,miner.exe,94,1355,3.1,26,10,77,2,1,0,5.1,0,suspicious
2026-05-15T12:50:00,host-08,teams.exe,39,1048,15.6,7,2,51,1,0,0,4.8,1,benign
2026-05-15T12:55:00,host-08,powershell.exe,92,322,54.3,115,155,20,10,0,23,6.9,0,suspicious
2026-05-15T13:00:00,host-58,explorer.exe,41,929,47.3,60,3,14,1,0,0,4.4,0,benign
2026-05-15T13:05:00,host-32,rclone.exe,41,1084,49.0,72,4,230,0,0,0,5.8,0,suspicious
2026-05-15T13:10:00,host-56,svchost.exe,30,1129,46.5,89,5,73,2,0,2,4.0,0,benign
2026-05-15T13:15:00,host-04,code.exe,41,888,0.0,99,2,9,0,0,0,3.9,0,benign
2026-05-15T13:20:00,host-56,svchost.exe,45,711,22.6,55,0,19,4,0,1,3.6,0,benign
2026-05-15T13:25:00,host-42,miner.exe,98,1392,18.6,28,3,24,1,1,4,4.4,0,suspicious
2026-05-15T13:30:00,host-43,encryptor.exe,100,1752,401.3,583,143,67,5,1,75,8.7,1,suspicious
2026-05-15T13:35:00,host-19,explorer.exe,22,492,14.6,142,12,0,3,0,0,4.4,0,benign
2026-05-15T13:40:00,host-08,teams.exe,27,546,0.1,37,7,28,5,0,1,4.1,0,benign
2026-05-15T13:45:00,host-02,svchost.exe,56,945,33.8,87,7,12,3,0,0,5.6,0,benign
2026-05-15T13:50:00,host-56,code.exe,0,692,13.4,2,7,25,1,0,2,4.3,0,benign
2026-05-15T13:55:00,host-46,teams.exe,20,1190,34.3,32,6,6,0,0,4,4.4,0,benign
2026-05-15T14:00:00,host-15,encryptor.exe,101,2094,314.0,179,170,20,1,1,95,8.6,1,suspicious
2026-05-15T14:05:00,host-08,python.exe,43,62,0.0,31,10,21,3,0,4,3.3,0,benign
2026-05-15T14:10:00,host-10,python.exe,25,849,0.0,0,0,33,0,0,0,4.1,0,benign
2026-05-15T14:15:00,host-18,python.exe,29,486,60.6,112,4,95,1,0,0,4.2,0,benign
2026-05-15T14:20:00,host-50,teams.exe,46,1399,7.9,0,0,73,3,1,5,5.5,0,suspicious
2026-05-15T14:25:00,host-50,encryptor.exe,78,604,205.0,430,86,64,2,0,74,7.8,1,suspicious
2026-05-15T14:30:00,host-55,explorer.exe,9,840,22.7,28,0,15,3,0,0,3.7,0,benign
2026-05-15T14:35:00,host-09,rclone.exe,59,816,72.2,21,3,180,1,1,3,7.2,1,suspicious
2026-05-15T14:40:00,host-43,python.exe,61,1635,7.4,65,0,30,3,0,3,4.3,0,benign
2026-05-15T14:45:00,host-27,svchost.exe,52,862,24.0,21,1,10,3,0,2,4.5,0,benign
2026-05-15T14:50:00,host-30,svchost.exe,52,1570,3.1,40,0,0,1,0,3,3.7,0,benign
2026-05-15T14:55:00,host-53,svchost.exe,32,1095,26.4,17,0,2,0,0,3,3.5,0,benign
2026-05-15T15:00:00,host-57,teams.exe,55,1176,0.0,63,0,47,1,1,0,4.3,0,suspicious
2026-05-15T15:05:00,host-10,rclone.exe,49,234,109.6,43,6,234,4,0,1,6.0,0,suspicious
2026-05-15T15:10:00,host-09,svchost.exe,38,679,4.0,38,0,4,0,0,5,3.9,0,benign
2026-05-15T15:15:00,host-13,explorer.exe,25,1846,58.9,50,0,6,0,0,4,4.4,0,benign
2026-05-15T15:20:00,host-07,svchost.exe,33,469,4.1,15,10,78,2,0,0,4.3,0,benign
2026-05-15T15:25:00,host-45,outlook.exe,22,807,12.1,25,7,0,5,0,2,4.7,0,benign
2026-05-15T15:30:00,host-25,teams.exe,38,608,35.2,0,1,59,2,0,0,2.5,0,benign
2026-05-15T15:35:00,host-31,encryptor.exe,86,267,213.2,443,217,0,2,1,49,7.6,1,suspicious
2026-05-15T15:40:00,host-10,rclone.exe,14,820,46.6,47,4,134,0,0,3,3.5,0,suspicious
2026-05-15T15:45:00,host-57,miner.exe,95,1715,3.0,0,5,55,2,1,0,4.3,0,suspicious
2026-05-15T15:50:00,host-41,miner.exe,100,1719,21.2,0,2,25,2,0,0,5.4,0,suspicious
2026-05-15T15:55:00,host-14,rclone.exe,23,870,42.8,112,4,184,0,1,3,4.6,0,suspicious
2026-05-15T16:00:00,host-06,rclone.exe,68,1018,114.2,26,4,166,5,1,2,5.9,0,suspicious
2026-05-15T16:05:00,host-53,excel.exe,27,1257,0.0,47,5,0,3,0,0,4.3,0,benign
2026-05-15T16:10:00,host-20,excel.exe,35,518,77.2,36,0,5,4,0,0,4.8,0,benign
2026-05-15T16:15:00,host-27,powershell.exe,82,1419,2.0,63,60,108,15,0,19,6.2,1,suspicious
2026-05-15T16:20:00,host-36,chrome.exe,23,1287,0.0,42,0,23,1,0,1,4.4,0,benign
2026-05-15T16:25:00,host-22,encryptor.exe,88,1007,288.5,271,292,24,1,1,71,8.5,1,suspicious
2026-05-15T16:30:00,host-56,miner.exe,101,1080,10.6,48,3,128,1,1,5,3.5,0,suspicious
2026-05-15T16:35:00,host-08,svchost.exe,40,95,34.9,58,13,56,3,0,2,4.0,0,benign
2026-05-15T16:40:00,host-56,miner.exe,91,1412,15.4,31,7,66,0,1,2,4.0,0,suspicious
2026-05-15T16:45:00,host-24,rclone.exe,56,1252,111.0,0,0,90,5,1,0,4.7,0,suspicious
2026-05-15T16:50:00,host-07,powershell.exe,73,382,138.6,124,95,61,8,1,28,5.5,0,suspicious
2026-05-15T16:55:00,host-24,powershell.exe,59,1237,196.8,100,33,72,4,0,23,8.3,0,suspicious
2026-05-15T17:00:00,host-56,chrome.exe,39,1231,47.5,23,3,61,1,0,1,4.4,0,benign
2026-05-15T17:05:00,host-56,chrome.exe,23,1686,45.2,50,0,9,6,0,1,4.5,0,benign
2026-05-15T17:10:00,host-37,powershell.exe,67,1098,139.3,83,74,60,7,0,10,7.9,0,suspicious
2026-05-15T17:15:00,host-19,chrome.exe,0,519,34.7,6,0,7,1,0,1,4.9,0,benign
2026-05-15T17:20:00,host-51,python.exe,38,673,41.5,47,11,56,4,0,1,4.1,0,benign
2026-05-15T17:25:00,host-36,chrome.exe,48,585,0.0,75,0,25,2,0,3,4.6,0,benign
2026-05-15T17:30:00,host-16,chrome.exe,53,199,11.3,0,0,30,1,0,1,4.0,0,benign
2026-05-15T17:35:00,host-59,explorer.exe,13,1137,28.8,3,7,8,5,0,0,4.0,0,benign
2026-05-15T17:40:00,host-04,excel.exe,0,1175,27.2,44,4,15,2,0,0,5.8,0,benign
2026-05-15T17:45:00,host-57,teams.exe,44,1293,6.4,0,0,41,2,0,1,4.9,0,benign
2026-05-15T17:50:00,host-37,outlook.exe,18,1440,67.0,34,0,0,4,0,7,3.9,0,benign
2026-05-15T17:55:00,host-42,explorer.exe,39,787,40.9,69,6,30,0,1,1,3.2,0,benign
2026-05-15T18:00:00,host-53,encryptor.exe,87,1075,533.7,326,242,23,0,1,65,8.3,1,suspicious
2026-05-15T18:05:00,host-36,chrome.exe,54,1764,0.0,0,0,46,1,0,1,4.5,0,benign
2026-05-15T18:10:00,host-03,encryptor.exe,90,883,166.7,414,136,2,0,1,56,8.3,1,suspicious
2026-05-15T18:15:00,host-42,outlook.exe,0,981,24.4,4,3,49,2,0,0,3.8,0,benign
2026-05-15T18:20:00,host-43,svchost.exe,0,1298,46.6,17,16,35,0,0,0,5.0,0,benign
2026-05-15T18:25:00,host-21,python.exe,10,824,32.9,27,1,31,0,0,1,3.1,0,benign
2026-05-15T18:30:00,host-36,miner.exe,92,841,21.4,16,1,21,1,1,1,5.2,0,suspicious
2026-05-15T18:35:00,host-22,excel.exe,23,512,0.0,42,15,18,2,0,3,4.8,0,benign
2026-05-15T18:40:00,host-33,excel.exe,56,1216,0.0,56,0,52,3,0,2,4.4,0,benign
2026-05-15T18:45:00,host-02,encryptor.exe,90,1659,561.8,410,192,34,4,1,150,8.1,0,suspicious
2026-05-15T18:50:00,host-40,chrome.exe,15,1189,22.3,4,10,57,5,0,1,4.7,0,benign
2026-05-15T18:55:00,host-24,encryptor.exe,78,1251,320.3,271,202,50,1,1,62,8.1,1,benign
2026-05-15T19:00:00,host-28,outlook.exe,6,1547,43.6,8,9,38,2,0,1,4.6,0,benign
2026-05-15T19:05:00,host-03,rclone.exe,38,1072,84.1,36,11,194,3,1,7,4.3,0,suspicious
2026-05-15T19:10:00,host-54,encryptor.exe,85,1012,313.5,308,105,0,4,1,111,9.0,1,suspicious
2026-05-15T19:15:00,host-19,miner.exe,96,554,13.8,54,4,45,3,1,1,6.4,0,suspicious
2026-05-15T19:20:00,host-15,python.exe,17,1409,23.6,52,0,46,3,0,2,4.1,0,benign
2026-05-15T19:25:00,host-26,powershell.exe,111,974,62.5,263,53,41,12,0,30,6.3,1,suspicious
2026-05-15T19:30:00,host-25,miner.exe,100,1621,15.6,23,8,65,1,1,0,4.3,0,suspicious
2026-05-15T19:35:00,host-53,rclone.exe,34,480,90.6,105,0,197,0,1,0,6.1,0,suspicious
2026-05-15T19:40:00,host-26,powershell.exe,66,1296,118.8,128,54,53,13,1,20,7.8,0,suspicious
2026-05-15T19:45:00,host-30,powershell.exe,75,981,216.4,230,78,37,0,0,27,5.8,0,suspicious
2026-05-15T19:50:00,host-53,excel.exe,47,596,31.3,47,8,51,2,0,1,4.3,0,benign
2026-05-15T19:55:00,host-36,excel.exe,8,671,68.2,63,8,4,1,0,1,4.2,0,benign
2026-05-15T20:00:00,host-10,powershell.exe,95,246,167.7,217,63,24,12,0,35,5.9,0,suspicious
2026-05-15T20:05:00,host-16,explorer.exe,25,1458,66.4,43,8,40,1,0,4,3.7,0,benign
2026-05-15T20:10:00,host-43,chrome.exe,63,1668,7.2,15,4,26,4,0,0,4.6,0,benign
2026-05-15T20:15:00,host-03,code.exe,43,525,18.5,24,0,27,6,0,1,4.3,0,benign
2026-05-15T20:20:00,host-22,svchost.exe,49,409,7.5,114,0,39,4,0,0,3.9,0,benign
2026-05-15T20:25:00,host-35,rclone.exe,35,947,91.0,77,0,143,4,1,1,5.0,0,suspicious
2026-05-15T20:30:00,host-55,chrome.exe,26,943,0.0,0,9,32,2,0,0,4.9,0,benign
2026-05-15T20:35:00,host-06,code.exe,23,1826,8.7,83,5,30,5,0,1,5.1,0,benign
2026-05-15T20:40:00,host-18,teams.exe,17,1120,25.3,39,6,37,3,0,4,4.8,0,benign
2026-05-15T20:45:00,host-11,miner.exe,97,1896,17.6,58,5,41,7,1,2,4.1,0,benign
2026-05-15T20:50:00,host-19,encryptor.exe,88,914,332.5,261,135,30,4,1,35,8.5,1,suspicious
2026-05-15T20:55:00,host-14,rclone.exe,65,1738,215.0,0,0,179,5,1,4,4.7,0,suspicious
2026-05-15T21:00:00,host-51,powershell.exe,91,554,116.9,160,62,74,4,1,41,7.2,0,suspicious
2026-05-15T21:05:00,host-58,encryptor.exe,102,247,456.9,197,239,6,3,1,79,9.1,1,suspicious
2026-05-15T21:10:00,host-56,excel.exe,0,757,6.6,94,4,0,0,0,3,4.8,0,benign
2026-05-15T21:15:00,host-14,python.exe,11,335,31.4,53,2,40,2,0,0,4.7,0,benign
2026-05-15T21:20:00,host-44,miner.exe,97,1857,16.0,0,4,11,3,1,0,4.7,0,suspicious
2026-05-15T21:25:00,host-07,miner.exe,101,1582,24.5,48,6,77,1,0,1,5.4,0,suspicious
2026-05-15T21:30:00,host-40,rclone.exe,64,695,109.4,75,1,269,0,1,2,4.2,0,suspicious
2026-05-15T21:35:00,host-42,outlook.exe,0,232,24.2,39,1,78,2,0,3,4.3,0,benign
2026-05-15T21:40:00,host-58,miner.exe,102,1821,6.8,3,6,71,5,1,2,4.8,0,suspicious
2026-05-15T21:45:00,host-32,rclone.exe,55,1066,109.5,77,4,289,6,1,6,4.9,0,suspicious
2026-05-15T21:50:00,host-28,outlook.exe,2,846,11.7,0,4,28,4,0,2,3.9,0,benign
2026-05-15T21:55:00,host-22,excel.exe,17,811,40.1,58,12,47,3,0,0,4.0,0,benign
2026-05-15T22:00:00,host-59,encryptor.exe,93,1049,395.9,66,197,51,3,1,73,8.9,1,suspicious
2026-05-15T22:05:00,host-37,python.exe,21,381,0.0,24,6,62,1,0,2,4.6,0,benign
2026-05-15T22:10:00,host-05,svchost.exe,22,1435,75.7,46,3,36,1,0,2,4.0,0,benign
2026-05-15T22:15:00,host-01,svchost.exe,29,1380,40.8,36,1,30,3,0,2,4.2,0,benign
2026-05-15T22:20:00,host-10,chrome.exe,5,993,39.3,28,0,4,3,0,0,4.6,0,benign
2026-05-15T22:25:00,host-10,excel.exe,34,497,6.6,52,2,12,0,0,1,4.0,0,benign
2026-05-15T22:30:00,host-20,python.exe,54,1252,17.3,66,3,31,5,0,1,5.0,0,benign
2026-05-15T22:35:00,host-53,python.exe,62,1054,5.4,52,0,22,0,0,0,3.3,0,benign
2026-05-15T22:40:00,host-51,encryptor.exe,82,1414,446.1,302,162,28,2,1,141,9.0,1,suspicious
2026-05-15T22:45:00,host-49,chrome.exe,0,28,52.7,20,0,2,3,0,1,3.7,0,benign
2026-05-15T22:50:00,host-08,outlook.exe,16,1632,34.8,80,0,31,3,0,1,3.9,0,benign
2026-05-15T22:55:00,host-55,explorer.exe,21,1125,10.9,17,6,45,1,0,1,4.0,0,benign
2026-05-15T23:00:00,host-21,svchost.exe,38,594,3.7,67,5,0,2,0,0,4.4,0,benign
2026-05-15T23:05:00,host-03,excel.exe,0,478,0.0,32,13,25,2,0,1,4.2,0,benign
2026-05-15T23:10:00,host-41,encryptor.exe,87,1567,329.7,448,117,54,4,1,100,8.1,1,suspicious
2026-05-15T23:15:00,host-38,miner.exe,100,1707,0.0,0,3,70,1,1,3,4.2,0,suspicious
2026-05-15T23:20:00,host-16,powershell.exe,93,711,194.2,178,72,52,10,1,19,6.2,1,suspicious
2026-05-15T23:25:00,host-58,svchost.exe,31,230,14.0,34,4,3,0,0,0,4.2,0,benign
2026-05-15T23:30:00,host-40,excel.exe,0,1338,0.0,89,0,91,1,0,3,4.0,0,benign
2026-05-15T23:35:00,host-59,code.exe,10,1169,0.0,28,4,14,1,0,1,4.1,0,benign
2026-05-15T23:40:00,host-39,excel.exe,30,6,64.9,91,0,2,2,0,4,4.0,0,benign
2026-05-15T23:45:00,host-17,outlook.exe,19,1036,47.3,21,0,0,3,0,3,4.1,0,benign
2026-05-15T23:50:00,host-20,rclone.exe,56,848,73.9,0,0,302,5,0,0,4.5,0,suspicious
2026-05-15T23:55:00,host-09,outlook.exe,24,1032,0.0,54,9,33,0,0,0,4.2,0,benign
2026-05-16T00:00:00,host-50,code.exe,0,14,0.0,95,7,71,2,0,0,4.5,0,suspicious
2026-05-16T00:05:00,host-16,explorer.exe,49,106,87.2,27,7,52,1,0,3,3.9,0,benign
2026-05-16T00:10:00,host-35,encryptor.exe,84,1757,423.2,292,216,0,2,1,118,8.5,1,suspicious
2026-05-16T00:15:00,host-51,python.exe,32,676,58.3,1,5,48,1,0,1,4.8,0,benign
2026-05-16T00:20:00,host-46,code.exe,43,1280,74.5,79,0,42,1,0,0,4.1,0,benign
2026-05-16T00:25:00,host-32,chrome.exe,63,1063,0.0,56,14,46,0,0,0,4.2,0,benign
2026-05-16T00:30:00,host-43,explorer.exe,23,1474,0.0,0,2,22,1,0,2,4.7,0,benign
2026-05-16T00:35:00,host-45,miner.exe,94,1571,37.0,19,0,72,2,0,2,5.1,0,suspicious
2026-05-16T00:40:00,host-22,chrome.exe,47,1317,23.3,5,9,34,1,0,0,4.9,0,benign
2026-05-16T00:45:00,host-17,excel.exe,24,560,0.0,0,0,8,3,0,1,5.1,0,benign
2026-05-16T00:50:00,host-34,powershell.exe,94,732,150.7,4,34,73,0,1,45,6.1,1,suspicious
2026-05-16T00:55:00,host-53,encryptor.exe,89,1254,301.8,316,140,23,7,1,54,7.9,1,suspicious
2026-05-16T01:00:00,host-13,outlook.exe,37,370,21.2,28,12,34,6,0,4,4.2,0,benign
2026-05-16T01:05:00,host-06,miner.exe,96,1436,32.1,47,0,38,0,1,0,5.2,1,suspicious
2026-05-16T01:10:00,host-14,excel.exe,55,1059,0.0,96,8,19,0,0,6,3.7,0,benign
2026-05-16T01:15:00,host-26,outlook.exe,43,1132,10.3,41,1,28,0,0,0,3.9,0,benign
2026-05-16T01:20:00,host-41,explorer.exe,22,1978,0.0,34,3,27,1,0,2,4.8,0,benign
2026-05-16T01:25:00,host-42,miner.exe,101,2430,33.3,7,5,81,6,1,2,4.1,0,suspicious
2026-05-16T01:30:00,host-53,outlook.exe,39,1003,23.8,108,1,39,2,0,5,4.3,0,benign
2026-05-16T01:35:00,host-10,powershell.exe,67,326,0.0,95,67,75,11,0,17,7.6,1,suspicious
2026-05-16T01:40:00,host-15,chrome.exe,44,1790,28.1,19,2,19,1,0,2,4.9,0,benign
2026-05-16T01:45:00,host-12,powershell.exe,70,644,283.6,257,103,44,3,1,19,8.3,1,suspicious
2026-05-16T01:50:00,host-29,excel.exe,37,1411,18.5,67,0,36,4,0,0,4.1,0,benign
2026-05-16T01:55:00,host-36,encryptor.exe,86,619,481.6,168,168,13,2,1,106,8.4,0,suspicious
2026-05-16T02:00:00,host-26,miner.exe,91,866,41.3,29,3,73,3,1,0,5.2,0,suspicious
2026-05-16T02:05:00,host-07,outlook.exe,3,1786,0.0,52,2,19,4,0,2,3.8,0,benign
2026-05-16T02:10:00,host-48,miner.exe,103,1396,0.0,48,3,56,1,0,5,4.6,0,suspicious
2026-05-16T02:15:00,host-23,outlook.exe,9,404,0.0,93,3,0,3,0,0,3.7,0,benign
2026-05-16T02:20:00,host-53,explorer.exe,29,1064,8.3,33,9,65,0,0,3,5.4,0,benign
2026-05-16T02:25:00,host-35,powershell.exe,79,1013,203.1,32,92,70,8,0,4,7.4,1,suspicious
2026-05-16T02:30:00,host-53,excel.exe,15,901,0.0,87,3,3,0,0,2,4.4,0,benign
2026-05-16T02:35:00,host-24,python.exe,17,1110,54.9,36,10,39,3,0,4,5.3,0,benign
2026-05-16T02:40:00,host-15,encryptor.exe,73,1331,262.5,349,110,61,4,1,54,9.0,0,suspicious
2026-05-16T02:45:00,host-24,python.exe,16,443,0.0,25,4,59,3,0,0,4.0,0,benign
2026-05-16T02:50:00,host-32,explorer.exe,15,511,32.2,40,0,16,0,0,1,4.1,0,benign
2026-05-16T02:55:00,host-25,chrome.exe,14,75,0.0,17,0,55,4,0,0,5.3,0,benign
2026-05-16T03:00:00,host-27,excel.exe,24,832,4.3,0,3,12,0,0,0,4.8,0,benign
2026-05-16T03:05:00,host-21,code.exe,39,994,26.5,58,0,0,4,0,0,4.5,0,benign
2026-05-16T03:10:00,host-50,excel.exe,1,744,56.6,15,0,15,1,0,0,5.0,0,benign
2026-05-16T03:15:00,host-49,excel.exe,50,694,10.1,8,0,30,2,0,6,4.1,0,benign
2026-05-16T03:20:00,host-22,outlook.exe,25,893,40.1,48,7,30,2,0,3,4.5,0,benign
2026-05-16T03:25:00,host-46,miner.exe,97,1477,6.6,35,4,114,1,1,0,5.2,0,suspicious
2026-05-16T03:30:00,host-04,miner.exe,95,1306,25.9,1,2,49,4,1,0,5.3,0,suspicious
2026-05-16T03:35:00,host-57,chrome.exe,71,964,8.5,32,0,66,3,0,0,4.3,0,benign
2026-05-16T03:40:00,host-56,encryptor.exe,89,828,317.9,510,97,10,5,0,61,8.8,1,suspicious
2026-05-16T03:45:00,host-56,python.exe,30,244,53.2,100,2,39,4,0,4,3.3,0,benign
2026-05-16T03:50:00,host-35,python.exe,57,1715,0.0,34,0,25,2,0,0,2.7,0,benign
2026-05-16T03:55:00,host-28,svchost.exe,34,360,0.0,7,0,16,1,0,0,4.1,0,benign
2026-05-16T04:00:00,host-26,python.exe,4,875,5.6,0,3,73,0,0,0,3.4,0,benign
2026-05-16T04:05:00,host-59,teams.exe,0,587,32.5,0,1,37,0,0,0,4.8,0,suspicious
2026-05-16T04:10:00,host-59,svchost.exe,14,1586,66.0,16,2,56,2,0,3,4.0,0,benign
2026-05-16T04:15:00,host-49,excel.exe,13,1364,44.0,66,5,40,3,0,2,3.5,0,benign
2026-05-16T04:20:00,host-35,teams.exe,0,1682,22.2,75,6,66,2,0,1,4.6,0,benign
2026-05-16T04:25:00,host-04,chrome.exe,5,704,25.1,0,0,0,1,0,0,4.7,0,benign
2026-05-16T04:30:00,host-49,code.exe,0,113,20.7,54,8,16,2,0,1,4.3,0,benign
2026-05-16T04:35:00,host-15,powershell.exe,88,1008,194.2,47,74,13,8,0,61,7.5,0,suspicious
2026-05-16T04:40:00,host-47,code.exe,56,817,0.0,75,4,68,2,0,0,5.2,0,benign
2026-05-16T04:45:00,host-54,teams.exe,41,621,42.6,54,6,19,0,0,3,4.3,0,benign
2026-05-16T04:50:00,host-22,svchost.exe,24,781,8.9,50,6,79,4,0,0,3.3,0,benign
2026-05-16T04:55:00,host-39,powershell.exe,96,0,240.2,143,8,62,9,1,55,7.2,0,suspicious
2026-05-16T05:00:00,host-42,chrome.exe,50,279,3.2,9,1,40,1,0,3,5.0,0,benign
2026-05-16T05:05:00,host-52,rclone.exe,33,745,22.4,11,0,181,6,1,1,5.0,0,suspicious
2026-05-16T05:10:00,host-23,explorer.exe,28,1079,35.4,61,0,52,3,0,1,4.5,0,benign
2026-05-16T05:15:00,host-48,code.exe,16,632,0.0,0,6,80,0,0,3,4.3,0,benign
2026-05-16T05:20:00,host-31,encryptor.exe,88,247,257.1,414,252,53,4,1,66,8.9,0,suspicious
2026-05-16T05:25:00,host-43,outlook.exe,24,907,59.1,48,3,32,3,0,0,3.7,0,benign
2026-05-16T05:30:00,host-27,svchost.exe,14,1386,20.0,0,5,32,2,0,1,4.0,0,benign
2026-05-16T05:35:00,host-47,explorer.exe,57,80,29.0,32,0,10,3,0,2,5.3,0,benign
2026-05-16T05:40:00,host-33,chrome.exe,19,976,27.8,101,3,1,4,0,1,4.2,0,benign
2026-05-16T05:45:00,host-16,powershell.exe,91,1132,81.5,136,80,43,8,0,39,7.5,1,suspicious
2026-05-16T05:50:00,host-03,chrome.exe,15,92,20.6,57,2,30,3,0,0,3.6,0,benign
2026-05-16T05:55:00,host-03,excel.exe,46,0,30.3,61,2,14,1,0,0,4.0,0,benign
2026-05-16T06:00:00,host-03,rclone.exe,10,1222,50.4,34,4,195,1,1,0,4.7,0,suspicious
2026-05-16T06:05:00,host-05,encryptor.exe,94,1420,359.3,347,122,2,3,0,128,8.6,1,suspicious
2026-05-16T06:10:00,host-25,miner.exe,97,1609,16.0,0,0,49,3,1,3,4.6,0,suspicious
2026-05-16T06:15:00,host-34,rclone.exe,45,1228,73.6,72,0,314,1,1,1,2.6,0,suspicious
2026-05-16T06:20:00,host-19,chrome.exe,25,451,41.6,9,4,1,7,0,1,4.1,0,benign
2026-05-16T06:25:00,host-51,powershell.exe,103,534,0.0,38,107,32,7,0,19,7.4,0,suspicious
2026-05-16T06:30:00,host-21,outlook.exe,9,1310,38.7,34,1,70,3,0,0,4.9,0,benign
2026-05-16T06:35:00,host-58,outlook.exe,24,1502,51.5,59,10,30,3,0,3,4.8,0,benign
2026-05-16T06:40:00,host-11,code.exe,21,716,0.0,88,0,34,0,0,0,3.6,0,benign
2026-05-16T06:45:00,host-54,code.exe,39,491,0.0,41,6,67,0,0,3,5.5,0,benign
2026-05-16T06:50:00,host-27,explorer.exe,11,1022,58.7,0,10,16,3,0,2,4.1,0,benign
2026-05-16T06:55:00,host-27,teams.exe,41,203,0.0,0,3,0,1,0,4,3.7,0,suspicious
2026-05-16T07:00:00,host-12,encryptor.exe,90,1716,439.0,351,145,34,0,0,128,8.9,1,suspicious
2026-05-16T07:05:00,host-08,rclone.exe,31,740,0.0,40,16,208,4,1,0,3.8,0,suspicious
2026-05-16T07:10:00,host-52,excel.exe,28,1634,68.9,67,2,48,5,0,4,4.0,0,benign
2026-05-16T07:15:00,host-56,miner.exe,96,1710,18.3,28,1,81,4,1,2,5.3,0,suspicious
2026-05-16T07:20:00,host-59,python.exe,9,769,11.7,58,0,60,0,0,1,3.8,0,benign
2026-05-16T07:25:00,host-38,powershell.exe,78,514,96.9,120,111,84,9,1,31,7.2,1,suspicious
2026-05-16T07:30:00,host-52,chrome.exe,31,887,0.0,0,7,11,0,0,2,4.2,0,benign
2026-05-16T07:35:00,host-29,explorer.exe,0,586,19.3,23,6,57,3,0,2,4.3,0,benign
2026-05-16T07:40:00,host-42,explorer.exe,29,175,21.8,9,0,14,0,0,1,4.8,0,benign
2026-05-16T07:45:00,host-08,python.exe,59,88,52.1,98,7,22,5,0,0,4.1,0,benign
2026-05-16T07:50:00,host-30,teams.exe,24,178,20.8,0,0,27,4,0,2,4.2,0,benign
2026-05-16T07:55:00,host-56,explorer.exe,47,479,2.6,21,0,18,5,0,4,4.0,0,benign
2026-05-16T08:00:00,host-45,explorer.exe,9,556,53.5,57,8,0,3,0,0,4.4,0,suspicious
2026-05-16T08:05:00,host-41,encryptor.exe,102,724,495.2,526,158,0,0,1,145,8.4,1,suspicious
2026-05-16T08:10:00,host-42,powershell.exe,58,962,132.6,267,95,65,7,1,18,5.6,1,suspicious
2026-05-16T08:15:00,host-49,powershell.exe,74,349,164.1,105,106,19,10,0,40,7.5,0,suspicious
2026-05-16T08:20:00,host-38,powershell.exe,88,689,78.0,35,121,10,11,1,53,6.3,1,suspicious
2026-05-16T08:25:00,host-13,code.exe,60,504,0.0,32,9,0,4,0,2,3.9,0,benign
2026-05-16T08:30:00,host-20,outlook.exe,27,989,31.0,40,0,21,3,0,2,4.3,0,benign
2026-05-16T08:35:00,host-35,encryptor.exe,100,1932,565.7,306,207,41,6,0,113,8.6,1,suspicious
2026-05-16T08:40:00,host-28,python.exe,4,74,9.4,31,4,44,2,0,0,4.8,0,benign
2026-05-16T08:45:00,host-25,svchost.exe,15,619,12.8,63,5,69,4,0,2,4.6,0,benign
2026-05-16T08:50:00,host-27,python.exe,52,275,31.0,9,9,62,3,0,1,5.6,0,benign
2026-05-16T08:55:00,host-59,explorer.exe,20,71,29.7,0,0,21,0,0,0,3.8,0,benign
2026-05-16T09:00:00,host-53,powershell.exe,99,855,222.1,198,29,53,12,1,19,7.3,0,suspicious
2026-05-16T09:05:00,host-56,explorer.exe,29,1416,0.0,6,6,10,1,0,2,5.2,0,benign
2026-05-16T09:10:00,host-58,chrome.exe,9,422,12.1,55,12,0,1,0,0,4.4,1,benign
2026-05-16T09:15:00,host-31,chrome.exe,25,1535,31.6,46,0,32,3,0,1,4.4,0,benign
2026-05-16T09:20:00,host-10,excel.exe,27,1639,32.7,32,0,66,4,0,5,3.5,0,benign
2026-05-16T09:25:00,host-06,rclone.exe,47,371,55.5,57,10,199,5,1,6,5.6,0,suspicious
2026-05-16T09:30:00,host-33,explorer.exe,30,1729,0.0,83,1,57,2,0,0,4.9,0,benign
2026-05-16T09:35:00,host-11,excel.exe,57,0,90.0,47,6,19,2,0,0,3.8,0,benign
2026-05-16T09:40:00,host-49,powershell.exe,72,412,297.8,53,25,34,5,1,38,7.0,0,suspicious
2026-05-16T09:45:00,host-48,chrome.exe,16,1640,17.0,78,9,62,3,0,1,4.2,0,benign
2026-05-16T09:50:00,host-50,rclone.exe,43,1033,0.0,3,0,171,1,1,3,4.6,0,suspicious
2026-05-16T09:55:00,host-42,explorer.exe,13,813,15.6,86,3,76,1,0,3,5.0,0,benign
2026-05-16T10:00:00,host-30,outlook.exe,21,1446,42.4,37,11,20,1,0,0,4.7,0,benign
2026-05-16T10:05:00,host-06,explorer.exe,0,1088,22.5,1,2,24,6,0,2,3.6,0,benign
2026-05-16T10:10:00,host-53,svchost.exe,31,653,42.1,29,3,39,2,0,2,4.6,0,benign
2026-05-16T10:15:00,host-30,rclone.exe,12,1417,0.0,98,0,263,0,1,6,5.7,0,suspicious
2026-05-16T10:20:00,host-02,rclone.exe,38,775,74.2,0,7,151,4,1,0,4.6,0,suspicious
2026-05-16T10:25:00,host-05,powershell.exe,91,639,144.5,86,108,49,6,1,57,6.1,1,suspicious
2026-05-16T10:30:00,host-51,encryptor.exe,86,1628,362.4,344,301,19,3,1,112,8.2,1,suspicious
2026-05-16T10:35:00,host-36,outlook.exe,38,893,6.6,26,0,51,0,0,2,5.3,0,benign
2026-05-16T10:40:00,host-55,powershell.exe,47,340,110.0,70,6,66,9,0,21,6.9,0,suspicious
2026-05-16T10:45:00,host-37,outlook.exe,27,1471,50.8,86,4,31,1,0,0,4.2,0,benign
2026-05-16T10:50:00,host-02,svchost.exe,40,661,37.1,68,9,18,4,0,4,4.3,0,benign
2026-05-16T10:55:00,host-30,teams.exe,17,1257,20.9,77,4,7,2,0,2,4.2,0,benign
2026-05-16T11:00:00,host-57,powershell.exe,89,929,0.0,148,64,25,7,1,0,7.9,0,suspicious
2026-05-16T11:05:00,host-17,encryptor.exe,97,1088,472.1,426,99,22,2,1,41,8.1,1,suspicious
2026-05-16T11:10:00,host-29,powershell.exe,89,620,188.2,110,52,97,0,1,10,7.1,0,suspicious
2026-05-16T11:15:00,host-54,excel.exe,41,1506,61.0,0,0,0,5,0,1,4.4,0,benign
2026-05-16T11:20:00,host-29,excel.exe,3,1187,9.4,48,2,52,2,0,2,4.5,0,benign
2026-05-16T11:25:00,host-31,excel.exe,0,840,13.1,91,2,45,0,1,0,5.8,0,benign
2026-05-16T11:30:00,host-05,miner.exe,92,1290,21.1,22,0,43,4,0,3,3.9,0,suspicious
2026-05-16T11:35:00,host-52,svchost.exe,0,1325,8.9,27,0,71,1,0,0,3.7,0,benign
2026-05-16T11:40:00,host-19,miner.exe,96,1671,0.0,9,1,62,5,1,0,6.5,1,benign
2026-05-16T11:45:00,host-37,outlook.exe,26,1360,30.1,78,8,35,3,0,0,5.8,0,benign
2026-05-16T11:50:00,host-02,teams.exe,43,2035,5.8,52,4,55,6,0,1,4.6,0,benign
2026-05-16T11:55:00,host-42,explorer.exe,46,1526,14.8,49,9,0,1,0,2,3.6,0,benign
2026-05-16T12:00:00,host-06,excel.exe,18,79,22.0,35,3,21,0,0,0,4.8,0,benign
2026-05-16T12:05:00,host-31,encryptor.exe,87,1495,405.4,243,23,12,2,1,73,8.7,1,suspicious
2026-05-16T12:10:00,host-55,svchost.exe,0,687,0.0,85,5,55,1,0,0,4.5,0,benign
2026-05-16T12:15:00,host-55,outlook.exe,24,1913,50.8,49,4,37,3,0,0,4.9,0,benign
2026-05-16T12:20:00,host-37,teams.exe,31,2500,25.2,2,2,69,0,0,3,4.1,0,benign
2026-05-16T12:25:00,host-55,teams.exe,0,1191,26.5,16,0,23,4,0,0,3.6,0,benign
2026-05-16T12:30:00,host-44,miner.exe,97,1845,25.4,8,9,59,2,1,2,5.7,0,suspicious
2026-05-16T12:35:00,host-53,outlook.exe,21,725,38.3,53,0,64,3,1,0,4.5,0,benign
2026-05-16T12:40:00,host-30,svchost.exe,0,998,37.4,60,7,22,0,0,3,4.7,0,benign
2026-05-16T12:45:00,host-44,excel.exe,9,963,36.6,99,2,8,0,0,5,4.8,0,benign
2026-05-16T12:50:00,host-13,miner.exe,99,1298,10.6,7,1,61,0,1,2,4.5,0,suspicious
2026-05-16T12:55:00,host-30,encryptor.exe,99,699,555.6,291,205,10,5,1,73,8.2,1,suspicious
2026-05-16T13:00:00,host-08,svchost.exe,12,515,8.5,56,6,50,2,0,1,3.3,0,suspicious
2026-05-16T13:05:00,host-16,powershell.exe,69,741,49.3,70,132,0,7,1,20,6.6,0,suspicious
2026-05-16T13:10:00,host-26,excel.exe,43,210,13.9,56,7,74,4,1,6,4.4,0,benign
2026-05-16T13:15:00,host-01,encryptor.exe,76,988,349.6,414,247,6,7,1,92,7.8,0,suspicious
2026-05-16T13:20:00,host-53,teams.exe,29,178,17.6,89,8,27,5,0,0,5.4,0,benign
2026-05-16T13:25:00,host-01,powershell.exe,66,783,155.8,121,24,48,6,0,60,8.8,0,suspicious
2026-05-16T13:30:00,host-56,chrome.exe,32,690,53.0,0,2,50,0,0,2,5.2,0,benign
2026-05-16T13:35:00,host-32,chrome.exe,0,414,50.8,29,3,6,3,0,0,5.3,0,benign
2026-05-16T13:40:00,host-04,chrome.exe,58,1160,33.5,25,7,6,2,0,0,4.4,0,suspicious
2026-05-16T13:45:00,host-57,python.exe,20,1011,7.8,111,2,44,1,0,2,4.6,0,benign
2026-05-16T13:50:00,host-14,explorer.exe,37,428,45.2,16,0,12,1,0,1,3.6,0,benign
2026-05-16T13:55:00,host-06,teams.exe,25,1036,63.8,34,0,44,0,0,0,3.9,0,benign
2026-05-16T14:00:00,host-04,encryptor.exe,93,1097,147.8,344,43,0,3,1,71,9.0,0,suspicious
2026-05-16T14:05:00,host-50,teams.exe,34,512,6.2,0,3,4,1,0,0,3.5,0,benign
2026-05-16T14:10:00,host-50,outlook.exe,12,175,6.6,33,1,33,3,0,0,3.4,0,benign
2026-05-16T14:15:00,host-42,rclone.exe,51,1174,146.5,60,11,95,3,1,3,6.6,1,suspicious
2026-05-16T14:20:00,host-47,rclone.exe,55,957,42.8,61,0,207,0,1,0,1.7,0,suspicious
2026-05-16T14:25:00,host-15,miner.exe,97,2207,19.6,27,3,86,3,1,2,2.9,0,suspicious
2026-05-16T14:30:00,host-30,python.exe,47,553,33.3,0,14,0,2,0,1,4.0,0,benign
2026-05-16T14:35:00,host-38,encryptor.exe,88,1095,404.6,344,223,30,4,1,97,9.0,0,suspicious
2026-05-16T14:40:00,host-04,rclone.exe,74,1054,65.0,67,1,153,0,1,3,4.1,0,suspicious
2026-05-16T14:45:00,host-59,chrome.exe,0,1098,0.0,62,8,58,5,0,4,5.1,0,benign
2026-05-16T14:50:00,host-28,excel.exe,26,1514,6.2,74,0,20,2,0,3,3.6,0,benign
2026-05-16T14:55:00,host-07,svchost.exe,17,264,65.7,66,3,0,0,0,2,3.1,0,benign
2026-05-16T15:00:00,host-35,teams.exe,17,1395,28.8,86,3,33,1,0,4,4.0,0,benign
2026-05-16T15:05:00,host-55,code.exe,32,845,0.0,51,4,8,0,0,2,4.5,0,benign
2026-05-16T15:10:00,host-32,rclone.exe,46,1269,0.0,96,15,164,2,1,1,2.6,0,suspicious
2026-05-16T15:15:00,host-12,code.exe,20,1388,18.5,0,9,25,4,0,1,4.6,1,benign
2026-05-16T15:20:00,host-56,code.exe,29,1483,43.2,61,1,42,5,0,5,3.4,0,benign
2026-05-16T15:25:00,host-07,explorer.exe,49,1694,42.1,8,0,67,0,0,2,4.3,0,benign
2026-05-16T15:30:00,host-30,powershell.exe,76,1128,251.3,131,46,79,0,1,50,6.1,0,benign
2026-05-16T15:35:00,host-35,miner.exe,94,1848,0.0,26,2,44,3,1,3,5.0,0,suspicious
2026-05-16T15:40:00,host-11,chrome.exe,29,813,47.8,43,5,0,4,0,0,5.3,0,benign
2026-05-16T15:45:00,host-16,miner.exe,97,1388,26.7,43,2,122,2,1,0,3.4,0,suspicious
2026-05-16T15:50:00,host-59,miner.exe,100,1518,15.2,8,6,14,3,0,3,4.6,0,suspicious
2026-05-16T15:55:00,host-30,outlook.exe,60,1036,20.5,35,6,15,2,1,2,4.5,0,benign
2026-05-16T16:00:00,host-23,svchost.exe,53,1111,85.1,42,8,12,5,0,2,4.1,0,suspicious
2026-05-16T16:05:00,host-59,svchost.exe,53,1134,0.0,78,0,49,3,0,5,3.8,0,benign
2026-05-16T16:10:00,host-17,rclone.exe,30,699,76.2,0,8,81,7,1,8,5.7,1,suspicious
2026-05-16T16:15:00,host-40,miner.exe,101,1129,45.3,45,1,114,0,1,0,5.9,0,suspicious
2026-05-16T16:20:00,host-01,encryptor.exe,101,1582,371.0,422,173,33,6,1,62,8.6,1,suspicious
2026-05-16T16:25:00,host-44,explorer.exe,27,1087,27.2,96,5,22,3,0,3,4.7,0,benign
2026-05-16T16:30:00,host-28,chrome.exe,25,1247,68.2,89,8,8,0,0,2,5.0,0,benign
2026-05-16T16:35:00,host-46,excel.exe,10,818,0.0,101,0,25,0,0,1,4.1,0,benign
2026-05-16T16:40:00,host-33,chrome.exe,60,986,33.3,24,0,29,7,0,2,3.8,0,benign
2026-05-16T16:45:00,host-34,code.exe,55,726,0.0,1,5,36,2,0,3,4.0,0,benign
2026-05-16T16:50:00,host-17,excel.exe,17,1837,47.8,76,0,0,4,0,1,4.1,0,benign
2026-05-16T16:55:00,host-54,python.exe,11,1521,4.0,102,2,20,2,0,2,4.1,0,benign
2026-05-16T17:00:00,host-42,python.exe,28,672,19.8,25,10,55,2,0,4,4.4,0,benign
2026-05-16T17:05:00,host-35,teams.exe,21,242,27.9,13,0,12,1,0,1,4.2,0,benign
2026-05-16T17:10:00,host-28,explorer.exe,38,869,26.8,41,4,15,1,0,0,5.2,0,benign
2026-05-16T17:15:00,host-44,chrome.exe,37,1441,0.0,72,1,87,2,0,1,5.6,0,benign
2026-05-16T17:20:00,host-51,rclone.exe,50,567,0.0,93,2,262,4,0,4,2.5,0,suspicious
2026-05-16T17:25:00,host-24,python.exe,36,764,0.0,25,0,15,0,0,1,4.6,0,benign
2026-05-16T17:30:00,host-03,code.exe,10,869,0.0,65,0,39,4,0,3,3.1,0,benign
2026-05-16T17:35:00,host-03,encryptor.exe,105,1882,387.0,270,122,15,2,1,57,8.6,0,suspicious
2026-05-16T17:40:00,host-28,chrome.exe,43,1073,19.0,36,2,46,2,0,0,4.5,0,benign
2026-05-16T17:45:00,host-17,python.exe,44,0,53.5,33,4,58,5,0,1,3.5,0,benign
2026-05-16T17:50:00,host-58,code.exe,20,621,5.4,78,4,24,7,0,2,3.7,0,benign
2026-05-16T17:55:00,host-21,rclone.exe,38,702,6.0,75,7,210,3,1,6,6.0,0,suspicious
2026-05-16T18:00:00,host-25,explorer.exe,49,692,15.0,82,7,23,0,0,0,5.3,0,benign
2026-05-16T18:05:00,host-47,rclone.exe,29,604,51.7,95,0,340,0,1,7,6.3,1,suspicious
2026-05-16T18:10:00,host-07,outlook.exe,2,0,0.0,104,12,23,0,0,2,4.7,0,benign
2026-05-16T18:15:00,host-58,encryptor.exe,88,913,448.9,359,186,34,3,0,107,8.5,1,suspicious
2026-05-16T18:20:00,host-28,code.exe,25,535,10.1,85,2,0,1,0,1,4.6,0,benign
2026-05-16T18:25:00,host-56,chrome.exe,14,757,37.3,54,7,20,5,0,1,4.7,0,benign
2026-05-16T18:30:00,host-24,teams.exe,26,832,0.0,0,10,25,1,0,4,4.8,0,benign
2026-05-16T18:35:00,host-13,python.exe,20,508,0.0,67,2,45,3,0,0,3.8,0,benign
2026-05-16T18:40:00,host-41,powershell.exe,59,812,28.7,121,134,63,1,1,71,9.3,1,suspicious
2026-05-16T18:45:00,host-53,encryptor.exe,89,1617,284.4,345,31,6,3,1,46,8.2,1,suspicious
2026-05-16T18:50:00,host-12,encryptor.exe,96,1063,482.3,181,296,47,2,1,91,8.6,1,suspicious
2026-05-16T18:55:00,host-47,code.exe,22,1627,0.0,0,4,65,3,0,0,4.4,0,suspicious
2026-05-16T19:00:00,host-47,excel.exe,58,1195,50.3,72,2,25,1,0,0,5.3,0,benign
2026-05-16T19:05:00,host-30,rclone.exe,88,646,44.8,23,5,173,0,0,4,6.0,0,suspicious
2026-05-16T19:10:00,host-09,python.exe,8,122,2.4,72,1,21,1,0,0,4.5,1,benign
2026-05-16T19:15:00,host-57,encryptor.exe,90,1517,357.4,509,183,0,4,1,86,8.3,1,suspicious
2026-05-16T19:20:00,host-04,excel.exe,42,98,0.0,64,2,43,2,0,0,3.6,0,benign
2026-05-16T19:25:00,host-22,explorer.exe,19,1070,15.5,57,3,27,7,0,4,5.2,0,benign
2026-05-16T19:30:00,host-33,miner.exe,97,1075,26.3,40,6,49,0,1,5,4.6,0,suspicious
2026-05-16T19:35:00,host-57,miner.exe,99,1458,21.1,30,3,77,0,1,1,4.6,0,suspicious
2026-05-16T19:40:00,host-40,excel.exe,50,243,0.0,30,3,24,1,1,2,3.5,0,suspicious
2026-05-16T19:45:00,host-39,svchost.exe,35,950,41.4,33,11,0,4,0,0,5.5,0,benign
2026-05-16T19:50:00,host-30,powershell.exe,85,1155,244.6,139,161,68,7,1,60,6.1,1,suspicious
2026-05-16T19:55:00,host-54,outlook.exe,1,1481,9.9,111,5,62,3,0,2,4.4,0,benign
2026-05-16T20:00:00,host-53,miner.exe,99,1498,22.6,21,0,54,4,0,3,4.7,0,suspicious
2026-05-16T20:05:00,host-56,teams.exe,43,1002,0.0,27,0,46,4,0,2,4.9,0,suspicious
2026-05-16T20:10:00,host-50,miner.exe,102,1937,24.9,16,0,66,4,0,0,4.7,0,suspicious
2026-05-16T20:15:00,host-24,python.exe,40,1180,25.8,117,6,14,3,0,4,4.5,0,benign
2026-05-16T20:20:00,host-29,powershell.exe,77,393,122.3,151,70,0,7,0,39,6.9,0,suspicious
2026-05-16T20:25:00,host-35,chrome.exe,30,1612,48.3,92,10,69,0,0,3,5.1,0,benign
2026-05-16T20:30:00,host-17,outlook.exe,0,515,0.0,45,14,29,2,0,1,4.5,0,benign
2026-05-16T20:35:00,host-12,chrome.exe,42,1549,28.4,52,7,15,1,0,0,4.5,0,benign
2026-05-16T20:40:00,host-18,python.exe,7,1928,0.0,0,4,37,3,0,0,4.0,0,benign
2026-05-16T20:45:00,host-44,python.exe,45,1302,24.7,20,4,71,0,0,0,4.1,0,benign
2026-05-16T20:50:00,host-09,miner.exe,98,1750,0.0,41,0,47,3,1,2,4.7,0,suspicious
2026-05-16T20:55:00,host-23,explorer.exe,37,547,74.4,2,4,23,1,1,0,5.0,0,benign
2026-05-16T21:00:00,host-32,python.exe,35,821,0.0,2,6,45,2,0,1,4.1,0,benign
2026-05-16T21:05:00,host-19,miner.exe,100,1709,16.0,55,0,40,2,0,0,5.0,0,suspicious
2026-05-16T21:10:00,host-12,svchost.exe,17,231,30.4,102,4,0,3,0,0,4.5,0,benign
2026-05-16T21:15:00,host-49,code.exe,13,822,7.1,16,6,42,2,0,0,3.6,0,benign
2026-05-16T21:20:00,host-16,teams.exe,45,1300,33.1,45,10,3,0,0,1,3.9,0,benign
2026-05-16T21:25:00,host-17,excel.exe,31,1003,57.9,30,1,66,4,0,0,3.8,0,benign
2026-05-16T21:30:00,host-09,powershell.exe,54,352,159.6,157,0,0,7,1,73,6.4,1,suspicious
2026-05-16T21:35:00,host-28,powershell.exe,101,1077,137.7,61,70,81,6,0,28,6.5,1,suspicious
2026-05-16T21:40:00,host-11,teams.exe,1,1265,44.2,58,0,3,2,0,0,5.1,0,benign
2026-05-16T21:45:00,host-48,encryptor.exe,93,1334,494.5,166,155,56,0,1,122,8.9,1,suspicious
2026-05-16T21:50:00,host-24,explorer.exe,3,330,29.7,23,4,41,6,0,2,4.6,0,benign
2026-05-16T21:55:00,host-22,excel.exe,26,1100,0.0,0,0,74,0,1,0,4.2,0,benign
2026-05-16T22:00:00,host-19,outlook.exe,48,583,46.7,72,7,26,1,0,0,3.7,0,benign
2026-05-16T22:05:00,host-03,chrome.exe,6,355,14.3,13,0,72,0,0,2,4.9,0,benign
2026-05-16T22:10:00,host-19,excel.exe,22,474,0.0,17,12,26,6,0,7,5.4,0,benign
2026-05-16T22:15:00,host-27,encryptor.exe,87,1291,386.5,300,189,40,2,1,96,8.1,1,suspicious
2026-05-16T22:20:00,host-14,encryptor.exe,89,1664,378.5,289,189,0,4,1,115,7.9,1,suspicious
2026-05-16T22:25:00,host-06,svchost.exe,11,174,2.9,14,8,55,0,0,2,3.6,0,benign
2026-05-16T22:30:00,host-10,encryptor.exe,76,1252,417.3,490,140,14,3,1,88,8.6,1,suspicious
2026-05-16T22:35:00,host-51,outlook.exe,56,201,13.0,0,4,56,2,0,4,4.5,0,benign
2026-05-16T22:40:00,host-31,svchost.exe,6,485,56.9,27,12,0,0,0,0,4.5,0,suspicious
2026-05-16T22:45:00,host-36,miner.exe,99,2146,12.0,12,0,104,3,1,0,4.0,0,suspicious
2026-05-16T22:50:00,host-20,python.exe,50,1286,21.9,80,0,28,2,0,0,4.1,0,benign
2026-05-16T22:55:00,host-24,chrome.exe,24,1237,15.0,45,7,29,3,0,2,5.0,0,benign
2026-05-16T23:00:00,host-55,chrome.exe,33,1207,57.4,0,11,76,3,0,1,4.3,0,benign
2026-05-16T23:05:00,host-19,encryptor.exe,95,1559,430.8,177,230,62,3,1,57,8.4,1,suspicious
2026-05-16T23:10:00,host-15,explorer.exe,46,1725,19.2,45,7,9,2,0,0,4.8,0,benign
2026-05-16T23:15:00,host-56,encryptor.exe,94,1484,504.1,265,117,60,3,1,62,8.6,1,benign
2026-05-16T23:20:00,host-06,outlook.exe,20,0,0.0,67,5,3,3,0,2,4.2,0,benign
2026-05-16T23:25:00,host-19,teams.exe,29,1291,0.0,0,0,49,1,0,3,3.8,1,benign
2026-05-16T23:30:00,host-03,outlook.exe,39,327,15.2,0,2,67,1,0,0,3.3,0,benign
2026-05-16T23:35:00,host-48,encryptor.exe,92,1210,312.2,327,124,42,2,1,70,8.7,1,suspicious
2026-05-16T23:40:00,host-12,outlook.exe,19,846,11.2,58,7,11,0,0,0,4.0,0,benign
2026-05-16T23:45:00,host-09,teams.exe,61,631,8.0,4,3,37,0,0,2,4.8,0,benign
2026-05-16T23:50:00,host-24,encryptor.exe,91,1204,318.8,238,194,41,2,1,91,8.5,1,suspicious
2026-05-16T23:55:00,host-57,encryptor.exe,90,840,315.3,157,156,3,5,1,90,8.3,1,suspicious
2026-05-17T00:00:00,host-12,svchost.exe,36,1062,51.6,20,0,56,2,0,5,4.6,0,benign
2026-05-17T00:05:00,host-25,excel.exe,25,1238,42.0,59,7,41,3,0,5,3.6,0,benign
2026-05-17T00:10:00,host-09,svchost.exe,23,614,23.4,52,0,29,5,0,0,4.8,0,suspicious
2026-05-17T00:15:00,host-16,excel.exe,16,579,11.3,87,0,0,0,0,0,4.1,0,benign
2026-05-17T00:20:00,host-25,outlook.exe,23,118,11.8,45,0,46,4,0,2,4.2,0,benign
2026-05-17T00:25:00,host-52,code.exe,48,415,5.6,19,2,21,2,0,0,3.7,0,benign
2026-05-17T00:30:00,host-43,chrome.exe,49,875,0.0,71,12,8,2,0,1,3.3,0,benign
2026-05-17T00:35:00,host-57,rclone.exe,69,508,76.7,73,6,201,4,1,0,4.2,0,suspicious
2026-05-17T00:40:00,host-22,miner.exe,100,1638,2.8,0,0,20,1,1,1,5.9,0,suspicious
2026-05-17T00:45:00,host-49,teams.exe,19,363,8.8,40,0,5,3,0,0,3.6,0,benign
2026-05-17T00:50:00,host-01,svchost.exe,35,570,0.0,20,6,52,3,0,4,4.0,0,benign
2026-05-17T00:55:00,host-44,encryptor.exe,74,814,250.1,86,233,66,2,0,130,8.5,1,suspicious
2026-05-17T01:00:00,host-47,encryptor.exe,97,1385,398.5,294,84,43,0,1,108,7.9,1,suspicious
2026-05-17T01:05:00,host-03,teams.exe,24,290,40.0,13,0,43,0,0,0,4.7,0,benign
2026-05-17T01:10:00,host-23,miner.exe,101,1658,26.3,6,0,59,1,0,1,3.7,0,suspicious
2026-05-17T01:15:00,host-25,chrome.exe,44,443,0.0,10,4,24,0,0,1,4.5,0,benign
2026-05-17T01:20:00,host-32,miner.exe,100,1956,25.8,30,0,60,0,0,3,3.9,0,suspicious
2026-05-17T01:25:00,host-57,encryptor.exe,72,1215,132.2,319,216,50,2,1,105,7.9,1,suspicious
2026-05-17T01:30:00,host-08,powershell.exe,80,658,202.4,95,79,21,4,1,17,7.5,1,suspicious
2026-05-17T01:35:00,host-36,powershell.exe,54,521,136.0,156,76,67,4,1,68,5.1,0,suspicious
2026-05-17T01:40:00,host-12,teams.exe,36,1028,0.0,19,3,48,7,0,0,4.2,0,benign
2026-05-17T01:45:00,host-52,outlook.exe,35,662,17.3,91,0,37,4,1,0,5.1,0,benign
2026-05-17T01:50:00,host-36,powershell.exe,72,343,153.2,78,97,56,15,0,19,5.5,0,suspicious
2026-05-17T01:55:00,host-57,chrome.exe,49,224,1.2,35,0,28,3,0,2,5.0,0,benign
2026-05-17T02:00:00,host-21,encryptor.exe,81,1297,362.3,435,145,15,1,1,72,8.1,1,suspicious
2026-05-17T02:05:00,host-49,python.exe,41,817,43.9,27,3,34,5,0,3,3.9,0,benign
2026-05-17T02:10:00,host-34,excel.exe,25,1264,38.6,45,4,32,0,0,0,3.3,0,suspicious
2026-05-17T02:15:00,host-59,code.exe,49,1609,1.1,0,8,65,5,0,0,4.5,0,benign
2026-05-17T02:20:00,host-44,miner.exe,100,1265,0.0,31,0,104,0,1,2,4.5,0,suspicious
2026-05-17T02:25:00,host-44,encryptor.exe,99,887,400.7,145,209,0,7,1,1,8.1,1,suspicious
2026-05-17T02:30:00,host-04,outlook.exe,10,321,40.5,82,2,30,0,0,1,4.2,0,benign
2026-05-17T02:35:00,host-40,miner.exe,101,1417,40.1,28,8,95,2,1,0,5.0,0,suspicious
2026-05-17T02:40:00,host-22,encryptor.exe,97,810,450.0,360,252,45,3,1,138,8.3,1,suspicious
2026-05-17T02:45:00,host-52,chrome.exe,32,1251,30.2,80,5,11,3,0,0,4.6,0,benign
2026-05-17T02:50:00,host-30,miner.exe,101,2052,17.8,21,0,112,4,1,0,4.6,0,suspicious
2026-05-17T02:55:00,host-46,powershell.exe,87,468,94.1,134,124,64,12,1,65,5.2,1,suspicious
2026-05-17T03:00:00,host-38,teams.exe,24,795,4.7,38,6,40,6,0,0,5.3,0,benign
2026-05-17T03:05:00,host-18,miner.exe,98,1667,0.0,5,0,79,4,1,3,5.3,1,suspicious
2026-05-17T03:10:00,host-37,powershell.exe,101,665,59.5,130,18,55,4,1,43,8.4,0,suspicious
2026-05-17T03:15:00,host-07,encryptor.exe,94,1668,165.2,310,151,0,0,1,87,8.8,1,suspicious
2026-05-17T03:20:00,host-30,outlook.exe,22,1248,45.8,35,0,38,3,0,0,3.9,0,benign
2026-05-17T03:25:00,host-27,explorer.exe,0,1928,4.7,70,2,37,1,0,0,4.0,0,benign
2026-05-17T03:30:00,host-02,chrome.exe,59,624,71.5,54,4,34,6,0,1,4.1,0,benign
2026-05-17T03:35:00,host-11,code.exe,25,243,29.5,65,0,77,5,0,3,4.3,0,benign
2026-05-17T03:40:00,host-09,powershell.exe,77,872,207.0,115,47,88,4,1,8,6.0,1,suspicious
2026-05-17T03:45:00,host-47,explorer.exe,25,304,75.5,88,5,9,2,0,1,4.5,0,benign
2026-05-17T03:50:00,host-54,encryptor.exe,92,1383,322.0,113,175,19,4,1,108,8.8,1,suspicious
2026-05-17T03:55:00,host-30,encryptor.exe,75,1138,281.9,328,133,37,5,0,134,7.7,1,suspicious
2026-05-17T04:00:00,host-12,code.exe,26,872,0.0,13,2,12,1,0,0,4.5,0,benign
2026-05-17T04:05:00,host-53,excel.exe,33,256,17.3,34,2,43,3,0,2,4.4,0,benign
2026-05-17T04:10:00,host-51,explorer.exe,30,1224,49.3,58,5,54,1,0,0,5.0,0,benign
2026-05-17T04:15:00,host-42,encryptor.exe,98,888,368.1,307,206,4,4,1,65,7.8,0,suspicious
2026-05-17T04:20:00,host-04,rclone.exe,39,1013,63.3,47,13,326,2,1,3,5.3,0,suspicious
2026-05-17T04:25:00,host-30,chrome.exe,12,779,14.5,13,4,29,1,0,1,4.9,0,benign
2026-05-17T04:30:00,host-13,teams.exe,9,605,17.5,37,2,4,4,0,0,3.4,0,benign
2026-05-17T04:35:00,host-43,rclone.exe,61,1373,16.9,113,4,202,1,1,5,6.7,0,suspicious
2026-05-17T04:40:00,host-48,code.exe,35,401,0.0,0,0,64,3,0,1,4.1,0,benign
2026-05-17T04:45:00,host-48,outlook.exe,10,1694,12.6,5,7,31,3,0,3,5.6,0,benign
2026-05-17T04:50:00,host-14,encryptor.exe,100,1313,249.5,182,225,0,0,1,89,8.6,0,suspicious
2026-05-17T04:55:00,host-36,teams.exe,29,1200,49.5,24,0,0,0,0,1,3.6,0,benign
2026-05-17T05:00:00,host-57,rclone.exe,20,645,80.3,25,0,156,6,0,0,5.5,0,suspicious
2026-05-17T05:05:00,host-43,teams.exe,46,1676,9.7,17,8,60,0,1,1,3.8,0,benign
2026-05-17T05:10:00,host-37,powershell.exe,56,83,213.5,68,155,99,6,0,54,6.2,1,suspicious
2026-05-17T05:15:00,host-01,encryptor.exe,93,1108,257.1,249,222,18,2,1,88,8.0,1,suspicious
2026-05-17T05:20:00,host-27,excel.exe,19,680,34.6,0,9,55,3,0,0,3.5,0,benign
2026-05-17T05:25:00,host-42,teams.exe,52,769,65.1,49,6,18,5,0,4,4.4,0,benign
2026-05-17T05:30:00,host-58,svchost.exe,27,0,40.3,0,3,27,0,0,5,4.1,0,benign
2026-05-17T05:35:00,host-15,chrome.exe,29,1140,55.8,82,0,9,2,0,0,3.9,0,benign
2026-05-17T05:40:00,host-57,explorer.exe,31,666,54.3,42,0,2,2,0,0,4.7,0,benign
2026-05-17T05:45:00,host-28,chrome.exe,38,1285,10.1,0,6,32,0,0,0,3.4,0,benign
2026-05-17T05:50:00,host-13,teams.exe,30,1198,22.5,1,0,15,5,0,0,4.3,0,benign
2026-05-17T05:55:00,host-06,rclone.exe,45,876,71.2,9,6,254,7,1,0,5.1,0,suspicious
2026-05-17T06:00:00,host-42,excel.exe,37,220,5.7,0,2,0,5,0,1,3.4,0,benign
2026-05-17T06:05:00,host-43,excel.exe,16,464,18.2,0,14,33,4,1,0,5.2,0,benign
2026-05-17T06:10:00,host-27,rclone.exe,46,525,52.5,12,10,220,3,0,8,3.7,0,suspicious
2026-05-17T06:15:00,host-29,encryptor.exe,95,1212,405.0,358,306,30,2,1,6,8.4,1,suspicious
2026-05-17T06:20:00,host-22,powershell.exe,88,1031,254.0,151,57,0,12,0,38,6.2,1,suspicious
2026-05-17T06:25:00,host-09,encryptor.exe,94,741,410.6,213,139,43,1,1,88,7.7,1,suspicious
2026-05-17T06:30:00,host-01,miner.exe,100,2100,18.0,32,3,50,0,1,4,5.0,0,suspicious
2026-05-17T06:35:00,host-25,teams.exe,43,427,64.5,80,2,41,7,0,1,6.0,0,benign
2026-05-17T06:40:00,host-48,encryptor.exe,88,1215,389.6,130,220,8,4,1,73,8.0,0,suspicious
2026-05-17T06:45:00,host-12,svchost.exe,28,1634,22.1,18,0,27,4,0,1,5.0,0,benign
2026-05-17T06:50:00,host-52,rclone.exe,35,356,160.5,68,4,301,0,1,8,4.9,0,suspicious
2026-05-17T06:55:00,host-35,svchost.exe,25,656,17.1,5,3,30,5,0,6,3.0,0,benign
2026-05-17T07:00:00,host-17,code.exe,0,777,0.0,0,13,21,2,0,0,3.8,0,benign
2026-05-17T07:05:00,host-12,outlook.exe,3,1394,31.9,18,4,44,2,0,0,5.5,0,benign
2026-05-17T07:10:00,host-37,explorer.exe,12,1485,17.3,0,0,33,0,0,3,5.4,0,benign
2026-05-17T07:15:00,host-40,chrome.exe,18,1783,0.0,33,0,39,5,0,0,5.2,0,benign
2026-05-17T07:20:00,host-24,encryptor.exe,97,1173,414.6,14,164,40,3,1,122,8.0,1,suspicious
2026-05-17T07:25:00,host-37,code.exe,10,1293,7.4,20,7,9,0,0,1,3.4,0,benign
2026-05-17T07:30:00,host-59,rclone.exe,0,1116,17.0,0,9,236,1,1,8,6.3,0,suspicious
2026-05-17T07:35:00,host-27,encryptor.exe,94,697,290.8,129,194,27,2,1,54,8.1,1,suspicious
2026-05-17T07:40:00,host-01,excel.exe,11,801,23.6,60,5,37,0,0,2,4.7,0,benign
2026-05-17T07:45:00,host-31,miner.exe,96,1390,0.0,14,3,5,1,1,5,4.7,0,suspicious
2026-05-17T07:50:00,host-12,powershell.exe,55,1093,239.7,115,65,0,3,1,59,7.5,0,suspicious
2026-05-17T07:55:00,host-05,outlook.exe,64,352,0.0,25,0,21,4,0,1,4.3,0,benign
2026-05-17T08:00:00,host-02,python.exe,21,1602,18.1,0,0,73,5,0,0,4.5,0,benign
2026-05-17T08:05:00,host-22,excel.exe,13,327,54.1,71,2,39,3,0,3,4.8,1,suspicious
2026-05-17T08:10:00,host-39,svchost.exe,1,485,31.3,69,0,7,3,0,0,4.1,0,benign
2026-05-17T08:15:00,host-37,encryptor.exe,91,1051,242.3,254,222,40,4,1,123,8.4,1,suspicious
2026-05-17T08:20:00,host-01,chrome.exe,39,393,12.0,0,6,61,4,0,3,4.7,0,benign
2026-05-17T08:25:00,host-38,encryptor.exe,91,1066,219.0,152,194,43,3,1,64,8.0,1,suspicious
2026-05-17T08:30:00,host-41,code.exe,44,928,61.6,85,0,38,0,0,1,5.1,0,benign
2026-05-17T08:35:00,host-57,chrome.exe,7,1473,70.9,33,3,36,0,0,5,4.2,0,benign
2026-05-17T08:40:00,host-01,rclone.exe,5,889,183.1,131,8,272,7,0,5,6.8,0,suspicious
2026-05-17T08:45:00,host-01,python.exe,25,1016,27.9,79,5,26,0,0,2,3.9,0,benign
2026-05-17T08:50:00,host-40,encryptor.exe,83,1654,371.7,276,222,38,0,1,73,9.1,1,suspicious
2026-05-17T08:55:00,host-48,encryptor.exe,74,1463,186.8,265,246,14,1,1,78,8.2,0,suspicious
2026-05-17T09:00:00,host-09,powershell.exe,60,1233,122.7,181,105,35,6,0,49,5.9,0,suspicious
2026-05-17T09:05:00,host-58,rclone.exe,52,729,52.1,107,4,155,2,0,0,4.5,0,suspicious
2026-05-17T09:10:00,host-09,encryptor.exe,77,1750,476.6,568,241,34,6,1,73,8.4,1,suspicious
2026-05-17T09:15:00,host-37,explorer.exe,38,548,36.8,88,9,39,2,0,1,4.9,0,benign
2026-05-17T09:20:00,host-32,powershell.exe,59,611,196.8,151,158,53,7,1,59,6.8,0,benign
2026-05-17T09:25:00,host-20,python.exe,25,447,7.8,14,0,5,1,0,2,4.4,0,benign
2026-05-17T09:30:00,host-58,powershell.exe,89,840,144.0,118,29,65,8,1,53,6.2,0,suspicious
2026-05-17T09:35:00,host-47,rclone.exe,18,973,81.4,95,3,30,2,1,0,5.0,0,suspicious
2026-05-17T09:40:00,host-38,miner.exe,96,1672,11.8,0,1,83,3,0,0,5.1,0,suspicious
2026-05-17T09:45:00,host-36,code.exe,35,895,54.8,41,3,40,1,0,1,3.7,0,benign
2026-05-17T09:50:00,host-14,miner.exe,98,2121,2.6,70,1,120,6,1,4,4.4,0,suspicious
2026-05-17T09:55:00,host-07,rclone.exe,26,862,126.8,65,3,218,0,1,1,5.8,0,suspicious
2026-05-17T10:00:00,host-17,chrome.exe,52,551,30.5,36,6,15,4,0,3,4.4,0,benign
2026-05-17T10:05:00,host-13,rclone.exe,63,916,56.9,57,2,210,4,1,5,5.5,0,suspicious
2026-05-17T10:10:00,host-36,chrome.exe,8,809,0.0,60,7,5,5,0,0,4.4,0,benign
2026-05-17T10:15:00,host-33,rclone.exe,67,999,90.3,80,2,298,3,0,6,4.4,0,suspicious
2026-05-17T10:20:00,host-15,miner.exe,104,1456,22.8,20,1,64,2,0,2,4.6,1,suspicious
2026-05-17T10:25:00,host-34,powershell.exe,86,1119,179.6,106,95,0,16,0,79,6.0,1,suspicious
2026-05-17T10:30:00,host-27,encryptor.exe,93,1274,303.5,122,197,0,0,1,98,9.2,1,suspicious
2026-05-17T10:35:00,host-51,rclone.exe,95,337,39.3,37,10,111,5,1,4,5.8,0,suspicious
2026-05-17T10:40:00,host-04,powershell.exe,67,411,281.2,63,96,56,13,1,53,6.7,0,suspicious
2026-05-17T10:45:00,host-44,encryptor.exe,89,744,263.8,390,103,23,8,1,107,8.0,1,suspicious
2026-05-17T10:50:00,host-13,python.exe,28,2678,8.2,54,0,58,3,0,1,5.2,0,benign
2026-05-17T10:55:00,host-37,powershell.exe,107,680,162.7,199,21,15,7,1,57,7.5,0,suspicious
2026-05-17T11:00:00,host-18,explorer.exe,43,1798,21.1,31,10,67,1,0,4,3.4,0,benign
2026-05-17T11:05:00,host-13,teams.exe,29,1033,8.0,111,5,58,0,0,2,5.4,0,benign
2026-05-17T11:10:00,host-11,teams.exe,28,654,0.0,0,0,42,3,1,0,4.9,0,benign
2026-05-17T11:15:00,host-43,code.exe,28,1709,48.4,31,6,2,3,1,2,6.1,0,benign
2026-05-17T11:20:00,host-46,teams.exe,11,2082,32.3,20,2,41,2,0,5,3.6,0,benign
2026-05-17T11:25:00,host-50,excel.exe,0,0,25.6,35,0,0,6,0,1,5.6,0,benign
2026-05-17T11:30:00,host-27,svchost.exe,36,1107,51.2,0,7,55,4,0,2,3.8,0,benign
2026-05-17T11:35:00,host-14,explorer.exe,14,655,1.0,0,13,17,3,0,4,4.4,0,suspicious
2026-05-17T11:40:00,host-22,outlook.exe,10,840,16.7,128,1,55,6,0,0,3.5,0,benign
2026-05-17T11:45:00,host-54,rclone.exe,97,1093,5.0,52,13,163,8,1,3,4.6,0,suspicious
2026-05-17T11:50:00,host-50,excel.exe,3,696,0.1,75,8,44,0,0,0,4.2,0,benign
2026-05-17T11:55:00,host-18,encryptor.exe,100,1304,339.0,405,234,15,4,1,25,8.6,0,suspicious
2026-05-17T12:00:00,host-18,excel.exe,17,1501,6.7,2,5,25,4,0,1,5.8,1,benign
2026-05-17T12:05:00,host-01,chrome.exe,33,735,35.4,55,0,55,0,0,1,5.2,0,benign
2026-05-17T12:10:00,host-16,encryptor.exe,99,1038,451.1,460,287,35,3,1,41,8.3,1,suspicious
2026-05-17T12:15:00,host-41,powershell.exe,87,264,125.4,260,110,58,10,1,0,7.2,1,suspicious
2026-05-17T12:20:00,host-43,excel.exe,64,1812,45.8,8,13,45,0,0,3,3.9,0,benign
2026-05-17T12:25:00,host-36,python.exe,7,1334,0.0,50,0,2,0,0,1,4.5,0,benign
2026-05-17T12:30:00,host-07,encryptor.exe,88,1168,293.0,507,103,17,3,1,62,7.7,0,suspicious
2026-05-17T12:35:00,host-34,svchost.exe,24,198,38.5,6,0,14,1,0,0,3.9,0,benign
2026-05-17T12:40:00,host-59,teams.exe,42,557,48.1,45,0,0,6,0,3,5.4,0,benign
2026-05-17T12:45:00,host-08,teams.exe,14,648,22.4,0,5,22,0,0,0,4.8,0,benign
2026-05-17T12:50:00,host-43,excel.exe,24,726,32.2,42,0,30,3,0,2,3.4,0,benign
2026-05-17T12:55:00,host-17,excel.exe,45,1368,15.4,27,0,0,0,0,4,3.4,0,benign
2026-05-17T13:00:00,host-07,rclone.exe,54,1131,37.7,54,3,271,9,1,0,5.6,0,suspicious
2026-05-17T13:05:00,host-58,python.exe,55,1632,42.0,0,3,38,2,0,4,3.8,0,benign
2026-05-17T13:10:00,host-37,powershell.exe,52,846,134.9,62,0,53,7,1,16,6.6,1,suspicious
2026-05-17T13:15:00,host-52,svchost.exe,44,920,21.7,29,0,7,0,0,2,4.3,0,benign
2026-05-17T13:20:00,host-01,outlook.exe,16,2156,45.5,46,10,61,0,0,1,4.7,0,benign
2026-05-17T13:25:00,host-39,outlook.exe,0,686,0.0,4,5,38,1,0,4,4.3,0,benign
2026-05-17T13:30:00,host-04,svchost.exe,57,1470,0.0,12,5,22,3,0,4,4.3,0,benign
2026-05-17T13:35:00,host-07,chrome.exe,45,1090,36.2,0,0,29,5,0,4,5.1,0,benign
2026-05-17T13:40:00,host-36,python.exe,21,970,0.0,50,7,34,3,0,0,5.3,0,benign
2026-05-17T13:45:00,host-53,powershell.exe,93,782,201.5,39,67,79,5,0,37,6.9,1,suspicious
2026-05-17T13:50:00,host-51,miner.exe,94,1256,0.0,40,3,69,3,1,0,4.3,0,suspicious
2026-05-17T13:55:00,host-20,encryptor.exe,98,608,359.2,385,125,21,4,1,105,8.4,1,suspicious
2026-05-17T14:00:00,host-41,chrome.exe,7,1191,51.7,17,0,11,0,0,0,3.8,0,benign
2026-05-17T14:05:00,host-42,code.exe,3,131,33.8,36,2,44,2,0,0,3.3,0,benign
2026-05-17T14:10:00,host-41,outlook.exe,17,813,19.0,54,1,13,4,0,4,4.1,0,benign
2026-05-17T14:15:00,host-41,excel.exe,17,948,58.3,77,8,0,0,0,3,4.0,0,benign
2026-05-17T14:20:00,host-51,svchost.exe,17,640,43.7,31,0,7,1,0,3,4.8,0,benign
2026-05-17T14:25:00,host-46,python.exe,22,790,12.8,24,0,63,2,0,0,4.1,0,benign
2026-05-17T14:30:00,host-29,teams.exe,26,760,5.4,72,0,69,4,0,0,4.6,0,benign
2026-05-17T14:35:00,host-46,outlook.exe,42,978,24.4,62,7,0,1,0,1,4.8,0,benign
2026-05-17T14:40:00,host-19,code.exe,40,1716,12.8,69,7,44,2,0,0,3.6,0,benign
2026-05-17T14:45:00,host-41,excel.exe,21,443,13.3,69,0,35,2,0,0,3.4,0,benign
2026-05-17T14:50:00,host-33,python.exe,15,1480,0.0,14,0,63,6,0,0,4.3,0,suspicious
2026-05-17T14:55:00,host-57,powershell.exe,64,758,50.7,91,1,28,6,1,34,6.9,0,suspicious
2026-05-17T15:00:00,host-32,code.exe,30,783,0.0,32,1,49,3,0,1,4.5,0,benign
2026-05-17T15:05:00,host-47,excel.exe,4,581,0.0,45,6,0,2,0,2,3.6,0,benign
2026-05-17T15:10:00,host-14,python.exe,32,1455,14.9,50,9,27,0,0,4,5.1,0,benign
2026-05-17T15:15:00,host-45,excel.exe,26,1744,0.0,118,1,11,4,0,2,3.8,0,benign
2026-05-17T15:20:00,host-20,excel.exe,10,1426,5.5,32,0,56,1,0,3,4.0,0,benign
2026-05-17T15:25:00,host-24,outlook.exe,17,923,0.0,37,6,33,4,0,0,3.6,0,benign
2026-05-17T15:30:00,host-16,chrome.exe,7,101,0.0,67,1,6,0,0,1,3.9,0,benign
2026-05-17T15:35:00,host-32,encryptor.exe,102,499,346.4,223,213,46,4,1,65,8.6,1,suspicious
2026-05-17T15:40:00,host-06,code.exe,30,1258,35.8,41,3,28,0,0,2,3.9,0,benign
2026-05-17T15:45:00,host-25,python.exe,40,662,30.2,66,0,73,7,0,3,4.7,0,benign
2026-05-17T15:50:00,host-23,encryptor.exe,82,1041,419.1,196,166,23,1,1,54,8.5,0,suspicious
2026-05-17T15:55:00,host-07,svchost.exe,10,1088,14.7,72,5,62,1,0,5,4.3,0,benign
2026-05-17T16:00:00,host-48,chrome.exe,45,653,34.7,50,5,50,3,0,3,5.0,0,benign
2026-05-17T16:05:00,host-48,teams.exe,47,771,23.3,32,1,36,0,0,0,4.7,0,benign
2026-05-17T16:10:00,host-34,chrome.exe,46,679,35.9,15,7,56,4,0,2,5.0,0,benign
2026-05-17T16:15:00,host-53,powershell.exe,56,1018,19.3,0,26,0,9,0,1,6.8,1,suspicious
2026-05-17T16:20:00,host-06,svchost.exe,19,735,49.5,115,1,0,2,0,1,4.7,0,benign
2026-05-17T16:25:00,host-37,rclone.exe,35,1076,91.5,99,16,203,0,0,9,3.6,0,suspicious
2026-05-17T16:30:00,host-50,miner.exe,100,1514,9.4,4,0,81,1,1,1,5.0,0,suspicious
2026-05-17T16:35:00,host-14,teams.exe,26,1268,45.9,68,0,46,3,0,0,4.7,0,benign
2026-05-17T16:40:00,host-45,svchost.exe,29,780,29.8,18,2,0,0,0,1,4.4,0,benign
2026-05-17T16:45:00,host-02,excel.exe,21,524,32.0,47,5,48,2,0,4,3.7,0,benign
2026-05-17T16:50:00,host-53,encryptor.exe,97,1142,246.3,532,83,23,0,1,66,8.7,1,suspicious
2026-05-17T16:55:00,host-26,chrome.exe,29,774,0.0,3,0,69,3,0,2,3.1,0,benign
2026-05-17T17:00:00,host-43,excel.exe,24,1069,19.8,70,5,43,5,0,4,3.9,0,benign
2026-05-17T17:05:00,host-10,encryptor.exe,102,748,352.9,349,186,22,4,1,131,8.4,1,suspicious
2026-05-17T17:10:00,host-08,powershell.exe,98,1147,194.8,0,28,49,5,1,47,6.6,1,suspicious
2026-05-17T17:15:00,host-59,encryptor.exe,88,1485,368.6,460,189,51,0,1,73,8.1,0,suspicious
2026-05-17T17:20:00,host-18,explorer.exe,36,538,0.0,0,1,26,4,0,0,4.4,0,benign
2026-05-17T17:25:00,host-33,rclone.exe,54,995,23.6,57,0,111,3,0,0,3.9,0,suspicious
2026-05-17T17:30:00,host-55,powershell.exe,80,774,120.0,139,16,20,14,1,52,7.8,1,suspicious
2026-05-17T17:35:00,host-52,powershell.exe,73,923,170.3,145,69,4,0,0,23,5.1,1,suspicious
2026-05-17T17:40:00,host-30,code.exe,8,463,12.0,69,0,33,4,0,2,4.9,0,benign
2026-05-17T17:45:00,host-43,outlook.exe,4,23,64.7,8,1,43,4,0,1,3.7,0,benign
2026-05-17T17:50:00,host-49,code.exe,0,1417,4.1,65,6,29,3,0,2,5.6,0,benign
2026-05-17T17:55:00,host-44,teams.exe,18,437,41.8,0,5,46,3,0,3,4.3,0,benign
2026-05-17T18:00:00,host-48,svchost.exe,0,808,0.0,60,7,23,1,0,1,5.2,0,benign
2026-05-17T18:05:00,host-57,teams.exe,29,660,3.1,15,3,42,0,0,1,4.7,0,benign
2026-05-17T18:10:00,host-07,rclone.exe,27,779,85.5,59,0,163,8,1,2,4.0,0,suspicious
2026-05-17T18:15:00,host-28,python.exe,32,715,7.2,112,0,0,0,0,3,4.0,0,suspicious
2026-05-17T18:20:00,host-10,svchost.exe,12,946,32.1,34,4,45,0,0,0,4.0,0,benign
2026-05-17T18:25:00,host-46,python.exe,6,1148,40.1,0,0,39,0,0,3,4.2,0,benign
2026-05-17T18:30:00,host-43,powershell.exe,105,642,52.6,179,65,54,9,1,56,7.8,0,suspicious
2026-05-17T18:35:00,host-07,rclone.exe,38,417,81.0,37,4,237,4,1,7,5.7,1,suspicious
2026-05-17T18:40:00,host-18,encryptor.exe,81,1558,473.2,442,273,66,6,0,110,8.3,1,suspicious
2026-05-17T18:45:00,host-16,svchost.exe,0,757,36.1,4,4,41,4,0,0,4.4,0,benign
2026-05-17T18:50:00,host-08,encryptor.exe,101,267,397.6,358,166,0,3,1,135,8.6,0,suspicious
2026-05-17T18:55:00,host-27,powershell.exe,75,881,112.1,195,110,0,2,0,54,5.7,1,suspicious
2026-05-17T19:00:00,host-12,encryptor.exe,87,1181,351.9,435,290,15,1,1,134,8.2,0,suspicious
2026-05-17T19:05:00,host-49,chrome.exe,25,842,35.2,102,1,0,2,1,1,4.2,0,benign
2026-05-17T19:10:00,host-42,explorer.exe,0,1065,26.1,3,3,26,1,0,2,4.2,0,benign
2026-05-17T19:15:00,host-05,svchost.exe,29,781,27.7,88,5,37,3,0,1,4.0,0,benign
2026-05-17T19:20:00,host-43,teams.exe,44,539,0.0,16,0,38,0,0,3,3.7,0,benign
2026-05-17T19:25:00,host-32,teams.exe,30,0,6.3,78,18,24,0,0,1,3.9,0,benign
2026-05-17T19:30:00,host-04,chrome.exe,9,565,9.7,5,0,46,2,0,3,4.6,0,benign
2026-05-17T19:35:00,host-16,chrome.exe,18,864,15.3,0,10,47,1,1,3,4.3,0,benign
2026-05-17T19:40:00,host-29,code.exe,7,0,51.2,28,7,57,0,0,4,4.3,0,benign
2026-05-17T19:45:00,host-31,encryptor.exe,95,1273,503.0,467,200,81,3,1,73,8.8,1,suspicious
2026-05-17T19:50:00,host-13,python.exe,34,513,24.7,5,7,52,2,0,4,4.4,0,benign
2026-05-17T19:55:00,host-19,chrome.exe,16,848,0.0,60,8,30,0,0,0,3.9,0,benign
2026-05-17T20:00:00,host-20,rclone.exe,62,554,21.1,131,7,245,4,1,6,6.9,0,suspicious
2026-05-17T20:05:00,host-28,miner.exe,100,1603,43.9,42,6,24,0,0,4,3.9,0,suspicious
2026-05-17T20:10:00,host-10,outlook.exe,21,1165,0.0,74,0,6,1,0,0,5.2,0,benign
2026-05-17T20:15:00,host-50,teams.exe,14,1348,0.0,66,0,12,6,0,3,4.5,0,benign
2026-05-17T20:20:00,host-17,powershell.exe,101,979,100.0,47,47,69,13,0,3,7.5,0,suspicious
2026-05-17T20:25:00,host-31,miner.exe,99,1092,30.9,32,7,75,1,1,0,4.2,0,suspicious
2026-05-17T20:30:00,host-06,rclone.exe,46,822,20.9,68,14,242,7,0,2,4.2,1,suspicious
2026-05-17T20:35:00,host-45,encryptor.exe,96,856,238.3,362,270,25,0,1,100,8.5,1,suspicious
2026-05-17T20:40:00,host-50,encryptor.exe,94,928,354.9,226,280,43,2,1,93,8.2,1,suspicious
2026-05-17T20:45:00,host-08,powershell.exe,74,1449,187.5,39,9,52,6,1,41,5.0,1,suspicious
2026-05-17T20:50:00,host-09,encryptor.exe,82,1261,239.7,301,202,54,3,1,130,8.3,0,suspicious
2026-05-17T20:55:00,host-47,explorer.exe,31,1302,7.6,21,5,9,0,0,1,4.2,0,benign
2026-05-17T21:00:00,host-04,chrome.exe,14,1192,23.4,21,0,45,2,0,3,4.1,0,benign
2026-05-17T21:05:00,host-02,python.exe,8,442,12.0,44,4,37,1,0,5,4.1,0,benign
2026-05-17T21:10:00,host-20,explorer.exe,0,172,45.5,85,11,36,0,0,0,3.4,0,benign
2026-05-17T21:15:00,host-12,teams.exe,1,839,12.9,23,5,0,2,0,2,4.7,0,benign
2026-05-17T21:20:00,host-51,chrome.exe,20,1574,0.0,26,9,25,1,0,1,5.0,0,benign
2026-05-17T21:25:00,host-10,explorer.exe,40,386,63.5,48,0,71,2,0,0,4.6,0,benign
2026-05-17T21:30:00,host-37,python.exe,16,1326,26.8,54,6,28,0,0,3,5.3,0,benign
2026-05-17T21:35:00,host-02,encryptor.exe,95,1159,322.2,1,179,3,2,1,54,8.0,1,suspicious
2026-05-17T21:40:00,host-49,outlook.exe,2,173,0.0,0,5,6,0,0,0,4.8,0,benign
2026-05-17T21:45:00,host-21,encryptor.exe,92,1399,317.3,320,105,12,4,1,120,8.7,1,suspicious
2026-05-17T21:50:00,host-49,python.exe,11,1187,43.6,66,9,32,0,0,0,4.7,0,benign
2026-05-17T21:55:00,host-05,python.exe,42,226,27.7,37,7,0,0,1,0,4.2,0,benign
2026-05-17T22:00:00,host-46,python.exe,14,1020,0.0,58,0,14,0,0,3,4.4,0,benign
2026-05-17T22:05:00,host-11,python.exe,28,380,22.7,0,6,2,4,0,4,3.3,0,benign
2026-05-17T22:10:00,host-04,explorer.exe,41,502,10.0,29,0,0,2,0,3,3.5,0,benign
2026-05-17T22:15:00,host-30,miner.exe,98,1683,42.3,22,0,79,1,0,2,4.0,0,suspicious
2026-05-17T22:20:00,host-41,excel.exe,7,405,67.7,0,3,76,2,0,2,4.3,1,benign
2026-05-17T22:25:00,host-51,encryptor.exe,92,1293,581.9,334,218,48,4,1,83,8.3,1,suspicious
2026-05-17T22:30:00,host-59,encryptor.exe,91,1821,339.8,521,190,24,3,1,26,8.8,1,suspicious
2026-05-17T22:35:00,host-30,encryptor.exe,89,1663,356.5,332,86,14,4,1,113,7.8,1,suspicious
2026-05-17T22:40:00,host-16,explorer.exe,0,851,19.1,57,0,0,2,0,3,4.1,0,benign
2026-05-17T22:45:00,host-09,svchost.exe,0,866,22.2,58,0,22,4,0,0,5.4,0,benign
2026-05-17T22:50:00,host-25,python.exe,24,882,24.5,19,1,21,1,0,0,4.4,0,benign
2026-05-17T22:55:00,host-36,outlook.exe,48,630,36.7,88,0,29,5,0,2,4.1,0,benign
2026-05-17T23:00:00,host-50,rclone.exe,21,839,14.2,69,5,93,2,1,5,4.1,0,suspicious
2026-05-17T23:05:00,host-24,svchost.exe,12,1008,62.9,49,8,31,0,0,0,4.4,0,suspicious
2026-05-17T23:10:00,host-09,code.exe,31,281,0.0,72,2,23,2,0,1,3.9,0,benign
2026-05-17T23:15:00,host-49,powershell.exe,77,663,143.7,117,39,73,6,1,0,6.6,1,suspicious
2026-05-17T23:20:00,host-08,miner.exe,101,1842,29.7,16,7,85,2,1,1,4.6,1,suspicious
2026-05-17T23:25:00,host-46,chrome.exe,46,716,51.7,28,5,26,0,0,0,4.4,0,benign
2026-05-17T23:30:00,host-26,outlook.exe,4,882,0.0,44,2,0,1,0,0,4.6,0,benign
2026-05-17T23:35:00,host-27,powershell.exe,90,437,123.5,201,36,54,4,1,44,4.6,0,suspicious
2026-05-17T23:40:00,host-48,teams.exe,5,1214,11.9,59,5,19,4,0,3,5.1,0,benign
2026-05-17T23:45:00,host-35,chrome.exe,29,889,0.0,85,0,53,4,0,0,4.1,0,benign
2026-05-17T23:50:00,host-58,explorer.exe,39,781,5.2,30,9,29,6,0,1,4.0,0,benign
2026-05-17T23:55:00,host-08,excel.exe,52,959,40.9,0,5,3,3,0,1,5.0,0,benign
2026-05-18T00:00:00,host-34,rclone.exe,77,463,164.9,50,0,71,5,1,6,3.8,0,benign
2026-05-18T00:05:00,host-32,teams.exe,18,987,27.6,49,9,0,0,0,0,4.1,0,benign
2026-05-18T00:10:00,host-17,outlook.exe,37,898,32.6,23,8,17,0,0,3,4.0,0,benign
2026-05-18T00:15:00,host-34,python.exe,26,787,17.4,97,5,84,3,0,0,4.3,0,suspicious
2026-05-18T00:20:00,host-06,svchost.exe,60,927,0.0,8,4,32,5,0,3,4.2,0,benign
2026-05-18T00:25:00,host-38,svchost.exe,0,1197,54.9,26,11,0,0,0,0,3.9,0,benign
2026-05-18T00:30:00,host-24,encryptor.exe,92,933,350.5,223,108,40,6,1,95,8.1,0,suspicious
2026-05-18T00:35:00,host-38,encryptor.exe,96,745,398.1,345,93,27,2,1,105,8.6,1,suspicious
2026-05-18T00:40:00,host-33,svchost.exe,11,1416,37.1,64,12,22,1,0,0,3.4,0,benign
2026-05-18T00:45:00,host-52,outlook.exe,18,1343,21.5,12,8,48,0,1,0,3.9,0,benign
2026-05-18T00:50:00,host-23,encryptor.exe,91,1550,296.9,236,219,0,5,1,78,7.8,1,suspicious
2026-05-18T00:55:00,host-57,rclone.exe,16,432,77.0,79,0,139,0,1,1,5.0,0,suspicious
2026-05-18T01:00:00,host-22,outlook.exe,2,1483,0.0,36,11,47,3,0,0,5.1,0,benign
2026-05-18T01:05:00,host-19,explorer.exe,39,1030,15.8,0,8,41,1,0,1,4.5,0,benign
2026-05-18T01:10:00,host-32,encryptor.exe,88,1993,294.0,390,175,34,5,1,103,8.5,1,suspicious
2026-05-18T01:15:00,host-29,explorer.exe,45,484,19.3,25,7,18,4,0,0,5.4,0,benign
2026-05-18T01:20:00,host-03,powershell.exe,100,731,25.8,54,5,51,3,0,29,6.4,1,suspicious
2026-05-18T01:25:00,host-49,teams.exe,24,582,24.1,13,1,20,3,0,2,4.2,0,benign
2026-05-18T01:30:00,host-33,excel.exe,20,1002,25.5,96,5,32,1,0,0,3.4,0,benign
2026-05-18T01:35:00,host-02,powershell.exe,76,679,135.5,206,18,101,8,1,38,5.2,1,suspicious
2026-05-18T01:40:00,host-15,powershell.exe,65,749,177.8,151,31,0,10,1,28,5.8,0,suspicious
2026-05-18T01:45:00,host-22,powershell.exe,99,977,154.7,0,42,24,5,0,39,5.3,0,suspicious
2026-05-18T01:50:00,host-10,teams.exe,11,1529,16.5,93,0,66,0,0,0,4.9,0,benign
2026-05-18T01:55:00,host-28,python.exe,0,2154,21.8,0,5,47,1,0,1,5.0,0,benign
2026-05-18T02:00:00,host-54,miner.exe,92,1409,22.9,21,4,86,3,1,2,6.2,0,suspicious
2026-05-18T02:05:00,host-46,code.exe,43,1467,0.0,65,2,28,1,0,1,4.0,0,benign
2026-05-18T02:10:00,host-13,teams.exe,27,1102,50.1,48,1,5,3,0,1,4.5,0,benign
2026-05-18T02:15:00,host-24,code.exe,14,1324,9.4,0,9,6,2,0,1,2.8,0,benign
2026-05-18T02:20:00,host-06,python.exe,63,237,0.0,67,5,32,1,0,1,3.4,0,benign
2026-05-18T02:25:00,host-06,explorer.exe,68,745,20.4,65,1,50,0,0,1,4.2,0,benign
2026-05-18T02:30:00,host-43,rclone.exe,49,787,85.0,107,6,239,3,1,2,4.7,0,suspicious
2026-05-18T02:35:00,host-42,outlook.exe,0,808,20.0,103,10,4,2,0,1,4.2,0,benign
2026-05-18T02:40:00,host-17,rclone.exe,0,1088,119.2,8,2,212,3,0,1,6.9,0,suspicious
2026-05-18T02:45:00,host-50,code.exe,6,1355,35.1,0,0,39,2,0,3,3.8,0,benign
2026-05-18T02:50:00,host-05,rclone.exe,11,626,0.0,37,9,232,1,1,1,6.4,0,suspicious
2026-05-18T02:55:00,host-18,rclone.exe,40,918,0.0,53,8,205,1,1,0,4.4,0,suspicious
2026-05-18T03:00:00,host-11,explorer.exe,30,938,26.5,66,4,0,4,0,2,4.1,0,benign
2026-05-18T03:05:00,host-49,miner.exe,99,2019,19.5,0,0,101,0,0,5,6.1,0,suspicious
2026-05-18T03:10:00,host-35,outlook.exe,13,349,12.9,13,9,15,2,0,4,4.4,0,benign
2026-05-18T03:15:00,host-08,miner.exe,91,2205,4.5,32,2,58,2,1,2,4.4,0,suspicious
2026-05-18T03:20:00,host-44,code.exe,34,544,44.4,36,2,30,5,0,4,4.9,0,benign
2026-05-18T03:25:00,host-40,python.exe,15,1383,2.3,38,6,56,0,0,0,3.0,0,benign
2026-05-18T03:30:00,host-46,chrome.exe,26,911,35.5,0,2,33,0,0,0,4.3,0,benign
2026-05-18T03:35:00,host-19,encryptor.exe,87,1319,472.0,34,217,23,4,1,62,8.8,1,benign
2026-05-18T03:40:00,host-27,miner.exe,94,1675,38.8,1,3,86,1,0,0,4.5,0,suspicious
2026-05-18T03:45:00,host-08,code.exe,14,559,31.6,89,6,76,3,0,2,5.2,0,benign
2026-05-18T03:50:00,host-18,explorer.exe,22,14,0.0,27,0,21,3,0,1,3.7,0,benign
2026-05-18T03:55:00,host-32,svchost.exe,2,1155,24.1,38,2,38,3,0,0,4.3,0,benign
2026-05-18T04:00:00,host-25,miner.exe,98,1686,36.0,4,6,56,7,0,0,4.5,0,suspicious
2026-05-18T04:05:00,host-10,powershell.exe,73,637,64.4,241,21,45,10,1,10,5.9,1,benign
2026-05-18T04:10:00,host-11,svchost.exe,32,464,35.8,33,2,31,0,0,0,3.6,0,benign
2026-05-18T04:15:00,host-06,rclone.exe,34,835,37.7,66,8,348,6,1,1,4.7,0,suspicious
2026-05-18T04:20:00,host-50,code.exe,14,618,12.2,0,8,42,0,0,0,5.1,0,benign
2026-05-18T04:25:00,host-13,chrome.exe,22,568,8.7,36,10,54,4,0,0,3.8,0,benign
2026-05-18T04:30:00,host-47,code.exe,35,1153,0.0,87,0,26,3,0,0,3.6,0,benign
2026-05-18T04:35:00,host-03,code.exe,0,1212,0.0,43,3,59,2,0,2,5.6,0,benign
2026-05-18T04:40:00,host-42,encryptor.exe,95,846,360.2,473,189,3,7,1,100,8.9,1,suspicious
2026-05-18T04:45:00,host-27,code.exe,24,2196,0.0,50,4,43,2,0,1,4.6,1,benign
2026-05-18T04:50:00,host-52,encryptor.exe,106,1414,378.8,225,120,42,3,1,44,9.0,1,suspicious
2026-05-18T04:55:00,host-44,code.exe,1,1739,32.1,15,0,55,2,0,1,3.7,0,suspicious
2026-05-18T05:00:00,host-25,code.exe,41,1363,88.0,53,4,13,1,0,3,3.5,0,benign
2026-05-18T05:05:00,host-38,outlook.exe,50,1505,19.3,9,8,6,0,0,3,4.1,0,benign
2026-05-18T05:10:00,host-48,powershell.exe,74,392,23.4,185,25,51,11,1,32,7.7,1,suspicious
2026-05-18T05:15:00,host-13,powershell.exe,97,1183,132.1,70,113,0,9,0,61,8.1,1,suspicious
2026-05-18T05:20:00,host-23,teams.exe,36,733,24.8,74,11,37,2,0,4,4.6,0,benign
2026-05-18T05:25:00,host-28,svchost.exe,41,1705,26.1,101,8,28,0,0,4,3.8,0,suspicious
2026-05-18T05:30:00,host-39,python.exe,9,1185,1.4,0,12,53,6,0,2,4.5,0,benign
2026-05-18T05:35:00,host-31,encryptor.exe,87,1717,249.1,154,215,17,4,1,99,8.1,1,suspicious
2026-05-18T05:40:00,host-36,svchost.exe,25,1087,12.2,0,7,47,0,0,5,3.6,0,benign
2026-05-18T05:45:00,host-32,teams.exe,9,1071,77.6,18,3,43,1,0,0,3.5,0,benign
2026-05-18T05:50:00,host-34,encryptor.exe,92,1425,251.2,232,201,39,2,1,76,8.7,1,suspicious
2026-05-18T05:55:00,host-14,teams.exe,33,1136,79.3,28,2,14,0,0,2,4.7,0,benign
2026-05-18T06:00:00,host-06,rclone.exe,34,347,127.9,123,0,200,4,1,0,6.0,0,suspicious
2026-05-18T06:05:00,host-18,rclone.exe,17,952,11.9,92,0,147,1,1,3,5.4,0,suspicious
2026-05-18T06:10:00,host-47,chrome.exe,50,744,16.6,28,5,6,0,0,0,4.9,1,benign
2026-05-18T06:15:00,host-33,encryptor.exe,90,1556,387.6,417,256,38,2,1,143,8.5,1,suspicious
2026-05-18T06:20:00,host-12,teams.exe,25,640,12.8,82,6,43,3,0,2,4.9,0,benign
2026-05-18T06:25:00,host-34,svchost.exe,26,1343,0.0,41,7,37,4,0,0,3.3,0,benign
2026-05-18T06:30:00,host-48,powershell.exe,57,1053,62.0,112,47,53,8,1,72,7.2,1,suspicious
2026-05-18T06:35:00,host-22,explorer.exe,42,103,29.7,31,0,29,2,0,1,4.2,0,benign
2026-05-18T06:40:00,host-55,explorer.exe,43,1177,19.8,0,6,7,2,0,4,5.4,0,benign
2026-05-18T06:45:00,host-35,code.exe,3,892,34.9,0,0,14,2,0,0,4.3,0,benign
2026-05-18T06:50:00,host-23,python.exe,43,1107,65.2,51,0,32,1,0,3,3.3,0,benign
2026-05-18T06:55:00,host-01,teams.exe,50,0,31.1,78,3,46,2,0,0,4.7,0,benign
2026-05-18T07:00:00,host-56,miner.exe,93,1529,26.5,20,0,74,4,1,4,3.9,0,suspicious
2026-05-18T07:05:00,host-55,excel.exe,60,1498,0.0,40,5,0,0,0,1,3.2,0,benign
2026-05-18T07:10:00,host-16,outlook.exe,35,1120,0.0,8,1,8,5,0,0,4.2,0,benign
2026-05-18T07:15:00,host-38,chrome.exe,47,990,51.3,22,15,36,4,0,2,4.6,0,benign
2026-05-18T07:20:00,host-13,svchost.exe,0,719,52.7,0,9,2,0,0,5,3.9,0,benign
2026-05-18T07:25:00,host-12,explorer.exe,46,935,19.2,50,0,33,0,0,0,4.6,0,benign
2026-05-18T07:30:00,host-51,chrome.exe,25,489,8.9,0,2,76,3,0,0,4.2,0,benign
2026-05-18T07:35:00,host-37,code.exe,35,824,47.3,31,1,66,0,0,0,4.5,0,benign
2026-05-18T07:40:00,host-18,excel.exe,23,475,68.8,35,0,91,3,0,4,4.7,0,benign
2026-05-18T07:45:00,host-16,svchost.exe,25,960,10.1,58,6,50,3,0,3,4.2,0,benign
2026-05-18T07:50:00,host-45,teams.exe,11,1350,20.2,38,0,53,0,0,3,5.4,0,benign
2026-05-18T07:55:00,host-58,miner.exe,97,2034,12.5,30,0,24,4,1,1,5.9,0,suspicious
2026-05-18T08:00:00,host-48,python.exe,10,945,0.0,0,0,34,0,0,2,3.9,0,benign
2026-05-18T08:05:00,host-03,python.exe,6,848,11.3,40,11,35,3,0,1,4.1,0,benign
2026-05-18T08:10:00,host-28,outlook.exe,16,647,24.3,27,10,97,1,0,3,4.1,0,benign
2026-05-18T08:15:00,host-50,python.exe,51,1285,18.8,6,1,60,3,0,5,4.2,0,benign
2026-05-18T08:20:00,host-15,chrome.exe,26,811,19.6,15,0,38,1,0,1,4.3,0,benign
2026-05-18T08:25:00,host-24,powershell.exe,71,935,109.3,81,156,17,0,1,0,5.9,1,suspicious
2026-05-18T08:30:00,host-15,encryptor.exe,100,450,348.5,261,230,32,5,1,71,8.6,1,suspicious
2026-05-18T08:35:00,host-27,code.exe,24,1105,70.9,32,1,19,3,0,1,4.8,0,benign
2026-05-18T08:40:00,host-23,miner.exe,90,936,11.2,4,2,51,4,1,1,4.8,0,suspicious
2026-05-18T08:45:00,host-04,miner.exe,97,1440,28.0,34,3,69,5,1,2,6.1,0,suspicious
2026-05-18T08:50:00,host-42,miner.exe,90,1239,20.2,19,0,61,2,1,0,5.2,0,suspicious
2026-05-18T08:55:00,host-18,chrome.exe,13,273,0.0,45,7,30,1,0,0,3.4,0,benign
2026-05-18T09:00:00,host-19,teams.exe,41,951,54.8,4,1,18,3,0,4,4.6,0,benign
2026-05-18T09:05:00,host-50,outlook.exe,44,543,0.0,0,4,69,0,0,0,5.5,0,benign
2026-05-18T09:10:00,host-32,teams.exe,2,1249,0.0,34,9,32,4,0,0,3.0,0,benign
2026-05-18T09:15:00,host-26,code.exe,41,1337,12.4,73,1,36,2,0,0,5.6,0,benign
2026-05-18T09:20:00,host-47,chrome.exe,37,1064,0.0,59,0,74,3,0,2,3.7,0,benign
2026-05-18T09:25:00,host-38,svchost.exe,69,946,9.2,19,5,14,0,0,1,4.0,0,benign
2026-05-18T09:30:00,host-44,chrome.exe,30,2013,53.3,108,0,72,2,0,2,4.1,0,benign
2026-05-18T09:35:00,host-43,miner.exe,97,1849,19.2,29,0,68,2,0,0,5.2,0,suspicious
2026-05-18T09:40:00,host-47,teams.exe,47,1036,11.2,3,4,0,3,0,1,4.2,0,benign
2026-05-18T09:45:00,host-56,svchost.exe,35,955,11.0,24,3,64,3,0,3,4.3,0,benign
2026-05-18T09:50:00,host-58,teams.exe,4,1353,57.6,2,4,19,4,0,8,4.1,0,benign
2026-05-18T09:55:00,host-33,outlook.exe,27,905,48.3,9,2,23,0,0,3,3.9,0,benign
2026-05-18T10:00:00,host-06,miner.exe,97,1533,13.8,12,2,101,1,1,0,4.8,0,suspicious
2026-05-18T10:05:00,host-38,encryptor.exe,94,1118,483.4,178,146,36,5,1,81,8.3,1,suspicious
2026-05-18T10:10:00,host-20,explorer.exe,52,541,26.8,87,6,11,0,0,0,4.0,0,benign
2026-05-18T10:15:00,host-02,rclone.exe,41,1037,94.1,27,0,195,0,0,2,4.3,0,suspicious
2026-05-18T10:20:00,host-50,chrome.exe,11,1100,33.4,74,4,58,5,0,2,4.0,0,benign
2026-05-18T10:25:00,host-32,powershell.exe,88,523,269.9,104,38,23,14,0,20,9.4,1,suspicious
2026-05-18T10:30:00,host-28,code.exe,27,1264,58.0,0,0,27,8,0,2,3.6,0,benign
2026-05-18T10:35:00,host-56,miner.exe,96,1201,0.3,48,0,52,2,0,0,5.3,0,suspicious
2026-05-18T10:40:00,host-46,miner.exe,94,1788,30.1,26,2,124,2,1,0,4.7,0,suspicious
2026-05-18T10:45:00,host-54,excel.exe,6,1271,20.0,73,0,17,1,0,3,3.3,0,benign
2026-05-18T10:50:00,host-26,outlook.exe,31,700,27.5,66,0,39,0,0,2,4.0,0,benign
2026-05-18T10:55:00,host-16,chrome.exe,0,0,38.5,25,8,19,3,0,1,4.4,0,benign
2026-05-18T11:00:00,host-31,explorer.exe,55,623,1.7,21,2,29,0,0,1,2.2,0,suspicious
2026-05-18T11:05:00,host-12,code.exe,44,1436,11.3,0,0,37,0,0,0,4.6,0,benign
2026-05-18T11:10:00,host-52,explorer.exe,22,1186,21.6,56,1,25,2,0,2,6.0,0,benign
2026-05-18T11:15:00,host-06,encryptor.exe,100,1074,401.8,20,89,67,3,1,92,8.0,1,suspicious
2026-05-18T11:20:00,host-12,miner.exe,96,1948,22.0,33,2,85,0,1,2,4.4,0,suspicious
2026-05-18T11:25:00,host-47,excel.exe,14,20,2.2,9,7,53,0,0,0,4.4,0,benign
2026-05-18T11:30:00,host-58,chrome.exe,0,587,43.7,21,0,50,1,0,1,4.1,0,benign
2026-05-18T11:35:00,host-43,encryptor.exe,91,1269,321.6,209,158,5,7,1,120,8.8,1,suspicious
2026-05-18T11:40:00,host-57,powershell.exe,87,730,14.7,0,130,0,9,0,38,5.8,0,benign
2026-05-18T11:45:00,host-25,encryptor.exe,101,601,451.8,327,196,31,6,1,61,8.2,0,suspicious
2026-05-18T11:50:00,host-16,miner.exe,99,1067,21.6,4,1,44,5,1,4,6.6,0,suspicious
2026-05-18T11:55:00,host-37,python.exe,10,891,33.4,64,0,8,3,0,0,4.3,0,benign
2026-05-18T12:00:00,host-32,explorer.exe,11,695,43.2,21,1,0,2,1,0,3.7,0,benign
2026-05-18T12:05:00,host-29,excel.exe,38,994,9.0,52,8,27,0,0,2,4.3,0,benign
2026-05-18T12:10:00,host-27,excel.exe,23,632,8.2,66,4,18,1,0,1,4.7,0,benign
2026-05-18T12:15:00,host-25,teams.exe,27,1420,29.7,26,3,34,4,0,0,5.3,0,benign
2026-05-18T12:20:00,host-07,chrome.exe,3,767,47.5,83,14,29,3,0,0,4.3,0,benign
2026-05-18T12:25:00,host-12,excel.exe,30,1086,18.8,105,11,13,5,0,1,4.3,0,benign
2026-05-18T12:30:00,host-25,chrome.exe,33,623,0.0,13,2,53,0,0,1,4.4,0,benign
2026-05-18T12:35:00,host-52,code.exe,21,1078,54.1,42,12,12,1,0,0,5.0,0,benign
2026-05-18T12:40:00,host-14,excel.exe,44,1999,22.0,81,15,40,2,0,3,4.3,0,benign
2026-05-18T12:45:00,host-35,chrome.exe,30,1813,0.0,10,7,2,2,0,0,4.5,0,benign
2026-05-18T12:50:00,host-56,rclone.exe,28,824,46.2,29,8,291,4,1,7,4.4,0,suspicious
2026-05-18T12:55:00,host-46,encryptor.exe,93,779,403.6,113,190,0,4,1,70,8.9,1,suspicious
2026-05-18T13:00:00,host-32,explorer.exe,44,1318,8.3,82,0,11,2,0,0,4.8,1,benign
2026-05-18T13:05:00,host-57,explorer.exe,66,812,23.7,94,4,60,0,0,2,4.9,0,benign
2026-05-18T13:10:00,host-46,encryptor.exe,73,1777,284.6,338,191,26,1,1,55,8.7,0,suspicious
2026-05-18T13:15:00,host-47,teams.exe,15,941,27.1,3,4,40,0,1,0,4.4,0,benign
2026-05-18T13:20:00,host-49,encryptor.exe,96,1563,396.3,432,203,0,1,0,82,8.5,0,suspicious
2026-05-18T13:25:00,host-15,svchost.exe,13,398,16.8,41,3,71,2,0,3,4.2,0,benign
2026-05-18T13:30:00,host-58,encryptor.exe,88,876,371.0,325,137,15,3,0,67,8.6,1,suspicious
2026-05-18T13:35:00,host-24,miner.exe,94,1447,45.4,31,0,81,0,1,0,6.0,0,suspicious
2026-05-18T13:40:00,host-36,rclone.exe,51,1239,95.9,22,22,219,1,1,4,5.6,0,suspicious
2026-05-18T13:45:00,host-29,teams.exe,63,1884,40.0,41,3,22,2,0,4,5.0,0,benign
2026-05-18T13:50:00,host-41,miner.exe,96,1697,0.0,20,2,62,0,1,3,4.9,0,suspicious
2026-05-18T13:55:00,host-40,rclone.exe,50,1504,79.3,74,8,106,0,1,5,5.2,0,suspicious
2026-05-18T14:00:00,host-04,chrome.exe,0,1504,17.6,74,2,56,2,0,2,4.5,0,benign
2026-05-18T14:05:00,host-22,python.exe,26,701,6.6,94,3,91,3,0,2,4.4,0,benign
2026-05-18T14:10:00,host-31,outlook.exe,40,1043,36.8,58,0,37,5,0,0,4.1,0,benign
2026-05-18T14:15:00,host-22,explorer.exe,8,1154,34.7,32,6,58,2,0,4,4.8,0,benign
2026-05-18T14:20:00,host-16,svchost.exe,23,947,0.0,15,0,33,1,0,0,4.2,0,benign
2026-05-18T14:25:00,host-51,rclone.exe,48,702,69.0,0,9,159,4,1,0,4.6,0,suspicious
2026-05-18T14:30:00,host-19,powershell.exe,61,783,196.1,135,138,20,9,1,39,8.1,0,suspicious
2026-05-18T14:35:00,host-52,python.exe,33,1690,25.8,68,0,45,3,0,0,4.7,0,benign
2026-05-18T14:40:00,host-31,excel.exe,22,1046,40.1,59,1,61,3,0,1,4.6,0,benign
2026-05-18T14:45:00,host-08,encryptor.exe,103,1288,367.5,228,210,21,6,0,71,8.2,1,benign
2026-05-18T14:50:00,host-06,teams.exe,9,1164,33.1,17,0,76,7,0,4,5.4,0,suspicious
2026-05-18T14:55:00,host-13,miner.exe,94,1089,0.0,17,0,17,1,0,3,4.6,0,suspicious
2026-05-18T15:00:00,host-30,excel.exe,33,741,0.0,58,0,40,2,0,2,4.4,0,benign
2026-05-18T15:05:00,host-49,encryptor.exe,95,925,263.3,381,236,37,3,0,129,7.6,1,suspicious
2026-05-18T15:10:00,host-02,python.exe,32,999,78.8,10,0,22,5,0,2,4.9,0,benign
2026-05-18T15:15:00,host-04,svchost.exe,17,974,11.5,128,0,42,0,0,0,4.7,0,benign
2026-05-18T15:20:00,host-27,svchost.exe,8,486,27.6,46,4,17,5,0,0,3.7,0,benign
2026-05-18T15:25:00,host-12,svchost.exe,37,732,29.6,49,0,18,3,0,4,5.6,0,benign
2026-05-18T15:30:00,host-56,encryptor.exe,87,1353,398.7,159,245,0,3,1,103,8.3,1,suspicious
2026-05-18T15:35:00,host-09,excel.exe,0,484,35.6,24,6,1,4,0,4,4.0,0,benign
2026-05-18T15:40:00,host-02,rclone.exe,26,172,62.2,99,10,261,5,1,4,5.1,0,suspicious
2026-05-18T15:45:00,host-14,excel.exe,16,619,2.5,106,0,62,0,0,2,5.0,0,benign
2026-05-18T15:50:00,host-21,explorer.exe,14,0,0.0,0,6,85,0,0,1,5.2,0,benign
2026-05-18T15:55:00,host-27,teams.exe,28,1078,22.1,25,8,1,0,0,3,4.0,0,benign
2026-05-18T16:00:00,host-21,excel.exe,25,984,0.0,0,2,43,3,0,2,5.2,0,benign
2026-05-18T16:05:00,host-26,outlook.exe,28,1752,42.9,69,1,8,3,0,4,2.8,0,benign
2026-05-18T16:10:00,host-37,teams.exe,21,1311,0.0,0,5,29,5,0,1,4.7,0,benign
2026-05-18T16:15:00,host-21,chrome.exe,25,1235,41.1,51,0,0,2,0,2,4.4,1,benign
2026-05-18T16:20:00,host-57,rclone.exe,62,676,81.9,0,6,171,7,1,5,4.6,0,suspicious
2026-05-18T16:25:00,host-40,outlook.exe,28,647,11.9,1,0,27,1,0,0,4.5,0,benign
2026-05-18T16:30:00,host-03,excel.exe,34,696,0.0,63,0,51,1,0,0,5.2,0,benign
2026-05-18T16:35:00,host-03,powershell.exe,76,1419,34.6,196,93,86,11,0,55,7.0,1,suspicious
2026-05-18T16:40:00,host-29,powershell.exe,68,835,69.7,96,31,55,5,1,13,6.3,0,suspicious
2026-05-18T16:45:00,host-32,python.exe,33,1270,0.0,1,6,35,4,0,0,4.1,0,benign
2026-05-18T16:50:00,host-32,outlook.exe,50,1746,0.0,42,7,45,1,0,0,4.3,0,benign
2026-05-18T16:55:00,host-01,explorer.exe,31,938,4.2,33,9,19,2,0,3,4.3,0,benign
2026-05-18T17:00:00,host-24,encryptor.exe,101,1182,235.6,360,287,49,1,0,84,8.4,1,suspicious
2026-05-18T17:05:00,host-24,miner.exe,94,1179,0.0,32,2,87,0,0,0,4.5,0,suspicious
2026-05-18T17:10:00,host-32,explorer.exe,13,1487,0.0,51,5,10,1,0,5,4.9,0,benign
2026-05-18T17:15:00,host-44,chrome.exe,39,0,0.0,11,5,36,0,1,0,4.0,0,benign
2026-05-18T17:20:00,host-01,powershell.exe,88,692,121.9,244,85,29,6,0,34,7.1,1,suspicious
2026-05-18T17:25:00,host-56,encryptor.exe,90,1273,349.0,366,145,24,1,1,87,7.9,1,suspicious
2026-05-18T17:30:00,host-22,teams.exe,12,1282,33.1,15,0,14,0,0,3,5.2,0,benign
2026-05-18T17:35:00,host-46,teams.exe,19,678,50.3,10,6,27,0,0,4,4.2,0,benign
2026-05-18T17:40:00,host-30,svchost.exe,4,1626,23.8,0,7,0,0,0,6,4.8,0,benign
2026-05-18T17:45:00,host-58,teams.exe,51,776,14.5,11,6,56,0,0,0,4.4,0,benign
2026-05-18T17:50:00,host-08,python.exe,24,1116,44.3,25,1,20,4,0,0,4.5,0,benign
2026-05-18T17:55:00,host-03,powershell.exe,107,1099,234.8,85,46,0,12,1,0,7.9,1,suspicious
2026-05-18T18:00:00,host-08,python.exe,0,1146,32.5,38,1,96,0,0,2,3.7,0,benign
2026-05-18T18:05:00,host-53,excel.exe,28,554,13.7,37,7,41,0,0,0,4.1,0,benign
2026-05-18T18:10:00,host-13,explorer.exe,10,1155,8.2,45,10,46,1,1,2,4.7,0,benign
2026-05-18T18:15:00,host-46,python.exe,14,1271,27.3,0,0,18,2,0,7,2.8,0,benign
2026-05-18T18:20:00,host-46,miner.exe,97,1355,15.4,31,3,66,1,1,2,5.1,0,suspicious
2026-05-18T18:25:00,host-32,powershell.exe,49,485,81.2,78,27,41,14,1,11,5.9,0,suspicious
2026-05-18T18:30:00,host-37,rclone.exe,33,827,38.6,25,6,134,1,1,2,6.1,0,suspicious
2026-05-18T18:35:00,host-42,miner.exe,100,1059,25.6,53,3,110,1,1,0,4.6,1,suspicious
2026-05-18T18:40:00,host-38,outlook.exe,31,820,0.0,0,0,0,0,0,1,3.9,0,benign
2026-05-18T18:45:00,host-16,outlook.exe,13,1194,8.7,12,12,0,2,0,4,4.1,0,benign
2026-05-18T18:50:00,host-09,outlook.exe,29,328,33.7,24,0,6,4,0,3,4.9,0,benign
2026-05-18T18:55:00,host-46,teams.exe,0,1855,0.0,0,4,28,5,0,0,4.5,0,benign
2026-05-18T19:00:00,host-42,encryptor.exe,87,1533,327.6,397,263,11,8,0,64,8.6,1,suspicious
2026-05-18T19:05:00,host-16,excel.exe,62,873,0.0,21,5,42,2,0,3,5.5,0,benign
2026-05-18T19:10:00,host-40,svchost.exe,34,968,41.1,25,5,63,4,0,1,4.8,0,benign
2026-05-18T19:15:00,host-07,encryptor.exe,83,934,401.5,400,222,11,3,1,43,8.4,1,suspicious
2026-05-18T19:20:00,host-17,rclone.exe,46,453,42.6,2,0,98,3,0,1,5.4,0,suspicious
2026-05-18T19:25:00,host-17,teams.exe,34,874,4.4,37,11,37,2,0,1,4.4,1,benign
2026-05-18T19:30:00,host-13,svchost.exe,34,662,0.0,6,3,33,3,0,0,4.5,0,benign
2026-05-18T19:35:00,host-29,chrome.exe,7,1583,13.0,118,0,69,1,0,0,4.4,0,benign
2026-05-18T19:40:00,host-50,outlook.exe,28,0,11.6,84,6,52,2,0,2,3.9,0,benign
2026-05-18T19:45:00,host-31,rclone.exe,37,899,129.7,69,0,136,1,0,0,6.9,0,suspicious
2026-05-18T19:50:00,host-20,encryptor.exe,89,1060,333.2,371,151,0,0,1,93,8.8,1,suspicious
2026-05-18T19:55:00,host-05,outlook.exe,78,1592,62.5,68,5,20,1,0,2,5.2,0,benign
2026-05-18T20:00:00,host-48,explorer.exe,47,1540,54.5,55,3,62,0,0,4,3.7,0,benign
2026-05-18T20:05:00,host-39,powershell.exe,95,1158,178.4,217,33,35,18,1,9,6.8,1,suspicious
2026-05-18T20:10:00,host-04,chrome.exe,26,1461,36.2,39,0,55,3,0,0,5.5,0,benign
2026-05-18T20:15:00,host-36,rclone.exe,59,638,83.1,77,6,131,6,0,4,4.2,0,suspicious
2026-05-18T20:20:00,host-25,svchost.exe,36,675,0.0,39,3,58,1,0,5,5.2,0,benign
2026-05-18T20:25:00,host-13,svchost.exe,17,740,18.1,62,4,45,1,0,1,3.5,0,benign
2026-05-18T20:30:00,host-14,encryptor.exe,87,1040,338.0,511,305,0,4,0,79,8.8,1,suspicious
2026-05-18T20:35:00,host-22,teams.exe,3,842,8.8,77,9,34,2,0,4,4.1,0,benign
2026-05-18T20:40:00,host-44,miner.exe,99,1582,19.7,0,2,93,0,0,0,4.7,0,suspicious
2026-05-18T20:45:00,host-30,chrome.exe,17,1155,16.3,10,3,19,3,0,0,4.7,0,benign
2026-05-18T20:50:00,host-26,rclone.exe,30,561,104.5,17,10,225,7,1,4,3.5,0,benign
2026-05-18T20:55:00,host-18,excel.exe,22,635,48.1,26,0,2,0,0,2,3.7,0,benign
2026-05-18T21:00:00,host-44,teams.exe,48,936,57.7,38,8,16,2,0,0,4.2,0,benign
2026-05-18T21:05:00,host-39,svchost.exe,1,1251,62.4,92,13,31,1,0,1,3.3,0,benign
2026-05-18T21:10:00,host-09,powershell.exe,75,704,141.9,216,18,35,4,0,24,6.5,1,suspicious
2026-05-18T21:15:00,host-54,miner.exe,92,1693,19.1,19,2,99,4,0,1,6.2,1,suspicious
2026-05-18T21:20:00,host-13,explorer.exe,48,645,32.3,0,8,32,1,0,3,3.7,1,benign
2026-05-18T21:25:00,host-32,powershell.exe,50,1100,89.2,213,41,55,5,0,47,5.6,1,suspicious
2026-05-18T21:30:00,host-47,explorer.exe,48,738,0.0,8,0,38,2,0,2,4.8,0,benign
2026-05-18T21:35:00,host-58,encryptor.exe,90,1301,295.9,377,109,16,5,1,117,7.8,1,suspicious
2026-05-18T21:40:00,host-09,powershell.exe,97,1064,209.0,62,36,64,14,1,61,5.1,1,suspicious
2026-05-18T21:45:00,host-18,outlook.exe,10,1123,21.5,73,11,33,0,0,4,5.2,0,benign
2026-05-18T21:50:00,host-01,miner.exe,101,1253,15.4,0,2,106,4,1,0,4.1,0,suspicious
2026-05-18T21:55:00,host-52,powershell.exe,70,698,128.0,71,144,26,0,1,18,7.6,1,suspicious
2026-05-18T22:00:00,host-26,miner.exe,100,1415,5.2,25,1,2,1,1,0,4.8,0,suspicious
2026-05-18T22:05:00,host-27,svchost.exe,37,810,0.8,39,1,22,4,1,2,4.5,0,benign
2026-05-18T22:10:00,host-48,encryptor.exe,80,299,524.4,260,195,0,0,1,104,8.2,1,suspicious
2026-05-18T22:15:00,host-48,teams.exe,16,1242,13.9,28,3,46,0,0,6,4.4,0,suspicious
2026-05-18T22:20:00,host-50,encryptor.exe,77,1880,448.3,223,182,14,4,1,92,8.0,1,suspicious
2026-05-18T22:25:00,host-23,chrome.exe,22,2106,41.2,20,3,47,0,0,2,5.3,0,benign
2026-05-18T22:30:00,host-42,rclone.exe,60,989,96.8,78,6,162,2,1,1,3.2,0,suspicious
2026-05-18T22:35:00,host-44,outlook.exe,19,836,12.2,0,11,0,0,0,4,4.6,0,benign
2026-05-18T22:40:00,host-22,python.exe,32,626,33.0,57,0,0,2,0,1,4.1,0,benign
2026-05-18T22:45:00,host-14,code.exe,67,917,28.8,41,5,57,4,0,3,4.6,0,benign
2026-05-18T22:50:00,host-47,svchost.exe,15,304,38.9,88,0,57,1,0,2,4.8,0,benign
2026-05-18T22:55:00,host-11,rclone.exe,32,1206,0.0,67,7,241,7,0,4,3.6,0,suspicious
2026-05-18T23:00:00,host-02,miner.exe,103,1358,19.6,39,4,55,2,0,1,4.4,0,suspicious
2026-05-18T23:05:00,host-30,chrome.exe,34,1838,29.2,25,0,31,3,0,0,3.9,0,benign
2026-05-18T23:10:00,host-28,python.exe,29,674,5.3,14,4,58,4,0,1,3.0,0,benign
2026-05-18T23:15:00,host-46,svchost.exe,5,972,0.0,46,6,0,2,0,4,4.4,0,benign
2026-05-18T23:20:00,host-08,encryptor.exe,101,891,320.4,210,273,0,6,1,83,8.3,1,suspicious
2026-05-18T23:25:00,host-31,excel.exe,7,1234,11.1,42,11,13,4,0,1,4.5,0,benign
2026-05-18T23:30:00,host-24,explorer.exe,20,1573,34.5,0,2,36,3,0,0,4.3,0,benign
2026-05-18T23:35:00,host-06,powershell.exe,77,758,87.0,197,93,49,3,1,50,7.7,1,suspicious
2026-05-18T23:40:00,host-56,powershell.exe,112,537,45.1,94,49,78,3,1,39,7.9,0,suspicious
2026-05-18T23:45:00,host-40,teams.exe,40,216,0.0,74,4,54,0,0,2,4.3,0,benign
2026-05-18T23:50:00,host-07,rclone.exe,52,651,0.0,62,10,255,5,1,5,5.1,0,suspicious
2026-05-18T23:55:00,host-03,encryptor.exe,81,759,583.6,353,118,11,3,1,93,8.0,1,suspicious
2026-05-19T00:00:00,host-08,chrome.exe,11,1244,29.6,23,7,46,4,0,1,3.3,0,benign
2026-05-19T00:05:00,host-09,miner.exe,99,1135,25.3,54,1,73,2,1,1,4.2,0,suspicious
2026-05-19T00:10:00,host-37,chrome.exe,32,1388,0.0,43,6,62,7,0,0,3.6,0,benign
2026-05-19T00:15:00,host-12,explorer.exe,38,938,13.5,0,8,43,2,0,0,4.6,1,benign
2026-05-19T00:20:00,host-48,explorer.exe,37,478,0.0,57,6,43,2,1,1,4.5,0,benign
2026-05-19T00:25:00,host-02,outlook.exe,2,1093,0.0,51,8,31,4,0,0,4.7,0,benign
2026-05-19T00:30:00,host-29,python.exe,10,1088,49.7,112,10,34,3,0,0,4.8,0,benign
2026-05-19T00:35:00,host-02,chrome.exe,19,1444,2.4,14,10,14,0,0,3,4.8,0,benign
2026-05-19T00:40:00,host-58,miner.exe,101,1472,23.3,37,8,25,1,1,3,4.4,0,suspicious
2026-05-19T00:45:00,host-37,powershell.exe,93,409,128.1,35,79,34,12,1,25,6.8,0,suspicious
2026-05-19T00:50:00,host-45,encryptor.exe,77,949,363.2,224,209,24,4,1,82,7.9,1,suspicious
2026-05-19T00:55:00,host-36,chrome.exe,46,2075,9.3,10,6,77,5,0,1,4.8,0,benign
2026-05-19T01:00:00,host-14,chrome.exe,42,434,53.3,75,0,53,4,0,4,4.3,0,benign
2026-05-19T01:05:00,host-05,svchost.exe,49,432,44.1,76,0,56,3,0,2,3.8,0,benign
2026-05-19T01:10:00,host-43,powershell.exe,81,934,180.7,191,35,46,7,1,40,6.2,0,suspicious
2026-05-19T01:15:00,host-50,miner.exe,99,1997,23.7,59,5,72,1,1,2,4.6,0,suspicious
2026-05-19T01:20:00,host-17,powershell.exe,71,0,206.6,201,73,95,13,1,33,6.5,1,suspicious
2026-05-19T01:25:00,host-59,code.exe,21,1448,14.3,41,0,23,6,0,2,4.0,0,benign
2026-05-19T01:30:00,host-05,miner.exe,98,1896,18.5,27,0,81,2,1,3,5.4,0,suspicious
2026-05-19T01:35:00,host-36,svchost.exe,45,457,0.0,23,9,13,3,0,1,3.5,0,benign
2026-05-19T01:40:00,host-36,powershell.exe,72,1230,167.5,3,67,89,5,1,8,5.7,1,suspicious
2026-05-19T01:45:00,host-12,rclone.exe,20,584,146.9,49,10,256,0,1,4,4.4,0,suspicious
2026-05-19T01:50:00,host-33,explorer.exe,21,637,4.8,23,3,34,4,0,3,3.9,0,benign
2026-05-19T01:55:00,host-01,outlook.exe,40,1630,27.3,66,10,11,2,0,3,4.6,0,benign
2026-05-19T02:00:00,host-21,outlook.exe,33,716,22.4,29,0,52,0,0,0,3.8,0,benign
2026-05-19T02:05:00,host-21,excel.exe,0,597,21.8,67,0,44,0,0,1,4.7,0,benign
2026-05-19T02:10:00,host-03,powershell.exe,87,1023,220.9,119,115,9,15,1,0,8.0,1,suspicious
2026-05-19T02:15:00,host-18,chrome.exe,58,1673,22.2,74,3,58,1,0,0,4.1,0,benign
2026-05-19T02:20:00,host-44,powershell.exe,85,556,203.3,226,73,107,13,0,34,5.3,0,suspicious
2026-05-19T02:25:00,host-38,code.exe,43,0,43.2,116,0,40,1,0,0,4.2,0,benign
2026-05-19T02:30:00,host-05,miner.exe,92,1997,0.0,22,4,64,7,1,1,5.0,0,benign
2026-05-19T02:35:00,host-38,encryptor.exe,87,1285,314.5,72,248,14,3,1,63,8.0,1,suspicious
2026-05-19T02:40:00,host-39,excel.exe,0,1298,3.1,1,3,22,0,0,2,3.9,0,benign
2026-05-19T02:45:00,host-22,powershell.exe,81,891,89.9,199,3,15,1,0,32,7.5,1,suspicious
2026-05-19T02:50:00,host-27,outlook.exe,31,1341,9.5,82,0,20,1,0,1,3.2,0,benign
2026-05-19T02:55:00,host-37,teams.exe,41,1882,41.2,0,7,40,0,0,2,5.1,0,benign
2026-05-19T03:00:00,host-33,powershell.exe,82,1143,25.9,24,108,40,13,0,36,7.4,0,suspicious
2026-05-19T03:05:00,host-35,encryptor.exe,79,1326,398.6,419,236,21,0,1,36,8.9,1,suspicious
2026-05-19T03:10:00,host-24,code.exe,11,1258,4.5,67,0,24,2,0,0,4.7,0,benign
2026-05-19T03:15:00,host-38,chrome.exe,18,505,30.7,23,10,32,0,0,0,4.9,0,benign
2026-05-19T03:20:00,host-27,excel.exe,40,1160,37.5,33,0,47,5,0,4,4.4,0,benign
2026-05-19T03:25:00,host-01,powershell.exe,50,1151,77.0,255,67,62,18,0,28,6.2,0,suspicious
2026-05-19T03:30:00,host-32,rclone.exe,41,957,15.2,44,13,81,9,1,3,6.3,0,suspicious
2026-05-19T03:35:00,host-50,teams.exe,15,1845,10.4,51,0,1,2,0,0,3.4,0,benign
2026-05-19T03:40:00,host-54,excel.exe,0,499,0.0,83,7,4,3,1,4,4.1,0,benign
2026-05-19T03:45:00,host-55,chrome.exe,24,597,80.0,54,0,27,4,0,3,3.3,0,benign
2026-05-19T03:50:00,host-35,powershell.exe,83,891,337.3,68,57,19,12,1,26,8.7,1,suspicious
2026-05-19T03:55:00,host-24,encryptor.exe,95,110,434.2,168,214,40,5,0,87,8.2,0,suspicious
2026-05-19T04:00:00,host-12,explorer.exe,11,29,0.0,0,1,39,0,0,1,3.6,0,benign
2026-05-19T04:05:00,host-09,code.exe,31,489,45.2,54,2,89,4,0,0,5.8,0,benign
2026-05-19T04:10:00,host-53,python.exe,39,1269,20.6,12,5,20,1,0,0,5.3,0,benign
2026-05-19T04:15:00,host-14,teams.exe,25,0,44.7,38,0,53,0,0,0,4.8,0,benign
2026-05-19T04:20:00,host-07,chrome.exe,25,1134,0.0,109,0,37,2,0,0,4.4,0,benign
2026-05-19T04:25:00,host-44,code.exe,10,2243,23.2,79,6,85,2,0,5,4.8,0,benign
2026-05-19T04:30:00,host-55,powershell.exe,102,774,212.2,157,57,34,6,0,26,7.2,1,suspicious
2026-05-19T04:35:00,host-53,teams.exe,20,65,17.0,5,3,12,0,0,1,5.2,0,benign
2026-05-19T04:40:00,host-06,encryptor.exe,81,2240,337.6,399,207,24,4,1,105,8.5,1,suspicious
2026-05-19T04:45:00,host-01,explorer.exe,5,389,0.0,10,3,36,2,0,3,4.6,0,benign
2026-05-19T04:50:00,host-59,encryptor.exe,100,1309,431.8,386,173,27,3,1,21,8.1,1,suspicious
2026-05-19T04:55:00,host-49,teams.exe,13,810,0.0,0,0,64,6,0,1,3.5,0,benign
2026-05-19T05:00:00,host-14,teams.exe,47,1871,9.9,138,0,11,2,0,1,4.0,0,benign
2026-05-19T05:05:00,host-02,encryptor.exe,97,1638,377.6,135,185,0,3,1,117,8.4,1,suspicious
2026-05-19T05:10:00,host-36,excel.exe,11,1165,47.2,43,0,34,3,0,0,4.6,0,benign
2026-05-19T05:15:00,host-43,code.exe,62,1427,0.0,4,1,51,0,0,3,2.6,0,benign
2026-05-19T05:20:00,host-19,miner.exe,94,1155,0.0,13,3,23,4,0,2,4.3,0,suspicious
2026-05-19T05:25:00,host-18,chrome.exe,39,1109,61.9,15,1,11,3,0,0,5.3,0,benign
2026-05-19T05:30:00,host-43,miner.exe,98,1668,16.6,4,1,80,1,1,1,3.9,0,suspicious
2026-05-19T05:35:00,host-29,powershell.exe,86,162,100.5,13,75,50,9,0,5,6.1,1,suspicious
2026-05-19T05:40:00,host-48,miner.exe,102,1670,0.0,23,3,52,5,1,5,5.1,0,suspicious
2026-05-19T05:45:00,host-50,miner.exe,100,1470,5.1,0,0,65,1,1,3,4.5,0,suspicious
2026-05-19T05:50:00,host-20,excel.exe,38,1476,5.1,3,11,0,4,0,2,4.9,0,benign
2026-05-19T05:55:00,host-19,powershell.exe,133,188,2.4,190,69,64,4,0,44,6.3,1,suspicious
2026-05-19T06:00:00,host-25,teams.exe,3,251,49.7,0,7,31,1,0,3,4.5,0,benign
2026-05-19T06:05:00,host-21,excel.exe,25,1849,13.7,0,10,48,4,0,4,3.8,0,benign
2026-05-19T06:10:00,host-31,encryptor.exe,89,751,412.6,348,171,0,5,1,119,7.6,0,suspicious
2026-05-19T06:15:00,host-54,teams.exe,32,909,20.3,0,0,58,1,0,3,4.8,0,benign
2026-05-19T06:20:00,host-54,teams.exe,0,1522,7.5,37,3,29,0,0,2,3.1,0,benign
2026-05-19T06:25:00,host-59,outlook.exe,13,1258,0.0,35,0,26,0,0,2,4.0,0,benign
2026-05-19T06:30:00,host-53,python.exe,38,1222,52.5,43,0,19,5,0,0,4.6,0,benign
2026-05-19T06:35:00,host-30,teams.exe,21,476,33.1,42,0,30,1,0,3,4.2,0,benign
2026-05-19T06:40:00,host-10,explorer.exe,52,655,61.2,87,4,19,2,0,0,4.6,0,benign
2026-05-19T06:45:00,host-33,svchost.exe,37,786,52.5,31,1,7,2,0,2,4.3,0,benign
2026-05-19T06:50:00,host-22,teams.exe,35,391,34.9,71,8,8,4,0,0,4.2,0,benign
2026-05-19T06:55:00,host-11,python.exe,42,941,25.9,21,0,0,3,0,1,3.8,0,benign
2026-05-19T07:00:00,host-37,chrome.exe,62,2249,8.0,31,6,7,4,0,2,4.0,0,benign
2026-05-19T07:05:00,host-45,python.exe,37,1074,0.0,14,2,3,0,0,1,4.3,0,benign
2026-05-19T07:10:00,host-20,python.exe,57,109,0.0,9,7,34,0,0,0,3.6,0,benign
2026-05-19T07:15:00,host-31,chrome.exe,34,1014,42.0,49,8,44,0,0,1,3.8,0,benign
2026-05-19T07:20:00,host-07,encryptor.exe,79,478,338.2,395,146,54,3,1,76,8.8,0,suspicious
2026-05-19T07:25:00,host-54,outlook.exe,26,843,46.3,40,6,34,5,0,0,4.1,0,benign
2026-05-19T07:30:00,host-18,python.exe,7,1666,7.7,87,6,45,2,0,0,4.3,0,benign
2026-05-19T07:35:00,host-37,chrome.exe,48,1372,20.6,130,0,28,0,0,5,4.1,0,benign
